paper_id,experiment_id,method,method_role,repeat,budget_feasibility_rate,hypervolume,quality_index,ranking_stability,runtime_s,scenario_status,trace_completeness
mintou_p5,benchmark_portfolio_optimization,TRACE-MOEA,proposed,1,0.866281,0.672464,0.866572,0.832878,1.371151,synthetic_smoke_v0,0.912223
mintou_p5,benchmark_portfolio_optimization,TRACE-MOEA,proposed,2,0.867192,0.698295,0.886542,0.838979,1.299320,synthetic_smoke_v0,0.912733
mintou_p5,benchmark_portfolio_optimization,TRACE-MOEA,proposed,3,0.872260,0.686546,0.871126,0.832785,1.350887,synthetic_smoke_v0,0.909419
mintou_p5,benchmark_portfolio_optimization,TRACE-MOEA,proposed,4,0.858193,0.676525,0.869193,0.837379,1.053762,synthetic_smoke_v0,0.924493
mintou_p5,benchmark_portfolio_optimization,TRACE-MOEA,proposed,5,0.858273,0.688168,0.878957,0.849524,1.343045,synthetic_smoke_v0,0.924315
mintou_p5,benchmark_portfolio_optimization,NSGA-II,baseline,1,0.833911,0.613167,0.777822,0.806822,1.239258,synthetic_smoke_v0,0.867768
mintou_p5,benchmark_portfolio_optimization,NSGA-II,baseline,2,0.832057,0.619994,0.791250,0.803319,1.347815,synthetic_smoke_v0,0.875742
mintou_p5,benchmark_portfolio_optimization,NSGA-II,baseline,3,0.827416,0.600849,0.783087,0.789247,1.350368,synthetic_smoke_v0,0.876542
mintou_p5,benchmark_portfolio_optimization,NSGA-II,baseline,4,0.833738,0.619767,0.786168,0.804094,1.683262,synthetic_smoke_v0,0.874555
mintou_p5,benchmark_portfolio_optimization,NSGA-II,baseline,5,0.822370,0.603336,0.776285,0.806639,1.415414,synthetic_smoke_v0,0.879312
mintou_p5,benchmark_portfolio_optimization,MOEA/D,baseline,1,0.815296,0.582094,0.752360,0.797280,1.153984,synthetic_smoke_v0,0.867792
mintou_p5,benchmark_portfolio_optimization,MOEA/D,baseline,2,0.814266,0.580347,0.743160,0.786533,1.231651,synthetic_smoke_v0,0.871723
mintou_p5,benchmark_portfolio_optimization,MOEA/D,baseline,3,0.815803,0.575915,0.744272,0.792706,1.282114,synthetic_smoke_v0,0.869814
mintou_p5,benchmark_portfolio_optimization,MOEA/D,baseline,4,0.813165,0.576547,0.749899,0.792559,1.521537,synthetic_smoke_v0,0.855929
mintou_p5,benchmark_portfolio_optimization,MOEA/D,baseline,5,0.809681,0.589513,0.764564,0.791994,1.504302,synthetic_smoke_v0,0.862672
mintou_p5,benchmark_portfolio_optimization,Greedy BCR,baseline,1,0.756530,0.459829,0.601505,0.714994,0.396462,synthetic_smoke_v0,0.799557
mintou_p5,benchmark_portfolio_optimization,Greedy BCR,baseline,2,0.740159,0.466548,0.603637,0.726522,0.384949,synthetic_smoke_v0,0.800353
mintou_p5,benchmark_portfolio_optimization,Greedy BCR,baseline,3,0.738950,0.458029,0.591455,0.714531,0.398899,synthetic_smoke_v0,0.797641
mintou_p5,benchmark_portfolio_optimization,Greedy BCR,baseline,4,0.752762,0.470383,0.596341,0.715746,0.413793,synthetic_smoke_v0,0.795316
mintou_p5,benchmark_portfolio_optimization,Greedy BCR,baseline,5,0.741115,0.475908,0.609739,0.727812,0.393887,synthetic_smoke_v0,0.800251
mintou_p5,benchmark_portfolio_optimization,AHP,baseline,1,0.735524,0.465650,0.586710,0.702337,0.296362,synthetic_smoke_v0,0.794035
mintou_p5,benchmark_portfolio_optimization,AHP,baseline,2,0.728620,0.448419,0.572847,0.711202,0.321732,synthetic_smoke_v0,0.785399
mintou_p5,benchmark_portfolio_optimization,AHP,baseline,3,0.733895,0.457910,0.579200,0.694501,0.303120,synthetic_smoke_v0,0.792822
mintou_p5,benchmark_portfolio_optimization,AHP,baseline,4,0.741781,0.444274,0.575931,0.711427,0.333842,synthetic_smoke_v0,0.784482
mintou_p5,benchmark_portfolio_optimization,AHP,baseline,5,0.727436,0.435524,0.571088,0.710013,0.305159,synthetic_smoke_v0,0.785944
mintou_p5,benchmark_portfolio_optimization,TOPSIS,baseline,1,0.750586,0.478818,0.605202,0.723941,0.296563,synthetic_smoke_v0,0.797007
mintou_p5,benchmark_portfolio_optimization,TOPSIS,baseline,2,0.763750,0.490702,0.616370,0.731054,0.313136,synthetic_smoke_v0,0.803399
mintou_p5,benchmark_portfolio_optimization,TOPSIS,baseline,3,0.755833,0.478816,0.605407,0.713646,0.305205,synthetic_smoke_v0,0.802034
mintou_p5,benchmark_portfolio_optimization,TOPSIS,baseline,4,0.743096,0.473167,0.610968,0.725055,0.313355,synthetic_smoke_v0,0.804612
mintou_p5,benchmark_portfolio_optimization,TOPSIS,baseline,5,0.771373,0.468012,0.612034,0.717871,0.334822,synthetic_smoke_v0,0.809194
mintou_p5,benchmark_portfolio_optimization,Weighted Sum,baseline,1,0.774672,0.512871,0.651442,0.731080,0.525355,synthetic_smoke_v0,0.827974
mintou_p5,benchmark_portfolio_optimization,Weighted Sum,baseline,2,0.758595,0.495939,0.627949,0.726869,0.543716,synthetic_smoke_v0,0.806558
mintou_p5,benchmark_portfolio_optimization,Weighted Sum,baseline,3,0.757589,0.497310,0.633028,0.737445,0.602273,synthetic_smoke_v0,0.810334
mintou_p5,benchmark_portfolio_optimization,Weighted Sum,baseline,4,0.761391,0.496472,0.624494,0.736058,0.524702,synthetic_smoke_v0,0.821781
mintou_p5,benchmark_portfolio_optimization,Weighted Sum,baseline,5,0.783473,0.518943,0.654381,0.730437,0.588207,synthetic_smoke_v0,0.830718
mintou_p5,benchmark_portfolio_optimization,no_feasibility_repair,ablation,1,0.848036,0.664035,0.839131,0.823239,0.930450,synthetic_smoke_v0,0.906736
mintou_p5,benchmark_portfolio_optimization,no_feasibility_repair,ablation,2,0.851195,0.642877,0.833473,0.821049,0.914850,synthetic_smoke_v0,0.908490
mintou_p5,benchmark_portfolio_optimization,no_feasibility_repair,ablation,3,0.834670,0.642970,0.831971,0.833668,1.026877,synthetic_smoke_v0,0.901300
mintou_p5,benchmark_portfolio_optimization,no_feasibility_repair,ablation,4,0.854250,0.651849,0.836305,0.816085,1.046485,synthetic_smoke_v0,0.896805
mintou_p5,benchmark_portfolio_optimization,no_feasibility_repair,ablation,5,0.867062,0.666919,0.849011,0.840415,1.035319,synthetic_smoke_v0,0.915246
mintou_p5,benchmark_portfolio_optimization,no_preference_ranking,ablation,1,0.846239,0.618169,0.805202,0.820757,1.174715,synthetic_smoke_v0,0.878832
mintou_p5,benchmark_portfolio_optimization,no_preference_ranking,ablation,2,0.835358,0.636445,0.803640,0.799675,1.189652,synthetic_smoke_v0,0.893590
mintou_p5,benchmark_portfolio_optimization,no_preference_ranking,ablation,3,0.848823,0.618195,0.804983,0.806369,0.974201,synthetic_smoke_v0,0.888832
mintou_p5,benchmark_portfolio_optimization,no_preference_ranking,ablation,4,0.858290,0.648127,0.825535,0.822833,1.268274,synthetic_smoke_v0,0.893005
mintou_p5,benchmark_portfolio_optimization,no_preference_ranking,ablation,5,0.852173,0.631539,0.816973,0.827433,1.306490,synthetic_smoke_v0,0.899073
mintou_p5,benchmark_portfolio_optimization,no_reliability_features,ablation,1,0.845569,0.634501,0.813280,0.809552,1.103204,synthetic_smoke_v0,0.900945
mintou_p5,benchmark_portfolio_optimization,no_reliability_features,ablation,2,0.832898,0.630697,0.809804,0.816960,1.151042,synthetic_smoke_v0,0.881080
mintou_p5,benchmark_portfolio_optimization,no_reliability_features,ablation,3,0.830302,0.615414,0.791865,0.812786,0.957401,synthetic_smoke_v0,0.873291
mintou_p5,benchmark_portfolio_optimization,no_reliability_features,ablation,4,0.819857,0.614199,0.790405,0.815579,1.013018,synthetic_smoke_v0,0.872105
mintou_p5,benchmark_portfolio_optimization,no_reliability_features,ablation,5,0.823869,0.613587,0.781019,0.788006,1.107141,synthetic_smoke_v0,0.887654
mintou_p5,benchmark_portfolio_optimization,no_renewable_features,ablation,1,0.823338,0.602552,0.771148,0.793397,1.127375,synthetic_smoke_v0,0.864561
mintou_p5,benchmark_portfolio_optimization,no_renewable_features,ablation,2,0.818992,0.615288,0.776733,0.796173,1.313771,synthetic_smoke_v0,0.885263
mintou_p5,benchmark_portfolio_optimization,no_renewable_features,ablation,3,0.833284,0.601198,0.769558,0.801556,1.306201,synthetic_smoke_v0,0.880771
mintou_p5,benchmark_portfolio_optimization,no_renewable_features,ablation,4,0.824171,0.607251,0.774425,0.799407,1.170295,synthetic_smoke_v0,0.885087
mintou_p5,benchmark_portfolio_optimization,no_renewable_features,ablation,5,0.814101,0.602902,0.770934,0.798524,1.055171,synthetic_smoke_v0,0.877110
mintou_p5,benchmark_portfolio_optimization,no_schedule_risk,ablation,1,0.835948,0.601423,0.777326,0.794394,1.234488,synthetic_smoke_v0,0.873142
mintou_p5,benchmark_portfolio_optimization,no_schedule_risk,ablation,2,0.814326,0.594266,0.768948,0.802550,1.165969,synthetic_smoke_v0,0.878894
mintou_p5,benchmark_portfolio_optimization,no_schedule_risk,ablation,3,0.805822,0.582515,0.754862,0.789141,1.326909,synthetic_smoke_v0,0.872157
mintou_p5,benchmark_portfolio_optimization,no_schedule_risk,ablation,4,0.820770,0.585168,0.754975,0.782051,1.228509,synthetic_smoke_v0,0.869657
mintou_p5,benchmark_portfolio_optimization,no_schedule_risk,ablation,5,0.809081,0.589301,0.761038,0.790012,1.151480,synthetic_smoke_v0,0.876278
mintou_p5,benchmark_portfolio_optimization,single_weighted_objective,ablation,1,0.809574,0.590213,0.750310,0.776057,1.330826,synthetic_smoke_v0,0.873657
mintou_p5,benchmark_portfolio_optimization,single_weighted_objective,ablation,2,0.797813,0.571746,0.725717,0.772658,1.200159,synthetic_smoke_v0,0.852796
mintou_p5,benchmark_portfolio_optimization,single_weighted_objective,ablation,3,0.831091,0.586785,0.754858,0.794288,1.406402,synthetic_smoke_v0,0.873063
mintou_p5,benchmark_portfolio_optimization,single_weighted_objective,ablation,4,0.814268,0.567552,0.728793,0.786175,1.295080,synthetic_smoke_v0,0.864870
mintou_p5,benchmark_portfolio_optimization,single_weighted_objective,ablation,5,0.803211,0.578661,0.731097,0.775804,1.085544,synthetic_smoke_v0,0.852693
mintou_p5,benchmark_portfolio_optimization,nsga2_only,ablation,1,0.800066,0.568507,0.719694,0.759767,1.014817,synthetic_smoke_v0,0.851166
mintou_p5,benchmark_portfolio_optimization,nsga2_only,ablation,2,0.801121,0.552295,0.719382,0.780656,1.223036,synthetic_smoke_v0,0.859658
mintou_p5,benchmark_portfolio_optimization,nsga2_only,ablation,3,0.788019,0.561211,0.709979,0.758756,1.210763,synthetic_smoke_v0,0.846120
mintou_p5,benchmark_portfolio_optimization,nsga2_only,ablation,4,0.797194,0.565167,0.722873,0.780604,1.295785,synthetic_smoke_v0,0.845906
mintou_p5,benchmark_portfolio_optimization,nsga2_only,ablation,5,0.822191,0.564211,0.735597,0.776523,1.343056,synthetic_smoke_v0,0.856601
mintou_p5,benchmark_portfolio_optimization,small_project_pool,ablation,1,0.787861,0.554871,0.718638,0.777230,1.070531,synthetic_smoke_v0,0.845220
mintou_p5,benchmark_portfolio_optimization,small_project_pool,ablation,2,0.799606,0.548430,0.714991,0.780335,1.421499,synthetic_smoke_v0,0.855372
mintou_p5,benchmark_portfolio_optimization,small_project_pool,ablation,3,0.798029,0.539662,0.695024,0.756548,1.063439,synthetic_smoke_v0,0.834620
mintou_p5,benchmark_portfolio_optimization,small_project_pool,ablation,4,0.780430,0.542687,0.701331,0.771734,1.433034,synthetic_smoke_v0,0.836256
mintou_p5,benchmark_portfolio_optimization,small_project_pool,ablation,5,0.797633,0.553826,0.721162,0.781884,1.520186,synthetic_smoke_v0,0.850519
mintou_p5,distribution_project_review,TRACE-MOEA,proposed,1,0.839485,0.666211,0.842446,0.838134,1.301443,synthetic_smoke_v0,0.898402
mintou_p5,distribution_project_review,TRACE-MOEA,proposed,2,0.859608,0.649951,0.838895,0.828559,1.212381,synthetic_smoke_v0,0.894164
mintou_p5,distribution_project_review,TRACE-MOEA,proposed,3,0.834774,0.624375,0.812634,0.803719,1.293707,synthetic_smoke_v0,0.899665
mintou_p5,distribution_project_review,TRACE-MOEA,proposed,4,0.836399,0.634574,0.812543,0.803645,1.110660,synthetic_smoke_v0,0.889224
mintou_p5,distribution_project_review,TRACE-MOEA,proposed,5,0.855202,0.649230,0.828572,0.819276,1.547576,synthetic_smoke_v0,0.898028
mintou_p5,distribution_project_review,NSGA-II,baseline,1,0.809805,0.581732,0.740040,0.781826,1.261936,synthetic_smoke_v0,0.863878
mintou_p5,distribution_project_review,NSGA-II,baseline,2,0.810783,0.596640,0.759686,0.797454,1.567420,synthetic_smoke_v0,0.876883
mintou_p5,distribution_project_review,NSGA-II,baseline,3,0.807525,0.579057,0.755088,0.780797,1.579357,synthetic_smoke_v0,0.861616
mintou_p5,distribution_project_review,NSGA-II,baseline,4,0.803354,0.572041,0.737216,0.786768,1.547187,synthetic_smoke_v0,0.864972
mintou_p5,distribution_project_review,NSGA-II,baseline,5,0.804955,0.582591,0.757723,0.790854,1.404291,synthetic_smoke_v0,0.875782
mintou_p5,distribution_project_review,MOEA/D,baseline,1,0.798347,0.558875,0.706480,0.767396,1.401378,synthetic_smoke_v0,0.852230
mintou_p5,distribution_project_review,MOEA/D,baseline,2,0.813034,0.552963,0.712116,0.763741,1.423909,synthetic_smoke_v0,0.851862
mintou_p5,distribution_project_review,MOEA/D,baseline,3,0.795100,0.560994,0.724274,0.762289,1.242396,synthetic_smoke_v0,0.847100
mintou_p5,distribution_project_review,MOEA/D,baseline,4,0.799660,0.571574,0.721365,0.774809,1.291919,synthetic_smoke_v0,0.856600
mintou_p5,distribution_project_review,MOEA/D,baseline,5,0.819192,0.581605,0.733620,0.781284,1.241763,synthetic_smoke_v0,0.854241
mintou_p5,distribution_project_review,Greedy BCR,baseline,1,0.749501,0.467770,0.590406,0.709418,0.386972,synthetic_smoke_v0,0.797843
mintou_p5,distribution_project_review,Greedy BCR,baseline,2,0.734957,0.448976,0.567452,0.690046,0.389678,synthetic_smoke_v0,0.789507
mintou_p5,distribution_project_review,Greedy BCR,baseline,3,0.745930,0.460389,0.589255,0.706659,0.404248,synthetic_smoke_v0,0.788445
mintou_p5,distribution_project_review,Greedy BCR,baseline,4,0.746362,0.461813,0.585965,0.715143,0.426342,synthetic_smoke_v0,0.797337
mintou_p5,distribution_project_review,Greedy BCR,baseline,5,0.744511,0.442256,0.579279,0.697851,0.379700,synthetic_smoke_v0,0.796430
mintou_p5,distribution_project_review,AHP,baseline,1,0.724910,0.445952,0.560992,0.709732,0.327387,synthetic_smoke_v0,0.790037
mintou_p5,distribution_project_review,AHP,baseline,2,0.738873,0.449227,0.574007,0.707448,0.305701,synthetic_smoke_v0,0.791028
mintou_p5,distribution_project_review,AHP,baseline,3,0.742173,0.424601,0.545867,0.702370,0.318240,synthetic_smoke_v0,0.775357
mintou_p5,distribution_project_review,AHP,baseline,4,0.723278,0.416205,0.544708,0.680706,0.328759,synthetic_smoke_v0,0.781265
mintou_p5,distribution_project_review,AHP,baseline,5,0.750958,0.458260,0.574946,0.716439,0.319999,synthetic_smoke_v0,0.799579
mintou_p5,distribution_project_review,TOPSIS,baseline,1,0.735955,0.436302,0.565873,0.706861,0.335025,synthetic_smoke_v0,0.794158
mintou_p5,distribution_project_review,TOPSIS,baseline,2,0.732090,0.442745,0.566144,0.704046,0.306228,synthetic_smoke_v0,0.778958
mintou_p5,distribution_project_review,TOPSIS,baseline,3,0.734272,0.457467,0.589171,0.702119,0.297351,synthetic_smoke_v0,0.797906
mintou_p5,distribution_project_review,TOPSIS,baseline,4,0.739117,0.453670,0.585408,0.709390,0.305178,synthetic_smoke_v0,0.798532
mintou_p5,distribution_project_review,TOPSIS,baseline,5,0.739370,0.463573,0.584188,0.701926,0.339067,synthetic_smoke_v0,0.785408
mintou_p5,distribution_project_review,Weighted Sum,baseline,1,0.740750,0.471284,0.601698,0.714026,0.606009,synthetic_smoke_v0,0.795431
mintou_p5,distribution_project_review,Weighted Sum,baseline,2,0.753914,0.479571,0.618312,0.729884,0.494074,synthetic_smoke_v0,0.807725
mintou_p5,distribution_project_review,Weighted Sum,baseline,3,0.744665,0.457417,0.589612,0.701308,0.611822,synthetic_smoke_v0,0.802570
mintou_p5,distribution_project_review,Weighted Sum,baseline,4,0.762527,0.466267,0.605975,0.726335,0.493104,synthetic_smoke_v0,0.805459
mintou_p5,distribution_project_review,Weighted Sum,baseline,5,0.746880,0.463124,0.594476,0.719078,0.594561,synthetic_smoke_v0,0.790570
mintou_p5,distribution_project_review,no_feasibility_repair,ablation,1,0.852494,0.637288,0.804918,0.799866,1.185228,synthetic_smoke_v0,0.882561
mintou_p5,distribution_project_review,no_feasibility_repair,ablation,2,0.834734,0.607677,0.780779,0.800785,1.155004,synthetic_smoke_v0,0.871270
mintou_p5,distribution_project_review,no_feasibility_repair,ablation,3,0.816645,0.621550,0.788901,0.813047,1.028921,synthetic_smoke_v0,0.875121
mintou_p5,distribution_project_review,no_feasibility_repair,ablation,4,0.821174,0.625217,0.794169,0.795245,0.956916,synthetic_smoke_v0,0.879387
mintou_p5,distribution_project_review,no_feasibility_repair,ablation,5,0.835635,0.621322,0.787633,0.797282,1.111359,synthetic_smoke_v0,0.877185
mintou_p5,distribution_project_review,no_preference_ranking,ablation,1,0.836069,0.612610,0.779790,0.805006,1.041796,synthetic_smoke_v0,0.878352
mintou_p5,distribution_project_review,no_preference_ranking,ablation,2,0.832498,0.614900,0.789271,0.798198,1.142890,synthetic_smoke_v0,0.889877
mintou_p5,distribution_project_review,no_preference_ranking,ablation,3,0.835211,0.608436,0.784135,0.800215,1.300620,synthetic_smoke_v0,0.874042
mintou_p5,distribution_project_review,no_preference_ranking,ablation,4,0.819721,0.610317,0.778004,0.809586,1.194643,synthetic_smoke_v0,0.878062
mintou_p5,distribution_project_review,no_preference_ranking,ablation,5,0.839572,0.625490,0.789409,0.800347,1.064106,synthetic_smoke_v0,0.883620
mintou_p5,distribution_project_review,no_reliability_features,ablation,1,0.821997,0.570765,0.741663,0.792068,1.209388,synthetic_smoke_v0,0.857064
mintou_p5,distribution_project_review,no_reliability_features,ablation,2,0.818979,0.586674,0.744903,0.778087,1.138098,synthetic_smoke_v0,0.852976
mintou_p5,distribution_project_review,no_reliability_features,ablation,3,0.809550,0.596184,0.769150,0.798717,1.041623,synthetic_smoke_v0,0.871079
mintou_p5,distribution_project_review,no_reliability_features,ablation,4,0.805723,0.591667,0.762239,0.792297,1.294929,synthetic_smoke_v0,0.874685
mintou_p5,distribution_project_review,no_reliability_features,ablation,5,0.810363,0.572665,0.743824,0.792216,1.293266,synthetic_smoke_v0,0.868514
mintou_p5,distribution_project_review,no_renewable_features,ablation,1,0.817457,0.587206,0.743545,0.792031,1.027844,synthetic_smoke_v0,0.852989
mintou_p5,distribution_project_review,no_renewable_features,ablation,2,0.798483,0.568541,0.727098,0.765938,1.013052,synthetic_smoke_v0,0.847056
mintou_p5,distribution_project_review,no_renewable_features,ablation,3,0.811319,0.565686,0.729230,0.779676,1.232991,synthetic_smoke_v0,0.861325
mintou_p5,distribution_project_review,no_renewable_features,ablation,4,0.809121,0.584898,0.740917,0.783798,1.306752,synthetic_smoke_v0,0.858934
mintou_p5,distribution_project_review,no_renewable_features,ablation,5,0.810501,0.579269,0.732773,0.766594,1.435234,synthetic_smoke_v0,0.856778
mintou_p5,distribution_project_review,no_schedule_risk,ablation,1,0.788709,0.555572,0.718329,0.763808,1.254870,synthetic_smoke_v0,0.841914
mintou_p5,distribution_project_review,no_schedule_risk,ablation,2,0.792766,0.561908,0.730758,0.780689,1.396451,synthetic_smoke_v0,0.851650
mintou_p5,distribution_project_review,no_schedule_risk,ablation,3,0.789430,0.548934,0.711584,0.769108,1.241828,synthetic_smoke_v0,0.853388
mintou_p5,distribution_project_review,no_schedule_risk,ablation,4,0.798895,0.576044,0.727533,0.783324,1.108478,synthetic_smoke_v0,0.848526
mintou_p5,distribution_project_review,no_schedule_risk,ablation,5,0.811052,0.568948,0.740939,0.775696,1.131829,synthetic_smoke_v0,0.853652
mintou_p5,distribution_project_review,single_weighted_objective,ablation,1,0.803525,0.534370,0.696311,0.769954,1.291090,synthetic_smoke_v0,0.851152
mintou_p5,distribution_project_review,single_weighted_objective,ablation,2,0.787514,0.544896,0.708085,0.762638,1.411037,synthetic_smoke_v0,0.845598
mintou_p5,distribution_project_review,single_weighted_objective,ablation,3,0.800566,0.549492,0.704136,0.769859,1.430297,synthetic_smoke_v0,0.846793
mintou_p5,distribution_project_review,single_weighted_objective,ablation,4,0.810951,0.564071,0.710766,0.764002,1.219841,synthetic_smoke_v0,0.852393
mintou_p5,distribution_project_review,single_weighted_objective,ablation,5,0.805131,0.555068,0.705416,0.764280,1.517200,synthetic_smoke_v0,0.849159
mintou_p5,distribution_project_review,nsga2_only,ablation,1,0.802306,0.551493,0.702579,0.770532,1.148612,synthetic_smoke_v0,0.853022
mintou_p5,distribution_project_review,nsga2_only,ablation,2,0.799964,0.541100,0.688714,0.756023,1.225232,synthetic_smoke_v0,0.838604
mintou_p5,distribution_project_review,nsga2_only,ablation,3,0.798424,0.539914,0.702766,0.768093,1.380750,synthetic_smoke_v0,0.845637
mintou_p5,distribution_project_review,nsga2_only,ablation,4,0.782911,0.541867,0.698786,0.764531,1.237346,synthetic_smoke_v0,0.835199
mintou_p5,distribution_project_review,nsga2_only,ablation,5,0.788595,0.529629,0.685188,0.754772,1.264782,synthetic_smoke_v0,0.842389
mintou_p5,distribution_project_review,small_project_pool,ablation,1,0.765269,0.503605,0.655300,0.745405,1.500927,synthetic_smoke_v0,0.825747
mintou_p5,distribution_project_review,small_project_pool,ablation,2,0.786938,0.519718,0.658031,0.737086,1.424832,synthetic_smoke_v0,0.828013
mintou_p5,distribution_project_review,small_project_pool,ablation,3,0.780063,0.521838,0.666305,0.754395,1.273891,synthetic_smoke_v0,0.838535
mintou_p5,distribution_project_review,small_project_pool,ablation,4,0.796570,0.526178,0.681224,0.754060,1.165956,synthetic_smoke_v0,0.838341
mintou_p5,distribution_project_review,small_project_pool,ablation,5,0.787131,0.528253,0.669534,0.754047,1.443081,synthetic_smoke_v0,0.826244
mintou_p5,reliability_driven_review,TRACE-MOEA,proposed,1,0.827194,0.624602,0.804669,0.818683,1.486077,synthetic_smoke_v0,0.878619
mintou_p5,reliability_driven_review,TRACE-MOEA,proposed,2,0.840249,0.625320,0.810914,0.815027,1.393523,synthetic_smoke_v0,0.894176
mintou_p5,reliability_driven_review,TRACE-MOEA,proposed,3,0.817804,0.624844,0.788351,0.804159,1.388808,synthetic_smoke_v0,0.883623
mintou_p5,reliability_driven_review,TRACE-MOEA,proposed,4,0.833496,0.604402,0.783102,0.806386,1.322986,synthetic_smoke_v0,0.873570
mintou_p5,reliability_driven_review,TRACE-MOEA,proposed,5,0.844516,0.614604,0.792819,0.796439,1.289509,synthetic_smoke_v0,0.888929
mintou_p5,reliability_driven_review,NSGA-II,baseline,1,0.811511,0.580441,0.737115,0.779256,1.686427,synthetic_smoke_v0,0.855842
mintou_p5,reliability_driven_review,NSGA-II,baseline,2,0.804085,0.556233,0.718295,0.765190,1.796614,synthetic_smoke_v0,0.852651
mintou_p5,reliability_driven_review,NSGA-II,baseline,3,0.799229,0.554021,0.709438,0.768582,1.651766,synthetic_smoke_v0,0.852832
mintou_p5,reliability_driven_review,NSGA-II,baseline,4,0.797488,0.570915,0.735972,0.788894,1.552776,synthetic_smoke_v0,0.850982
mintou_p5,reliability_driven_review,NSGA-II,baseline,5,0.795747,0.559963,0.713191,0.766864,1.867502,synthetic_smoke_v0,0.842828
mintou_p5,reliability_driven_review,MOEA/D,baseline,1,0.798583,0.541929,0.686798,0.761732,1.586365,synthetic_smoke_v0,0.836450
mintou_p5,reliability_driven_review,MOEA/D,baseline,2,0.777900,0.540284,0.688528,0.757589,1.285272,synthetic_smoke_v0,0.847582
mintou_p5,reliability_driven_review,MOEA/D,baseline,3,0.785259,0.554202,0.704681,0.752886,1.612965,synthetic_smoke_v0,0.838438
mintou_p5,reliability_driven_review,MOEA/D,baseline,4,0.788130,0.532432,0.689746,0.768669,1.478245,synthetic_smoke_v0,0.838063
mintou_p5,reliability_driven_review,MOEA/D,baseline,5,0.788032,0.555798,0.705321,0.753636,1.336556,synthetic_smoke_v0,0.851220
mintou_p5,reliability_driven_review,Greedy BCR,baseline,1,0.734871,0.426670,0.551019,0.690172,0.404656,synthetic_smoke_v0,0.772729
mintou_p5,reliability_driven_review,Greedy BCR,baseline,2,0.743975,0.424783,0.545403,0.686783,0.357705,synthetic_smoke_v0,0.772221
mintou_p5,reliability_driven_review,Greedy BCR,baseline,3,0.743121,0.440092,0.553371,0.699898,0.382837,synthetic_smoke_v0,0.782688
mintou_p5,reliability_driven_review,Greedy BCR,baseline,4,0.736946,0.433378,0.566542,0.702863,0.381723,synthetic_smoke_v0,0.782360
mintou_p5,reliability_driven_review,Greedy BCR,baseline,5,0.742320,0.424581,0.545863,0.693503,0.382878,synthetic_smoke_v0,0.780199
mintou_p5,reliability_driven_review,AHP,baseline,1,0.737184,0.435981,0.550783,0.685249,0.303671,synthetic_smoke_v0,0.776610
mintou_p5,reliability_driven_review,AHP,baseline,2,0.718986,0.434231,0.551229,0.689866,0.320696,synthetic_smoke_v0,0.782913
mintou_p5,reliability_driven_review,AHP,baseline,3,0.713429,0.417926,0.536343,0.690517,0.306146,synthetic_smoke_v0,0.769593
mintou_p5,reliability_driven_review,AHP,baseline,4,0.724495,0.420479,0.534421,0.677430,0.343602,synthetic_smoke_v0,0.770212
mintou_p5,reliability_driven_review,AHP,baseline,5,0.716883,0.435348,0.545332,0.696287,0.347135,synthetic_smoke_v0,0.780926
mintou_p5,reliability_driven_review,TOPSIS,baseline,1,0.751591,0.434159,0.569415,0.713662,0.292089,synthetic_smoke_v0,0.793240
mintou_p5,reliability_driven_review,TOPSIS,baseline,2,0.724618,0.416961,0.545798,0.687688,0.325229,synthetic_smoke_v0,0.788485
mintou_p5,reliability_driven_review,TOPSIS,baseline,3,0.720691,0.414052,0.543018,0.679245,0.320273,synthetic_smoke_v0,0.787325
mintou_p5,reliability_driven_review,TOPSIS,baseline,4,0.739214,0.449688,0.569077,0.693439,0.314528,synthetic_smoke_v0,0.781040
mintou_p5,reliability_driven_review,TOPSIS,baseline,5,0.727597,0.431340,0.552170,0.697952,0.373600,synthetic_smoke_v0,0.776719
mintou_p5,reliability_driven_review,Weighted Sum,baseline,1,0.735863,0.449773,0.570625,0.703263,0.524358,synthetic_smoke_v0,0.785386
mintou_p5,reliability_driven_review,Weighted Sum,baseline,2,0.741319,0.463637,0.597189,0.717607,0.624262,synthetic_smoke_v0,0.791802
mintou_p5,reliability_driven_review,Weighted Sum,baseline,3,0.751561,0.439375,0.574058,0.705142,0.619456,synthetic_smoke_v0,0.784530
mintou_p5,reliability_driven_review,Weighted Sum,baseline,4,0.756517,0.454023,0.576955,0.715038,0.571374,synthetic_smoke_v0,0.784017
mintou_p5,reliability_driven_review,Weighted Sum,baseline,5,0.745560,0.465219,0.594895,0.710191,0.621163,synthetic_smoke_v0,0.799447
mintou_p5,reliability_driven_review,no_feasibility_repair,ablation,1,0.831925,0.595057,0.756416,0.778300,1.060856,synthetic_smoke_v0,0.859758
mintou_p5,reliability_driven_review,no_feasibility_repair,ablation,2,0.824955,0.612506,0.779321,0.792860,1.035801,synthetic_smoke_v0,0.877639
mintou_p5,reliability_driven_review,no_feasibility_repair,ablation,3,0.833841,0.595420,0.761881,0.795239,1.170345,synthetic_smoke_v0,0.863762
mintou_p5,reliability_driven_review,no_feasibility_repair,ablation,4,0.825345,0.603741,0.773572,0.802825,1.054637,synthetic_smoke_v0,0.884582
mintou_p5,reliability_driven_review,no_feasibility_repair,ablation,5,0.804589,0.582995,0.747986,0.784881,1.135059,synthetic_smoke_v0,0.855184
mintou_p5,reliability_driven_review,no_preference_ranking,ablation,1,0.812658,0.589060,0.756197,0.787477,1.187510,synthetic_smoke_v0,0.870558
mintou_p5,reliability_driven_review,no_preference_ranking,ablation,2,0.811447,0.570706,0.742659,0.785304,1.265293,synthetic_smoke_v0,0.856205
mintou_p5,reliability_driven_review,no_preference_ranking,ablation,3,0.809549,0.584070,0.745174,0.786572,1.240687,synthetic_smoke_v0,0.867947
mintou_p5,reliability_driven_review,no_preference_ranking,ablation,4,0.821142,0.597471,0.753428,0.779921,1.178526,synthetic_smoke_v0,0.865689
mintou_p5,reliability_driven_review,no_preference_ranking,ablation,5,0.827576,0.589544,0.760041,0.797276,1.166292,synthetic_smoke_v0,0.875214
mintou_p5,reliability_driven_review,no_reliability_features,ablation,1,0.823308,0.577314,0.742849,0.775504,1.156891,synthetic_smoke_v0,0.862072
mintou_p5,reliability_driven_review,no_reliability_features,ablation,2,0.802383,0.566721,0.721183,0.777949,1.263139,synthetic_smoke_v0,0.847570
mintou_p5,reliability_driven_review,no_reliability_features,ablation,3,0.811747,0.587721,0.741686,0.787131,1.393342,synthetic_smoke_v0,0.870848
mintou_p5,reliability_driven_review,no_reliability_features,ablation,4,0.790448,0.565041,0.717214,0.769948,1.076671,synthetic_smoke_v0,0.852198
mintou_p5,reliability_driven_review,no_reliability_features,ablation,5,0.798862,0.568387,0.721013,0.780925,1.426221,synthetic_smoke_v0,0.855097
mintou_p5,reliability_driven_review,no_renewable_features,ablation,1,0.796228,0.553445,0.700277,0.771348,1.231906,synthetic_smoke_v0,0.851453
mintou_p5,reliability_driven_review,no_renewable_features,ablation,2,0.794769,0.569801,0.725872,0.776073,1.239216,synthetic_smoke_v0,0.857747
mintou_p5,reliability_driven_review,no_renewable_features,ablation,3,0.816855,0.571480,0.724607,0.767095,1.429313,synthetic_smoke_v0,0.852612
mintou_p5,reliability_driven_review,no_renewable_features,ablation,4,0.799393,0.562698,0.725893,0.782072,1.083277,synthetic_smoke_v0,0.847787
mintou_p5,reliability_driven_review,no_renewable_features,ablation,5,0.802494,0.574056,0.723676,0.781089,1.096165,synthetic_smoke_v0,0.857262
mintou_p5,reliability_driven_review,no_schedule_risk,ablation,1,0.780311,0.538213,0.683820,0.745969,1.360333,synthetic_smoke_v0,0.840441
mintou_p5,reliability_driven_review,no_schedule_risk,ablation,2,0.773714,0.528775,0.681988,0.754416,1.276975,synthetic_smoke_v0,0.829074
mintou_p5,reliability_driven_review,no_schedule_risk,ablation,3,0.790134,0.544380,0.698731,0.768325,1.484347,synthetic_smoke_v0,0.836151
mintou_p5,reliability_driven_review,no_schedule_risk,ablation,4,0.783977,0.558351,0.707856,0.773008,1.089879,synthetic_smoke_v0,0.844793
mintou_p5,reliability_driven_review,no_schedule_risk,ablation,5,0.791623,0.549742,0.694582,0.750509,1.341365,synthetic_smoke_v0,0.848838
mintou_p5,reliability_driven_review,single_weighted_objective,ablation,1,0.773109,0.535448,0.678697,0.752541,1.242010,synthetic_smoke_v0,0.828026
mintou_p5,reliability_driven_review,single_weighted_objective,ablation,2,0.799025,0.543960,0.690085,0.769419,1.409279,synthetic_smoke_v0,0.839527
mintou_p5,reliability_driven_review,single_weighted_objective,ablation,3,0.770640,0.514312,0.666693,0.755969,1.418111,synthetic_smoke_v0,0.830960
mintou_p5,reliability_driven_review,single_weighted_objective,ablation,4,0.780025,0.533810,0.685592,0.756436,1.403425,synthetic_smoke_v0,0.842251
mintou_p5,reliability_driven_review,single_weighted_objective,ablation,5,0.789330,0.516494,0.667843,0.742304,1.242448,synthetic_smoke_v0,0.833391
mintou_p5,reliability_driven_review,nsga2_only,ablation,1,0.769878,0.508470,0.659697,0.749560,1.386291,synthetic_smoke_v0,0.836823
mintou_p5,reliability_driven_review,nsga2_only,ablation,2,0.759221,0.503781,0.651062,0.739430,1.271100,synthetic_smoke_v0,0.830295
mintou_p5,reliability_driven_review,nsga2_only,ablation,3,0.766391,0.512398,0.664357,0.740462,1.379655,synthetic_smoke_v0,0.832537
mintou_p5,reliability_driven_review,nsga2_only,ablation,4,0.778192,0.521456,0.674730,0.749428,1.436477,synthetic_smoke_v0,0.830047
mintou_p5,reliability_driven_review,nsga2_only,ablation,5,0.789737,0.524900,0.661907,0.741980,1.165124,synthetic_smoke_v0,0.826271
mintou_p5,reliability_driven_review,small_project_pool,ablation,1,0.775713,0.510389,0.650913,0.742173,1.462649,synthetic_smoke_v0,0.827117
mintou_p5,reliability_driven_review,small_project_pool,ablation,2,0.778551,0.498889,0.647040,0.735365,1.226493,synthetic_smoke_v0,0.820446
mintou_p5,reliability_driven_review,small_project_pool,ablation,3,0.788645,0.511033,0.661191,0.744153,1.191753,synthetic_smoke_v0,0.829724
mintou_p5,reliability_driven_review,small_project_pool,ablation,4,0.776927,0.493385,0.645257,0.736937,1.566487,synthetic_smoke_v0,0.829524
mintou_p5,reliability_driven_review,small_project_pool,ablation,5,0.769828,0.487914,0.631809,0.739379,1.398496,synthetic_smoke_v0,0.807785
mintou_p5,renewable_accommodation_review,TRACE-MOEA,proposed,1,0.840757,0.629558,0.813970,0.807760,1.369064,synthetic_smoke_v0,0.891967
mintou_p5,renewable_accommodation_review,TRACE-MOEA,proposed,2,0.834126,0.628244,0.817371,0.819796,1.486685,synthetic_smoke_v0,0.887912
mintou_p5,renewable_accommodation_review,TRACE-MOEA,proposed,3,0.841680,0.638150,0.805361,0.805735,1.527174,synthetic_smoke_v0,0.884169
mintou_p5,renewable_accommodation_review,TRACE-MOEA,proposed,4,0.849278,0.643865,0.835258,0.817416,1.363489,synthetic_smoke_v0,0.908616
mintou_p5,renewable_accommodation_review,TRACE-MOEA,proposed,5,0.839796,0.646717,0.823244,0.807727,1.203471,synthetic_smoke_v0,0.894218
mintou_p5,renewable_accommodation_review,NSGA-II,baseline,1,0.804975,0.593500,0.748289,0.791270,1.474924,synthetic_smoke_v0,0.856252
mintou_p5,renewable_accommodation_review,NSGA-II,baseline,2,0.799315,0.573876,0.732206,0.769380,1.650006,synthetic_smoke_v0,0.864455
mintou_p5,renewable_accommodation_review,NSGA-II,baseline,3,0.797656,0.567666,0.729368,0.765169,1.626818,synthetic_smoke_v0,0.858689
mintou_p5,renewable_accommodation_review,NSGA-II,baseline,4,0.811378,0.580302,0.744261,0.786513,1.402529,synthetic_smoke_v0,0.868006
mintou_p5,renewable_accommodation_review,NSGA-II,baseline,5,0.795527,0.571782,0.727794,0.765822,1.336063,synthetic_smoke_v0,0.865107
mintou_p5,renewable_accommodation_review,MOEA/D,baseline,1,0.791424,0.561856,0.714911,0.772799,1.264887,synthetic_smoke_v0,0.844244
mintou_p5,renewable_accommodation_review,MOEA/D,baseline,2,0.807048,0.557254,0.707474,0.764336,1.388024,synthetic_smoke_v0,0.844676
mintou_p5,renewable_accommodation_review,MOEA/D,baseline,3,0.793095,0.562016,0.719636,0.760717,1.423501,synthetic_smoke_v0,0.848272
mintou_p5,renewable_accommodation_review,MOEA/D,baseline,4,0.787877,0.558020,0.714111,0.778445,1.352687,synthetic_smoke_v0,0.847577
mintou_p5,renewable_accommodation_review,MOEA/D,baseline,5,0.794608,0.570572,0.729030,0.772119,1.251744,synthetic_smoke_v0,0.852345
mintou_p5,renewable_accommodation_review,Greedy BCR,baseline,1,0.751592,0.464840,0.588051,0.719939,0.400346,synthetic_smoke_v0,0.795866
mintou_p5,renewable_accommodation_review,Greedy BCR,baseline,2,0.751254,0.441065,0.576502,0.708174,0.422711,synthetic_smoke_v0,0.789859
mintou_p5,renewable_accommodation_review,Greedy BCR,baseline,3,0.758582,0.448923,0.580023,0.707207,0.404851,synthetic_smoke_v0,0.799369
mintou_p5,renewable_accommodation_review,Greedy BCR,baseline,4,0.724290,0.449598,0.565247,0.697054,0.390553,synthetic_smoke_v0,0.796317
mintou_p5,renewable_accommodation_review,Greedy BCR,baseline,5,0.736888,0.440490,0.565905,0.690413,0.437089,synthetic_smoke_v0,0.788353
mintou_p5,renewable_accommodation_review,AHP,baseline,1,0.719330,0.438291,0.553121,0.693649,0.343987,synthetic_smoke_v0,0.775388
mintou_p5,renewable_accommodation_review,AHP,baseline,2,0.740529,0.433891,0.546843,0.698835,0.303173,synthetic_smoke_v0,0.773245
mintou_p5,renewable_accommodation_review,AHP,baseline,3,0.734060,0.425774,0.557368,0.696903,0.308799,synthetic_smoke_v0,0.789128
mintou_p5,renewable_accommodation_review,AHP,baseline,4,0.734131,0.430226,0.540924,0.691851,0.328198,synthetic_smoke_v0,0.783705
mintou_p5,renewable_accommodation_review,AHP,baseline,5,0.737221,0.423964,0.551720,0.705452,0.372719,synthetic_smoke_v0,0.777498
mintou_p5,renewable_accommodation_review,TOPSIS,baseline,1,0.749249,0.448424,0.564854,0.692912,0.329459,synthetic_smoke_v0,0.782664
mintou_p5,renewable_accommodation_review,TOPSIS,baseline,2,0.736349,0.442503,0.560084,0.703696,0.306217,synthetic_smoke_v0,0.793864
mintou_p5,renewable_accommodation_review,TOPSIS,baseline,3,0.750459,0.450840,0.574125,0.694384,0.306193,synthetic_smoke_v0,0.800913
mintou_p5,renewable_accommodation_review,TOPSIS,baseline,4,0.736700,0.450243,0.583792,0.716628,0.340185,synthetic_smoke_v0,0.801388
mintou_p5,renewable_accommodation_review,TOPSIS,baseline,5,0.730493,0.448844,0.579981,0.708256,0.317570,synthetic_smoke_v0,0.788077
mintou_p5,renewable_accommodation_review,Weighted Sum,baseline,1,0.757887,0.461661,0.604643,0.716771,0.474661,synthetic_smoke_v0,0.804993
mintou_p5,renewable_accommodation_review,Weighted Sum,baseline,2,0.767010,0.472787,0.615545,0.711788,0.564369,synthetic_smoke_v0,0.817408
mintou_p5,renewable_accommodation_review,Weighted Sum,baseline,3,0.757468,0.468465,0.611766,0.712851,0.572046,synthetic_smoke_v0,0.814685
mintou_p5,renewable_accommodation_review,Weighted Sum,baseline,4,0.766895,0.466202,0.609590,0.718254,0.576200,synthetic_smoke_v0,0.806291
mintou_p5,renewable_accommodation_review,Weighted Sum,baseline,5,0.759174,0.485058,0.616438,0.731446,0.556426,synthetic_smoke_v0,0.812569
mintou_p5,renewable_accommodation_review,no_feasibility_repair,ablation,1,0.830874,0.627191,0.799637,0.808174,1.264532,synthetic_smoke_v0,0.882441
mintou_p5,renewable_accommodation_review,no_feasibility_repair,ablation,2,0.839038,0.621057,0.802493,0.811955,1.065125,synthetic_smoke_v0,0.892833
mintou_p5,renewable_accommodation_review,no_feasibility_repair,ablation,3,0.839716,0.616209,0.787873,0.790795,0.978045,synthetic_smoke_v0,0.878528
mintou_p5,renewable_accommodation_review,no_feasibility_repair,ablation,4,0.841778,0.618161,0.780469,0.798682,1.143430,synthetic_smoke_v0,0.881389
mintou_p5,renewable_accommodation_review,no_feasibility_repair,ablation,5,0.835209,0.592412,0.768658,0.795716,1.187312,synthetic_smoke_v0,0.876066
mintou_p5,renewable_accommodation_review,no_preference_ranking,ablation,1,0.816125,0.603482,0.763740,0.797386,1.048299,synthetic_smoke_v0,0.862165
mintou_p5,renewable_accommodation_review,no_preference_ranking,ablation,2,0.814835,0.605064,0.781227,0.811230,1.064791,synthetic_smoke_v0,0.876803
mintou_p5,renewable_accommodation_review,no_preference_ranking,ablation,3,0.829924,0.595317,0.767820,0.794648,1.032731,synthetic_smoke_v0,0.871042
mintou_p5,renewable_accommodation_review,no_preference_ranking,ablation,4,0.809177,0.591957,0.753036,0.788170,1.349016,synthetic_smoke_v0,0.865886
mintou_p5,renewable_accommodation_review,no_preference_ranking,ablation,5,0.833268,0.592847,0.765173,0.780816,1.087853,synthetic_smoke_v0,0.863001
mintou_p5,renewable_accommodation_review,no_reliability_features,ablation,1,0.829914,0.597114,0.761979,0.779538,1.164583,synthetic_smoke_v0,0.863952
mintou_p5,renewable_accommodation_review,no_reliability_features,ablation,2,0.803131,0.574827,0.747042,0.778790,1.066596,synthetic_smoke_v0,0.873491
mintou_p5,renewable_accommodation_review,no_reliability_features,ablation,3,0.818252,0.591800,0.767311,0.799023,1.313790,synthetic_smoke_v0,0.879387
mintou_p5,renewable_accommodation_review,no_reliability_features,ablation,4,0.806076,0.586711,0.756542,0.798147,1.071667,synthetic_smoke_v0,0.862048
mintou_p5,renewable_accommodation_review,no_reliability_features,ablation,5,0.796992,0.586067,0.741012,0.790511,1.167246,synthetic_smoke_v0,0.867440
mintou_p5,renewable_accommodation_review,no_renewable_features,ablation,1,0.816899,0.568867,0.725959,0.765433,1.304286,synthetic_smoke_v0,0.862747
mintou_p5,renewable_accommodation_review,no_renewable_features,ablation,2,0.814262,0.567278,0.720806,0.782119,1.261959,synthetic_smoke_v0,0.860471
mintou_p5,renewable_accommodation_review,no_renewable_features,ablation,3,0.806440,0.565305,0.732206,0.765423,1.280052,synthetic_smoke_v0,0.856576
mintou_p5,renewable_accommodation_review,no_renewable_features,ablation,4,0.816343,0.568185,0.736143,0.777726,1.150429,synthetic_smoke_v0,0.865566
mintou_p5,renewable_accommodation_review,no_renewable_features,ablation,5,0.810641,0.575829,0.726520,0.773170,1.276138,synthetic_smoke_v0,0.848742
mintou_p5,renewable_accommodation_review,no_schedule_risk,ablation,1,0.790562,0.559905,0.723650,0.773202,1.075211,synthetic_smoke_v0,0.846165
mintou_p5,renewable_accommodation_review,no_schedule_risk,ablation,2,0.795789,0.546676,0.707160,0.759572,1.132715,synthetic_smoke_v0,0.843536
mintou_p5,renewable_accommodation_review,no_schedule_risk,ablation,3,0.796517,0.568267,0.726801,0.767576,1.152260,synthetic_smoke_v0,0.855062
mintou_p5,renewable_accommodation_review,no_schedule_risk,ablation,4,0.802425,0.574782,0.732349,0.787992,1.242513,synthetic_smoke_v0,0.847998
mintou_p5,renewable_accommodation_review,no_schedule_risk,ablation,5,0.808452,0.576045,0.728714,0.763250,1.090132,synthetic_smoke_v0,0.850622
mintou_p5,renewable_accommodation_review,single_weighted_objective,ablation,1,0.795779,0.528529,0.687663,0.758324,1.203881,synthetic_smoke_v0,0.844442
mintou_p5,renewable_accommodation_review,single_weighted_objective,ablation,2,0.797217,0.538373,0.696926,0.761191,1.364983,synthetic_smoke_v0,0.845491
mintou_p5,renewable_accommodation_review,single_weighted_objective,ablation,3,0.790763,0.535105,0.692926,0.759435,1.191252,synthetic_smoke_v0,0.844705
mintou_p5,renewable_accommodation_review,single_weighted_objective,ablation,4,0.805155,0.548786,0.710272,0.761267,1.463260,synthetic_smoke_v0,0.855348
mintou_p5,renewable_accommodation_review,single_weighted_objective,ablation,5,0.794381,0.527043,0.684750,0.759461,1.192351,synthetic_smoke_v0,0.843070
mintou_p5,renewable_accommodation_review,nsga2_only,ablation,1,0.797215,0.552312,0.699850,0.757662,1.205526,synthetic_smoke_v0,0.845064
mintou_p5,renewable_accommodation_review,nsga2_only,ablation,2,0.778903,0.525824,0.678033,0.747926,1.360449,synthetic_smoke_v0,0.830816
mintou_p5,renewable_accommodation_review,nsga2_only,ablation,3,0.782931,0.549452,0.698492,0.765632,1.289574,synthetic_smoke_v0,0.850257
mintou_p5,renewable_accommodation_review,nsga2_only,ablation,4,0.768091,0.527183,0.670492,0.738843,1.412169,synthetic_smoke_v0,0.834475
mintou_p5,renewable_accommodation_review,nsga2_only,ablation,5,0.778893,0.528954,0.679892,0.758303,1.556049,synthetic_smoke_v0,0.826334
mintou_p5,renewable_accommodation_review,small_project_pool,ablation,1,0.763932,0.509387,0.652907,0.739010,1.265202,synthetic_smoke_v0,0.814769
mintou_p5,renewable_accommodation_review,small_project_pool,ablation,2,0.769834,0.522424,0.674099,0.742283,1.232019,synthetic_smoke_v0,0.842381
mintou_p5,renewable_accommodation_review,small_project_pool,ablation,3,0.791138,0.518124,0.667021,0.756308,1.202141,synthetic_smoke_v0,0.826712
mintou_p5,renewable_accommodation_review,small_project_pool,ablation,4,0.785204,0.522217,0.663575,0.740612,1.137887,synthetic_smoke_v0,0.825378
mintou_p5,renewable_accommodation_review,small_project_pool,ablation,5,0.782259,0.538518,0.678604,0.758300,1.163733,synthetic_smoke_v0,0.833277
mintou_p5,budget_ranking_stability,TRACE-MOEA,proposed,1,0.869929,0.720428,0.916222,0.872251,1.265595,synthetic_smoke_v0,0.937913
mintou_p5,budget_ranking_stability,TRACE-MOEA,proposed,2,0.889566,0.722417,0.933288,0.862898,1.241451,synthetic_smoke_v0,0.947386
mintou_p5,budget_ranking_stability,TRACE-MOEA,proposed,3,0.891453,0.738303,0.938837,0.876098,1.253337,synthetic_smoke_v0,0.953477
mintou_p5,budget_ranking_stability,TRACE-MOEA,proposed,4,0.890712,0.703359,0.911474,0.858825,1.019590,synthetic_smoke_v0,0.930868
mintou_p5,budget_ranking_stability,TRACE-MOEA,proposed,5,0.881080,0.738858,0.942900,0.865051,1.290733,synthetic_smoke_v0,0.937598
mintou_p5,budget_ranking_stability,NSGA-II,baseline,1,0.850025,0.671501,0.857659,0.844910,1.152104,synthetic_smoke_v0,0.902005
mintou_p5,budget_ranking_stability,NSGA-II,baseline,2,0.863109,0.660420,0.852797,0.834683,1.478381,synthetic_smoke_v0,0.916507
mintou_p5,budget_ranking_stability,NSGA-II,baseline,3,0.862078,0.660243,0.839107,0.822841,1.552702,synthetic_smoke_v0,0.894264
mintou_p5,budget_ranking_stability,NSGA-II,baseline,4,0.857230,0.645922,0.830192,0.819531,1.374855,synthetic_smoke_v0,0.907221
mintou_p5,budget_ranking_stability,NSGA-II,baseline,5,0.849420,0.651547,0.831111,0.828983,1.306871,synthetic_smoke_v0,0.903034
mintou_p5,budget_ranking_stability,MOEA/D,baseline,1,0.829326,0.635484,0.811346,0.818878,1.207627,synthetic_smoke_v0,0.884668
mintou_p5,budget_ranking_stability,MOEA/D,baseline,2,0.836771,0.617036,0.788400,0.797574,1.358590,synthetic_smoke_v0,0.879744
mintou_p5,budget_ranking_stability,MOEA/D,baseline,3,0.825757,0.607886,0.788988,0.797270,1.146395,synthetic_smoke_v0,0.872252
mintou_p5,budget_ranking_stability,MOEA/D,baseline,4,0.823395,0.619725,0.798755,0.809997,1.056098,synthetic_smoke_v0,0.877119
mintou_p5,budget_ranking_stability,MOEA/D,baseline,5,0.855219,0.635077,0.819925,0.809962,1.099850,synthetic_smoke_v0,0.894779
mintou_p5,budget_ranking_stability,Greedy BCR,baseline,1,0.773077,0.508733,0.643392,0.732954,0.359507,synthetic_smoke_v0,0.820158
mintou_p5,budget_ranking_stability,Greedy BCR,baseline,2,0.766090,0.505143,0.644395,0.742426,0.383335,synthetic_smoke_v0,0.823157
mintou_p5,budget_ranking_stability,Greedy BCR,baseline,3,0.776782,0.503360,0.642775,0.729040,0.382805,synthetic_smoke_v0,0.822301
mintou_p5,budget_ranking_stability,Greedy BCR,baseline,4,0.765199,0.519891,0.664304,0.750392,0.335155,synthetic_smoke_v0,0.837783
mintou_p5,budget_ranking_stability,Greedy BCR,baseline,5,0.784242,0.510623,0.646794,0.732997,0.350443,synthetic_smoke_v0,0.817699
mintou_p5,budget_ranking_stability,AHP,baseline,1,0.763167,0.482159,0.620306,0.719728,0.322293,synthetic_smoke_v0,0.810255
mintou_p5,budget_ranking_stability,AHP,baseline,2,0.764576,0.475524,0.604435,0.706888,0.282058,synthetic_smoke_v0,0.807648
mintou_p5,budget_ranking_stability,AHP,baseline,3,0.760054,0.489432,0.623817,0.732322,0.336715,synthetic_smoke_v0,0.805766
mintou_p5,budget_ranking_stability,AHP,baseline,4,0.741367,0.468384,0.604813,0.724755,0.311988,synthetic_smoke_v0,0.801221
mintou_p5,budget_ranking_stability,AHP,baseline,5,0.766110,0.470043,0.614718,0.732534,0.329411,synthetic_smoke_v0,0.809399
mintou_p5,budget_ranking_stability,TOPSIS,baseline,1,0.787373,0.519677,0.661657,0.742746,0.309078,synthetic_smoke_v0,0.836485
mintou_p5,budget_ranking_stability,TOPSIS,baseline,2,0.776577,0.516850,0.661287,0.751683,0.310380,synthetic_smoke_v0,0.827852
mintou_p5,budget_ranking_stability,TOPSIS,baseline,3,0.770665,0.508997,0.642847,0.730044,0.307408,synthetic_smoke_v0,0.828184
mintou_p5,budget_ranking_stability,TOPSIS,baseline,4,0.762493,0.483087,0.627718,0.729488,0.290197,synthetic_smoke_v0,0.821608
mintou_p5,budget_ranking_stability,TOPSIS,baseline,5,0.792161,0.521611,0.661068,0.741614,0.340016,synthetic_smoke_v0,0.826633
mintou_p5,budget_ranking_stability,Weighted Sum,baseline,1,0.787570,0.533035,0.686506,0.757901,0.535606,synthetic_smoke_v0,0.846233
mintou_p5,budget_ranking_stability,Weighted Sum,baseline,2,0.788667,0.521948,0.669488,0.750660,0.546856,synthetic_smoke_v0,0.826228
mintou_p5,budget_ranking_stability,Weighted Sum,baseline,3,0.788545,0.535918,0.692459,0.754970,0.573453,synthetic_smoke_v0,0.831452
mintou_p5,budget_ranking_stability,Weighted Sum,baseline,4,0.779560,0.527427,0.682971,0.753496,0.581232,synthetic_smoke_v0,0.835923
mintou_p5,budget_ranking_stability,Weighted Sum,baseline,5,0.797333,0.540930,0.694473,0.762046,0.559543,synthetic_smoke_v0,0.835806
mintou_p5,budget_ranking_stability,no_feasibility_repair,ablation,1,0.886187,0.710520,0.898995,0.854107,1.017477,synthetic_smoke_v0,0.919587
mintou_p5,budget_ranking_stability,no_feasibility_repair,ablation,2,0.864572,0.690165,0.892142,0.859286,1.149476,synthetic_smoke_v0,0.924176
mintou_p5,budget_ranking_stability,no_feasibility_repair,ablation,3,0.855324,0.684187,0.878459,0.846865,0.917981,synthetic_smoke_v0,0.911886
mintou_p5,budget_ranking_stability,no_feasibility_repair,ablation,4,0.887559,0.700098,0.898381,0.860582,1.019880,synthetic_smoke_v0,0.927666
mintou_p5,budget_ranking_stability,no_feasibility_repair,ablation,5,0.873381,0.688275,0.871517,0.831490,1.167578,synthetic_smoke_v0,0.916653
mintou_p5,budget_ranking_stability,no_preference_ranking,ablation,1,0.871004,0.677619,0.857917,0.824140,0.898486,synthetic_smoke_v0,0.902470
mintou_p5,budget_ranking_stability,no_preference_ranking,ablation,2,0.864182,0.698164,0.886615,0.845189,1.171349,synthetic_smoke_v0,0.928435
mintou_p5,budget_ranking_stability,no_preference_ranking,ablation,3,0.848954,0.666756,0.862613,0.843283,1.082954,synthetic_smoke_v0,0.909017
mintou_p5,budget_ranking_stability,no_preference_ranking,ablation,4,0.857030,0.693250,0.883356,0.840616,0.974821,synthetic_smoke_v0,0.917077
mintou_p5,budget_ranking_stability,no_preference_ranking,ablation,5,0.856687,0.671888,0.856810,0.832429,1.071986,synthetic_smoke_v0,0.901652
mintou_p5,budget_ranking_stability,no_reliability_features,ablation,1,0.862569,0.670365,0.851341,0.833003,1.092106,synthetic_smoke_v0,0.911941
mintou_p5,budget_ranking_stability,no_reliability_features,ablation,2,0.844808,0.659325,0.853959,0.838444,1.074052,synthetic_smoke_v0,0.908387
mintou_p5,budget_ranking_stability,no_reliability_features,ablation,3,0.875475,0.673482,0.864009,0.841649,1.099445,synthetic_smoke_v0,0.921777
mintou_p5,budget_ranking_stability,no_reliability_features,ablation,4,0.864433,0.657921,0.843804,0.835175,1.080605,synthetic_smoke_v0,0.905368
mintou_p5,budget_ranking_stability,no_reliability_features,ablation,5,0.853425,0.653612,0.847492,0.828722,0.969255,synthetic_smoke_v0,0.902392
mintou_p5,budget_ranking_stability,no_renewable_features,ablation,1,0.838860,0.652956,0.837311,0.834022,0.899023,synthetic_smoke_v0,0.895046
mintou_p5,budget_ranking_stability,no_renewable_features,ablation,2,0.855140,0.628198,0.817720,0.827616,1.180174,synthetic_smoke_v0,0.898441
mintou_p5,budget_ranking_stability,no_renewable_features,ablation,3,0.849985,0.638664,0.815132,0.816979,0.989296,synthetic_smoke_v0,0.902152
mintou_p5,budget_ranking_stability,no_renewable_features,ablation,4,0.837516,0.652537,0.829204,0.827552,0.949409,synthetic_smoke_v0,0.891548
mintou_p5,budget_ranking_stability,no_renewable_features,ablation,5,0.840805,0.655620,0.829972,0.830297,1.247453,synthetic_smoke_v0,0.908370
mintou_p5,budget_ranking_stability,no_schedule_risk,ablation,1,0.839716,0.625166,0.808374,0.800994,1.153439,synthetic_smoke_v0,0.897810
mintou_p5,budget_ranking_stability,no_schedule_risk,ablation,2,0.838469,0.622323,0.803151,0.821297,1.264555,synthetic_smoke_v0,0.888606
mintou_p5,budget_ranking_stability,no_schedule_risk,ablation,3,0.848745,0.629950,0.796154,0.800980,1.246840,synthetic_smoke_v0,0.879977
mintou_p5,budget_ranking_stability,no_schedule_risk,ablation,4,0.831891,0.645028,0.820636,0.828961,1.220488,synthetic_smoke_v0,0.888094
mintou_p5,budget_ranking_stability,no_schedule_risk,ablation,5,0.841048,0.632155,0.800177,0.797111,1.010318,synthetic_smoke_v0,0.882239
mintou_p5,budget_ranking_stability,single_weighted_objective,ablation,1,0.831544,0.597431,0.771865,0.802493,1.124884,synthetic_smoke_v0,0.867011
mintou_p5,budget_ranking_stability,single_weighted_objective,ablation,2,0.827908,0.603680,0.773865,0.807790,1.292601,synthetic_smoke_v0,0.869520
mintou_p5,budget_ranking_stability,single_weighted_objective,ablation,3,0.811912,0.605657,0.774731,0.801955,1.053442,synthetic_smoke_v0,0.865963
mintou_p5,budget_ranking_stability,single_weighted_objective,ablation,4,0.828737,0.605066,0.787068,0.800334,1.005382,synthetic_smoke_v0,0.873243
mintou_p5,budget_ranking_stability,single_weighted_objective,ablation,5,0.845923,0.614105,0.789378,0.811779,1.193150,synthetic_smoke_v0,0.871818
mintou_p5,budget_ranking_stability,nsga2_only,ablation,1,0.812565,0.601296,0.767625,0.802155,1.292979,synthetic_smoke_v0,0.868582
mintou_p5,budget_ranking_stability,nsga2_only,ablation,2,0.815733,0.591156,0.761108,0.796749,1.242919,synthetic_smoke_v0,0.878954
mintou_p5,budget_ranking_stability,nsga2_only,ablation,3,0.822873,0.601727,0.761412,0.782286,1.155419,synthetic_smoke_v0,0.878157
mintou_p5,budget_ranking_stability,nsga2_only,ablation,4,0.836972,0.616100,0.785157,0.803273,1.040693,synthetic_smoke_v0,0.875183
mintou_p5,budget_ranking_stability,nsga2_only,ablation,5,0.816663,0.606318,0.781959,0.787880,1.161027,synthetic_smoke_v0,0.868475
mintou_p5,budget_ranking_stability,small_project_pool,ablation,1,0.807478,0.563387,0.732985,0.781680,0.978049,synthetic_smoke_v0,0.866831
mintou_p5,budget_ranking_stability,small_project_pool,ablation,2,0.826251,0.591430,0.759657,0.798219,1.141390,synthetic_smoke_v0,0.867938
mintou_p5,budget_ranking_stability,small_project_pool,ablation,3,0.830278,0.595290,0.768829,0.792295,1.247478,synthetic_smoke_v0,0.870148
mintou_p5,budget_ranking_stability,small_project_pool,ablation,4,0.822366,0.592723,0.769209,0.790352,1.221513,synthetic_smoke_v0,0.864153
mintou_p5,budget_ranking_stability,small_project_pool,ablation,5,0.806800,0.578206,0.733042,0.783858,1.062525,synthetic_smoke_v0,0.850240
mintou_p5,preference_aware_support,TRACE-MOEA,proposed,1,0.859504,0.682205,0.874227,0.853429,1.043798,synthetic_smoke_v0,0.915522
mintou_p5,preference_aware_support,TRACE-MOEA,proposed,2,0.861371,0.692949,0.884623,0.835916,1.218649,synthetic_smoke_v0,0.921151
mintou_p5,preference_aware_support,TRACE-MOEA,proposed,3,0.869356,0.672190,0.868718,0.851243,1.359632,synthetic_smoke_v0,0.914800
mintou_p5,preference_aware_support,TRACE-MOEA,proposed,4,0.855450,0.679827,0.871111,0.841612,1.395587,synthetic_smoke_v0,0.923433
mintou_p5,preference_aware_support,TRACE-MOEA,proposed,5,0.871885,0.676016,0.869839,0.850861,1.411538,synthetic_smoke_v0,0.913067
mintou_p5,preference_aware_support,NSGA-II,baseline,1,0.822888,0.625710,0.802523,0.816709,1.312055,synthetic_smoke_v0,0.888888
mintou_p5,preference_aware_support,NSGA-II,baseline,2,0.820904,0.615144,0.780912,0.799152,1.653409,synthetic_smoke_v0,0.875300
mintou_p5,preference_aware_support,NSGA-II,baseline,3,0.849478,0.618197,0.805118,0.809569,1.233294,synthetic_smoke_v0,0.884130
mintou_p5,preference_aware_support,NSGA-II,baseline,4,0.835621,0.607465,0.772593,0.789845,1.464895,synthetic_smoke_v0,0.883603
mintou_p5,preference_aware_support,NSGA-II,baseline,5,0.847805,0.629526,0.804197,0.814919,1.295735,synthetic_smoke_v0,0.890170
mintou_p5,preference_aware_support,MOEA/D,baseline,1,0.824432,0.608804,0.769285,0.804008,1.436867,synthetic_smoke_v0,0.880244
mintou_p5,preference_aware_support,MOEA/D,baseline,2,0.797236,0.583516,0.741035,0.772278,1.388687,synthetic_smoke_v0,0.857296
mintou_p5,preference_aware_support,MOEA/D,baseline,3,0.813442,0.588715,0.755293,0.780930,1.349541,synthetic_smoke_v0,0.864933
mintou_p5,preference_aware_support,MOEA/D,baseline,4,0.807189,0.597129,0.764828,0.799963,1.478479,synthetic_smoke_v0,0.874251
mintou_p5,preference_aware_support,MOEA/D,baseline,5,0.821322,0.585394,0.743853,0.789780,1.345446,synthetic_smoke_v0,0.868776
mintou_p5,preference_aware_support,Greedy BCR,baseline,1,0.752483,0.477243,0.618941,0.723123,0.344975,synthetic_smoke_v0,0.812771
mintou_p5,preference_aware_support,Greedy BCR,baseline,2,0.743542,0.472966,0.595044,0.715011,0.358875,synthetic_smoke_v0,0.808400
mintou_p5,preference_aware_support,Greedy BCR,baseline,3,0.755705,0.471074,0.601484,0.719191,0.414001,synthetic_smoke_v0,0.812336
mintou_p5,preference_aware_support,Greedy BCR,baseline,4,0.755971,0.474024,0.617241,0.729548,0.399624,synthetic_smoke_v0,0.805168
mintou_p5,preference_aware_support,Greedy BCR,baseline,5,0.746818,0.458242,0.592788,0.704794,0.398294,synthetic_smoke_v0,0.808749
mintou_p5,preference_aware_support,AHP,baseline,1,0.739746,0.443743,0.578300,0.716970,0.324053,synthetic_smoke_v0,0.799710
mintou_p5,preference_aware_support,AHP,baseline,2,0.742493,0.455021,0.594524,0.703908,0.342356,synthetic_smoke_v0,0.803062
mintou_p5,preference_aware_support,AHP,baseline,3,0.753384,0.434813,0.569179,0.692348,0.337422,synthetic_smoke_v0,0.790951
mintou_p5,preference_aware_support,AHP,baseline,4,0.765731,0.461475,0.602856,0.727383,0.328202,synthetic_smoke_v0,0.794109
mintou_p5,preference_aware_support,AHP,baseline,5,0.743725,0.456716,0.592417,0.710539,0.335526,synthetic_smoke_v0,0.798322
mintou_p5,preference_aware_support,TOPSIS,baseline,1,0.770299,0.484447,0.615296,0.715662,0.333060,synthetic_smoke_v0,0.804036
mintou_p5,preference_aware_support,TOPSIS,baseline,2,0.761425,0.487949,0.618492,0.731529,0.325298,synthetic_smoke_v0,0.812554
mintou_p5,preference_aware_support,TOPSIS,baseline,3,0.772227,0.471155,0.615385,0.716766,0.346515,synthetic_smoke_v0,0.817853
mintou_p5,preference_aware_support,TOPSIS,baseline,4,0.759549,0.465487,0.604783,0.725001,0.321041,synthetic_smoke_v0,0.797478
mintou_p5,preference_aware_support,TOPSIS,baseline,5,0.768297,0.481149,0.615964,0.729753,0.331934,synthetic_smoke_v0,0.803774
mintou_p5,preference_aware_support,Weighted Sum,baseline,1,0.773301,0.519535,0.654376,0.751269,0.572410,synthetic_smoke_v0,0.831636
mintou_p5,preference_aware_support,Weighted Sum,baseline,2,0.750109,0.492056,0.625676,0.735351,0.598427,synthetic_smoke_v0,0.804290
mintou_p5,preference_aware_support,Weighted Sum,baseline,3,0.765114,0.494116,0.632933,0.736850,0.581608,synthetic_smoke_v0,0.820920
mintou_p5,preference_aware_support,Weighted Sum,baseline,4,0.760315,0.496440,0.623798,0.728179,0.476423,synthetic_smoke_v0,0.813958
mintou_p5,preference_aware_support,Weighted Sum,baseline,5,0.785519,0.512353,0.649313,0.726928,0.512908,synthetic_smoke_v0,0.822702
mintou_p5,preference_aware_support,no_feasibility_repair,ablation,1,0.856842,0.664517,0.846092,0.837043,0.986399,synthetic_smoke_v0,0.914195
mintou_p5,preference_aware_support,no_feasibility_repair,ablation,2,0.860094,0.660510,0.845692,0.827728,1.215046,synthetic_smoke_v0,0.909107
mintou_p5,preference_aware_support,no_feasibility_repair,ablation,3,0.832877,0.632152,0.820620,0.813899,1.000916,synthetic_smoke_v0,0.899381
mintou_p5,preference_aware_support,no_feasibility_repair,ablation,4,0.843515,0.639227,0.827098,0.827165,0.956641,synthetic_smoke_v0,0.896538
mintou_p5,preference_aware_support,no_feasibility_repair,ablation,5,0.856316,0.646468,0.823810,0.816848,1.124843,synthetic_smoke_v0,0.892166
mintou_p5,preference_aware_support,no_preference_ranking,ablation,1,0.850296,0.629522,0.801901,0.814850,0.954680,synthetic_smoke_v0,0.892883
mintou_p5,preference_aware_support,no_preference_ranking,ablation,2,0.834572,0.617925,0.804381,0.810265,1.234873,synthetic_smoke_v0,0.883672
mintou_p5,preference_aware_support,no_preference_ranking,ablation,3,0.830520,0.631524,0.799528,0.803359,1.132464,synthetic_smoke_v0,0.887515
mintou_p5,preference_aware_support,no_preference_ranking,ablation,4,0.856912,0.640654,0.831109,0.815985,1.133437,synthetic_smoke_v0,0.897648
mintou_p5,preference_aware_support,no_preference_ranking,ablation,5,0.859425,0.647716,0.832998,0.819554,1.210677,synthetic_smoke_v0,0.898159
mintou_p5,preference_aware_support,no_reliability_features,ablation,1,0.836322,0.615313,0.791268,0.796201,1.078201,synthetic_smoke_v0,0.873687
mintou_p5,preference_aware_support,no_reliability_features,ablation,2,0.836772,0.637599,0.814539,0.803047,1.277360,synthetic_smoke_v0,0.898395
mintou_p5,preference_aware_support,no_reliability_features,ablation,3,0.825929,0.617127,0.778790,0.788546,1.176332,synthetic_smoke_v0,0.876574
mintou_p5,preference_aware_support,no_reliability_features,ablation,4,0.838177,0.634986,0.805863,0.812285,1.020916,synthetic_smoke_v0,0.897770
mintou_p5,preference_aware_support,no_reliability_features,ablation,5,0.847373,0.616369,0.794330,0.809129,1.048792,synthetic_smoke_v0,0.887330
mintou_p5,preference_aware_support,no_renewable_features,ablation,1,0.818426,0.602376,0.766299,0.786930,1.176150,synthetic_smoke_v0,0.869310
mintou_p5,preference_aware_support,no_renewable_features,ablation,2,0.837347,0.623477,0.796681,0.813510,1.147764,synthetic_smoke_v0,0.892711
mintou_p5,preference_aware_support,no_renewable_features,ablation,3,0.827794,0.628565,0.796374,0.807564,1.326061,synthetic_smoke_v0,0.887627
mintou_p5,preference_aware_support,no_renewable_features,ablation,4,0.833305,0.604601,0.780380,0.795846,1.327080,synthetic_smoke_v0,0.872779
mintou_p5,preference_aware_support,no_renewable_features,ablation,5,0.825188,0.614742,0.786714,0.803655,1.247627,synthetic_smoke_v0,0.873766
mintou_p5,preference_aware_support,no_schedule_risk,ablation,1,0.821824,0.593736,0.771063,0.788515,1.008880,synthetic_smoke_v0,0.871209
mintou_p5,preference_aware_support,no_schedule_risk,ablation,2,0.810873,0.595411,0.754396,0.776023,1.288449,synthetic_smoke_v0,0.861662
mintou_p5,preference_aware_support,no_schedule_risk,ablation,3,0.818641,0.594012,0.769208,0.793553,1.342419,synthetic_smoke_v0,0.863346
mintou_p5,preference_aware_support,no_schedule_risk,ablation,4,0.835762,0.601010,0.764929,0.794453,1.072740,synthetic_smoke_v0,0.862610
mintou_p5,preference_aware_support,no_schedule_risk,ablation,5,0.836117,0.610623,0.774931,0.784795,1.042337,synthetic_smoke_v0,0.871419
mintou_p5,preference_aware_support,single_weighted_objective,ablation,1,0.800532,0.560232,0.726545,0.785462,1.009200,synthetic_smoke_v0,0.847003
mintou_p5,preference_aware_support,single_weighted_objective,ablation,2,0.805154,0.578797,0.748917,0.796228,1.314504,synthetic_smoke_v0,0.861695
mintou_p5,preference_aware_support,single_weighted_objective,ablation,3,0.814415,0.593113,0.756825,0.786873,1.396486,synthetic_smoke_v0,0.863468
mintou_p5,preference_aware_support,single_weighted_objective,ablation,4,0.805994,0.582449,0.748098,0.785294,1.203721,synthetic_smoke_v0,0.868429
mintou_p5,preference_aware_support,single_weighted_objective,ablation,5,0.808811,0.576525,0.733788,0.783992,1.393305,synthetic_smoke_v0,0.862172
mintou_p5,preference_aware_support,nsga2_only,ablation,1,0.803958,0.560172,0.722715,0.765979,1.038465,synthetic_smoke_v0,0.848789
mintou_p5,preference_aware_support,nsga2_only,ablation,2,0.806883,0.553855,0.718243,0.779038,1.411402,synthetic_smoke_v0,0.844598
mintou_p5,preference_aware_support,nsga2_only,ablation,3,0.807575,0.567430,0.719572,0.760605,1.261636,synthetic_smoke_v0,0.845564
mintou_p5,preference_aware_support,nsga2_only,ablation,4,0.793611,0.542679,0.707474,0.768548,1.428867,synthetic_smoke_v0,0.844027
mintou_p5,preference_aware_support,nsga2_only,ablation,5,0.814280,0.582202,0.736683,0.783131,1.325585,synthetic_smoke_v0,0.851680
mintou_p5,preference_aware_support,small_project_pool,ablation,1,0.809183,0.548807,0.710274,0.761198,1.362403,synthetic_smoke_v0,0.857700
mintou_p5,preference_aware_support,small_project_pool,ablation,2,0.805422,0.553219,0.712826,0.778791,1.044373,synthetic_smoke_v0,0.854085
mintou_p5,preference_aware_support,small_project_pool,ablation,3,0.803117,0.543532,0.697393,0.753003,1.432428,synthetic_smoke_v0,0.839857
mintou_p5,preference_aware_support,small_project_pool,ablation,4,0.810652,0.556625,0.704597,0.759101,1.146059,synthetic_smoke_v0,0.837589
mintou_p5,preference_aware_support,small_project_pool,ablation,5,0.803169,0.560840,0.710713,0.763488,1.330834,synthetic_smoke_v0,0.839993
mintou_p5,traceability_evaluation,TRACE-MOEA,proposed,1,0.880273,0.719841,0.921040,0.865503,1.170807,synthetic_smoke_v0,0.939427
mintou_p5,traceability_evaluation,TRACE-MOEA,proposed,2,0.879607,0.702733,0.900062,0.860749,1.042025,synthetic_smoke_v0,0.922172
mintou_p5,traceability_evaluation,TRACE-MOEA,proposed,3,0.893777,0.716070,0.920837,0.866621,1.206118,synthetic_smoke_v0,0.938119
mintou_p5,traceability_evaluation,TRACE-MOEA,proposed,4,0.879991,0.705904,0.913641,0.867114,1.264660,synthetic_smoke_v0,0.926960
mintou_p5,traceability_evaluation,TRACE-MOEA,proposed,5,0.880312,0.715712,0.911688,0.860195,1.276060,synthetic_smoke_v0,0.925280
mintou_p5,traceability_evaluation,NSGA-II,baseline,1,0.849663,0.634754,0.814602,0.821322,1.423319,synthetic_smoke_v0,0.885950
mintou_p5,traceability_evaluation,NSGA-II,baseline,2,0.826850,0.625489,0.811216,0.806763,1.565571,synthetic_smoke_v0,0.892139
mintou_p5,traceability_evaluation,NSGA-II,baseline,3,0.854151,0.649586,0.828662,0.814851,1.284752,synthetic_smoke_v0,0.905582
mintou_p5,traceability_evaluation,NSGA-II,baseline,4,0.861739,0.648721,0.826125,0.829349,1.183895,synthetic_smoke_v0,0.899040
mintou_p5,traceability_evaluation,NSGA-II,baseline,5,0.836189,0.646521,0.832621,0.828813,1.280786,synthetic_smoke_v0,0.898939
mintou_p5,traceability_evaluation,MOEA/D,baseline,1,0.826813,0.623197,0.789089,0.796313,1.392823,synthetic_smoke_v0,0.873269
mintou_p5,traceability_evaluation,MOEA/D,baseline,2,0.833772,0.618547,0.796412,0.802661,1.326835,synthetic_smoke_v0,0.875718
mintou_p5,traceability_evaluation,MOEA/D,baseline,3,0.827028,0.615961,0.779426,0.787294,1.112320,synthetic_smoke_v0,0.872033
mintou_p5,traceability_evaluation,MOEA/D,baseline,4,0.826446,0.628167,0.799823,0.804933,1.269213,synthetic_smoke_v0,0.894731
mintou_p5,traceability_evaluation,MOEA/D,baseline,5,0.823103,0.633056,0.802202,0.806319,1.470901,synthetic_smoke_v0,0.894549
mintou_p5,traceability_evaluation,Greedy BCR,baseline,1,0.786754,0.503093,0.650101,0.730576,0.382910,synthetic_smoke_v0,0.822519
mintou_p5,traceability_evaluation,Greedy BCR,baseline,2,0.759611,0.499452,0.637033,0.731617,0.394255,synthetic_smoke_v0,0.809503
mintou_p5,traceability_evaluation,Greedy BCR,baseline,3,0.787069,0.502220,0.651362,0.736038,0.332474,synthetic_smoke_v0,0.829184
mintou_p5,traceability_evaluation,Greedy BCR,baseline,4,0.754627,0.504373,0.638482,0.724477,0.399154,synthetic_smoke_v0,0.813480
mintou_p5,traceability_evaluation,Greedy BCR,baseline,5,0.766898,0.498394,0.633132,0.726200,0.389001,synthetic_smoke_v0,0.813553
mintou_p5,traceability_evaluation,AHP,baseline,1,0.753757,0.495168,0.631420,0.725430,0.303069,synthetic_smoke_v0,0.823727
mintou_p5,traceability_evaluation,AHP,baseline,2,0.747725,0.477161,0.619651,0.727962,0.292441,synthetic_smoke_v0,0.819580
mintou_p5,traceability_evaluation,AHP,baseline,3,0.754666,0.484488,0.626419,0.732119,0.320239,synthetic_smoke_v0,0.810565
mintou_p5,traceability_evaluation,AHP,baseline,4,0.753890,0.486400,0.616307,0.718839,0.305335,synthetic_smoke_v0,0.809194
mintou_p5,traceability_evaluation,AHP,baseline,5,0.752785,0.465390,0.605802,0.707975,0.314705,synthetic_smoke_v0,0.805712
mintou_p5,traceability_evaluation,TOPSIS,baseline,1,0.754532,0.490209,0.625526,0.723686,0.322575,synthetic_smoke_v0,0.812467
mintou_p5,traceability_evaluation,TOPSIS,baseline,2,0.774167,0.493834,0.632341,0.729292,0.326849,synthetic_smoke_v0,0.824404
mintou_p5,traceability_evaluation,TOPSIS,baseline,3,0.770700,0.489366,0.628436,0.718472,0.336231,synthetic_smoke_v0,0.818955
mintou_p5,traceability_evaluation,TOPSIS,baseline,4,0.773949,0.491686,0.625561,0.732552,0.330501,synthetic_smoke_v0,0.817872
mintou_p5,traceability_evaluation,TOPSIS,baseline,5,0.758799,0.495677,0.630177,0.727808,0.318438,synthetic_smoke_v0,0.812606
mintou_p5,traceability_evaluation,Weighted Sum,baseline,1,0.794096,0.536907,0.684204,0.763993,0.552509,synthetic_smoke_v0,0.833370
mintou_p5,traceability_evaluation,Weighted Sum,baseline,2,0.774206,0.518250,0.657595,0.752941,0.567757,synthetic_smoke_v0,0.834857
mintou_p5,traceability_evaluation,Weighted Sum,baseline,3,0.778981,0.535473,0.683291,0.750981,0.485808,synthetic_smoke_v0,0.831596
mintou_p5,traceability_evaluation,Weighted Sum,baseline,4,0.785112,0.539132,0.683406,0.759116,0.467376,synthetic_smoke_v0,0.843934
mintou_p5,traceability_evaluation,Weighted Sum,baseline,5,0.770898,0.520607,0.670528,0.749661,0.523280,synthetic_smoke_v0,0.828199
mintou_p5,traceability_evaluation,no_feasibility_repair,ablation,1,0.878400,0.694223,0.883374,0.840240,1.087476,synthetic_smoke_v0,0.926812
mintou_p5,traceability_evaluation,no_feasibility_repair,ablation,2,0.877092,0.692652,0.879451,0.844953,0.872312,synthetic_smoke_v0,0.918922
mintou_p5,traceability_evaluation,no_feasibility_repair,ablation,3,0.869610,0.687585,0.869869,0.839216,1.099955,synthetic_smoke_v0,0.918042
mintou_p5,traceability_evaluation,no_feasibility_repair,ablation,4,0.875662,0.701486,0.887519,0.844842,0.902641,synthetic_smoke_v0,0.925956
mintou_p5,traceability_evaluation,no_feasibility_repair,ablation,5,0.855156,0.696842,0.880581,0.851383,0.956876,synthetic_smoke_v0,0.915030
mintou_p5,traceability_evaluation,no_preference_ranking,ablation,1,0.863080,0.676081,0.866588,0.828871,1.019878,synthetic_smoke_v0,0.922814
mintou_p5,traceability_evaluation,no_preference_ranking,ablation,2,0.840186,0.649847,0.840981,0.831223,1.078500,synthetic_smoke_v0,0.906144
mintou_p5,traceability_evaluation,no_preference_ranking,ablation,3,0.866448,0.664488,0.848617,0.839724,1.210190,synthetic_smoke_v0,0.913614
mintou_p5,traceability_evaluation,no_preference_ranking,ablation,4,0.851558,0.678193,0.857731,0.830152,1.168628,synthetic_smoke_v0,0.913741
mintou_p5,traceability_evaluation,no_preference_ranking,ablation,5,0.865427,0.677085,0.865788,0.847308,1.004867,synthetic_smoke_v0,0.921107
mintou_p5,traceability_evaluation,no_reliability_features,ablation,1,0.873463,0.664165,0.853501,0.827770,1.212280,synthetic_smoke_v0,0.907047
mintou_p5,traceability_evaluation,no_reliability_features,ablation,2,0.833966,0.639788,0.824333,0.819869,1.019941,synthetic_smoke_v0,0.903768
mintou_p5,traceability_evaluation,no_reliability_features,ablation,3,0.834857,0.634036,0.824918,0.818508,1.202263,synthetic_smoke_v0,0.900979
mintou_p5,traceability_evaluation,no_reliability_features,ablation,4,0.837493,0.641125,0.827794,0.811214,1.134492,synthetic_smoke_v0,0.890819
mintou_p5,traceability_evaluation,no_reliability_features,ablation,5,0.845842,0.639121,0.822688,0.827586,0.969240,synthetic_smoke_v0,0.886785
mintou_p5,traceability_evaluation,no_renewable_features,ablation,1,0.860048,0.660784,0.839052,0.818735,1.153058,synthetic_smoke_v0,0.898096
mintou_p5,traceability_evaluation,no_renewable_features,ablation,2,0.843503,0.628815,0.816161,0.812018,1.250330,synthetic_smoke_v0,0.896918
mintou_p5,traceability_evaluation,no_renewable_features,ablation,3,0.855336,0.632108,0.821525,0.820844,1.140161,synthetic_smoke_v0,0.886589
mintou_p5,traceability_evaluation,no_renewable_features,ablation,4,0.843226,0.630944,0.804231,0.805917,1.277336,synthetic_smoke_v0,0.893907
mintou_p5,traceability_evaluation,no_renewable_features,ablation,5,0.851219,0.639075,0.823125,0.814789,1.089060,synthetic_smoke_v0,0.891072
mintou_p5,traceability_evaluation,no_schedule_risk,ablation,1,0.851914,0.630965,0.804791,0.820036,1.214844,synthetic_smoke_v0,0.880417
mintou_p5,traceability_evaluation,no_schedule_risk,ablation,2,0.817944,0.612087,0.792605,0.798122,1.071473,synthetic_smoke_v0,0.876718
mintou_p5,traceability_evaluation,no_schedule_risk,ablation,3,0.848784,0.616224,0.795739,0.808019,1.134712,synthetic_smoke_v0,0.890848
mintou_p5,traceability_evaluation,no_schedule_risk,ablation,4,0.818778,0.602112,0.784138,0.799505,0.996005,synthetic_smoke_v0,0.876382
mintou_p5,traceability_evaluation,no_schedule_risk,ablation,5,0.824639,0.616162,0.791808,0.815209,1.017814,synthetic_smoke_v0,0.883303
mintou_p5,traceability_evaluation,single_weighted_objective,ablation,1,0.817860,0.604754,0.785079,0.803189,0.994117,synthetic_smoke_v0,0.875829
mintou_p5,traceability_evaluation,single_weighted_objective,ablation,2,0.832862,0.612066,0.787068,0.792354,1.039998,synthetic_smoke_v0,0.889563
mintou_p5,traceability_evaluation,single_weighted_objective,ablation,3,0.830830,0.588901,0.763882,0.794878,1.168226,synthetic_smoke_v0,0.865701
mintou_p5,traceability_evaluation,single_weighted_objective,ablation,4,0.821566,0.620790,0.788933,0.814668,1.223624,synthetic_smoke_v0,0.880283
mintou_p5,traceability_evaluation,single_weighted_objective,ablation,5,0.840728,0.612685,0.776764,0.802381,1.365882,synthetic_smoke_v0,0.880407
mintou_p5,traceability_evaluation,nsga2_only,ablation,1,0.838749,0.606620,0.771439,0.789669,1.295897,synthetic_smoke_v0,0.881516
mintou_p5,traceability_evaluation,nsga2_only,ablation,2,0.806713,0.589314,0.750861,0.787588,1.000434,synthetic_smoke_v0,0.872245
mintou_p5,traceability_evaluation,nsga2_only,ablation,3,0.816793,0.605533,0.775576,0.805487,1.348486,synthetic_smoke_v0,0.875649
mintou_p5,traceability_evaluation,nsga2_only,ablation,4,0.830570,0.589654,0.751857,0.776981,1.137366,synthetic_smoke_v0,0.856472
mintou_p5,traceability_evaluation,nsga2_only,ablation,5,0.823705,0.608459,0.768279,0.803764,1.275256,synthetic_smoke_v0,0.880333
mintou_p5,traceability_evaluation,small_project_pool,ablation,1,0.811869,0.570564,0.735057,0.782529,1.325796,synthetic_smoke_v0,0.852681
mintou_p5,traceability_evaluation,small_project_pool,ablation,2,0.824714,0.600765,0.760137,0.788197,1.351786,synthetic_smoke_v0,0.873256
mintou_p5,traceability_evaluation,small_project_pool,ablation,3,0.815412,0.575031,0.738994,0.775047,1.083571,synthetic_smoke_v0,0.863579
mintou_p5,traceability_evaluation,small_project_pool,ablation,4,0.811083,0.582593,0.746049,0.772297,1.266712,synthetic_smoke_v0,0.854736
mintou_p5,traceability_evaluation,small_project_pool,ablation,5,0.832398,0.602271,0.761171,0.779115,1.127237,synthetic_smoke_v0,0.874219
