paper_id,experiment_id,method,method_role,repeat,mae,mape,peak_load_error,quality_index,rmse,runtime_s,scenario_status,spatial_transfer_error
mintou_p2,one_step_forecast,HyG-LoadFormer,proposed,1,0.479625,0.106855,0.145204,0.845259,0.594599,1.180413,synthetic_smoke_v0,0.174543
mintou_p2,one_step_forecast,HyG-LoadFormer,proposed,2,0.482193,0.109260,0.152236,0.827650,0.608095,1.388236,synthetic_smoke_v0,0.178546
mintou_p2,one_step_forecast,HyG-LoadFormer,proposed,3,0.492157,0.115277,0.153123,0.824529,0.587824,1.487868,synthetic_smoke_v0,0.175461
mintou_p2,one_step_forecast,HyG-LoadFormer,proposed,4,0.453945,0.109806,0.144768,0.848944,0.574544,1.365645,synthetic_smoke_v0,0.177443
mintou_p2,one_step_forecast,HyG-LoadFormer,proposed,5,0.488123,0.109781,0.155266,0.831365,0.579898,1.495131,synthetic_smoke_v0,0.173318
mintou_p2,one_step_forecast,ARIMA,baseline,1,0.696699,0.152515,0.199740,0.531969,0.826392,0.367257,synthetic_smoke_v0,0.227020
mintou_p2,one_step_forecast,ARIMA,baseline,2,0.674158,0.147249,0.197387,0.554857,0.816993,0.386451,synthetic_smoke_v0,0.227020
mintou_p2,one_step_forecast,ARIMA,baseline,3,0.694146,0.151124,0.196574,0.549711,0.817162,0.354434,synthetic_smoke_v0,0.222937
mintou_p2,one_step_forecast,ARIMA,baseline,4,0.688430,0.147336,0.205980,0.529110,0.840183,0.429330,synthetic_smoke_v0,0.228979
mintou_p2,one_step_forecast,ARIMA,baseline,5,0.690987,0.148475,0.205737,0.544770,0.829174,0.442089,synthetic_smoke_v0,0.230219
mintou_p2,one_step_forecast,XGBoost,baseline,1,0.616563,0.135075,0.182839,0.629424,0.756579,0.589347,synthetic_smoke_v0,0.207951
mintou_p2,one_step_forecast,XGBoost,baseline,2,0.622407,0.142448,0.182772,0.621129,0.758688,0.692722,synthetic_smoke_v0,0.223477
mintou_p2,one_step_forecast,XGBoost,baseline,3,0.631619,0.139192,0.184750,0.634539,0.748925,0.600213,synthetic_smoke_v0,0.217472
mintou_p2,one_step_forecast,XGBoost,baseline,4,0.613860,0.135709,0.187514,0.630889,0.744940,0.582218,synthetic_smoke_v0,0.210927
mintou_p2,one_step_forecast,XGBoost,baseline,5,0.618055,0.136122,0.186908,0.651959,0.741499,0.622519,synthetic_smoke_v0,0.211653
mintou_p2,one_step_forecast,LSTM,baseline,1,0.607005,0.136577,0.177546,0.659506,0.724426,0.893419,synthetic_smoke_v0,0.200623
mintou_p2,one_step_forecast,LSTM,baseline,2,0.606838,0.132656,0.181373,0.653425,0.720345,0.774071,synthetic_smoke_v0,0.212938
mintou_p2,one_step_forecast,LSTM,baseline,3,0.616039,0.132610,0.180067,0.644102,0.747201,0.814468,synthetic_smoke_v0,0.213105
mintou_p2,one_step_forecast,LSTM,baseline,4,0.598857,0.131076,0.183870,0.666060,0.722432,0.878733,synthetic_smoke_v0,0.213142
mintou_p2,one_step_forecast,LSTM,baseline,5,0.617411,0.132443,0.179045,0.654493,0.721176,0.864733,synthetic_smoke_v0,0.216709
mintou_p2,one_step_forecast,BiLSTM,baseline,1,0.616816,0.130247,0.178563,0.661016,0.726758,0.769986,synthetic_smoke_v0,0.214044
mintou_p2,one_step_forecast,BiLSTM,baseline,2,0.600985,0.133992,0.181800,0.673192,0.714388,1.002728,synthetic_smoke_v0,0.199004
mintou_p2,one_step_forecast,BiLSTM,baseline,3,0.611402,0.137001,0.183539,0.669100,0.712015,1.020138,synthetic_smoke_v0,0.204805
mintou_p2,one_step_forecast,BiLSTM,baseline,4,0.584493,0.134068,0.174305,0.669209,0.728965,0.962761,synthetic_smoke_v0,0.198801
mintou_p2,one_step_forecast,BiLSTM,baseline,5,0.594433,0.130226,0.183999,0.675252,0.723491,1.048153,synthetic_smoke_v0,0.211348
mintou_p2,one_step_forecast,TCN,baseline,1,0.593968,0.127936,0.174020,0.684550,0.720276,0.802099,synthetic_smoke_v0,0.196251
mintou_p2,one_step_forecast,TCN,baseline,2,0.578840,0.130638,0.172160,0.695560,0.683273,0.902202,synthetic_smoke_v0,0.198584
mintou_p2,one_step_forecast,TCN,baseline,3,0.606701,0.132361,0.182462,0.677877,0.711227,0.727009,synthetic_smoke_v0,0.200392
mintou_p2,one_step_forecast,TCN,baseline,4,0.595688,0.134150,0.170052,0.689938,0.701052,0.712569,synthetic_smoke_v0,0.208790
mintou_p2,one_step_forecast,TCN,baseline,5,0.594864,0.134334,0.183801,0.669340,0.715598,0.850246,synthetic_smoke_v0,0.210087
mintou_p2,one_step_forecast,Transformer,baseline,1,0.559487,0.129372,0.176305,0.704075,0.684670,1.175821,synthetic_smoke_v0,0.206389
mintou_p2,one_step_forecast,Transformer,baseline,2,0.578988,0.134754,0.177990,0.686457,0.698790,1.275044,synthetic_smoke_v0,0.196503
mintou_p2,one_step_forecast,Transformer,baseline,3,0.589386,0.132746,0.176088,0.684857,0.698695,1.188489,synthetic_smoke_v0,0.205734
mintou_p2,one_step_forecast,Transformer,baseline,4,0.570979,0.132460,0.173655,0.695785,0.701078,1.129262,synthetic_smoke_v0,0.194248
mintou_p2,one_step_forecast,Transformer,baseline,5,0.593468,0.130107,0.178868,0.693524,0.699163,1.097426,synthetic_smoke_v0,0.208283
mintou_p2,one_step_forecast,Euclidean GCN,baseline,1,0.578604,0.127116,0.174496,0.696974,0.693129,1.236375,synthetic_smoke_v0,0.204931
mintou_p2,one_step_forecast,Euclidean GCN,baseline,2,0.547207,0.122281,0.166971,0.726957,0.676105,0.946380,synthetic_smoke_v0,0.188424
mintou_p2,one_step_forecast,Euclidean GCN,baseline,3,0.570012,0.125935,0.166545,0.726520,0.668039,0.958931,synthetic_smoke_v0,0.188247
mintou_p2,one_step_forecast,Euclidean GCN,baseline,4,0.576648,0.130308,0.171264,0.694183,0.705382,0.931220,synthetic_smoke_v0,0.199426
mintou_p2,one_step_forecast,Euclidean GCN,baseline,5,0.561578,0.128023,0.166145,0.725561,0.659291,1.305729,synthetic_smoke_v0,0.191505
mintou_p2,one_step_forecast,GCN-Transformer,baseline,1,0.555062,0.126333,0.168852,0.729349,0.685375,1.254134,synthetic_smoke_v0,0.190722
mintou_p2,one_step_forecast,GCN-Transformer,baseline,2,0.531985,0.124148,0.168220,0.754713,0.652554,1.056030,synthetic_smoke_v0,0.190971
mintou_p2,one_step_forecast,GCN-Transformer,baseline,3,0.534543,0.124166,0.171366,0.737947,0.677066,1.342460,synthetic_smoke_v0,0.188712
mintou_p2,one_step_forecast,GCN-Transformer,baseline,4,0.563705,0.121659,0.173006,0.734442,0.677933,1.272280,synthetic_smoke_v0,0.200084
mintou_p2,one_step_forecast,GCN-Transformer,baseline,5,0.552169,0.119875,0.168000,0.746114,0.652461,1.337030,synthetic_smoke_v0,0.186855
mintou_p2,one_step_forecast,CNN-LSTM,baseline,1,0.593595,0.135265,0.181722,0.681221,0.716462,0.821820,synthetic_smoke_v0,0.210414
mintou_p2,one_step_forecast,CNN-LSTM,baseline,2,0.592992,0.133903,0.179270,0.682725,0.721267,0.952384,synthetic_smoke_v0,0.195803
mintou_p2,one_step_forecast,CNN-LSTM,baseline,3,0.578981,0.129341,0.180920,0.682457,0.717807,0.842572,synthetic_smoke_v0,0.208518
mintou_p2,one_step_forecast,CNN-LSTM,baseline,4,0.601270,0.134459,0.180052,0.682586,0.697545,1.068370,synthetic_smoke_v0,0.207527
mintou_p2,one_step_forecast,CNN-LSTM,baseline,5,0.598134,0.133377,0.177018,0.679540,0.709866,1.161509,synthetic_smoke_v0,0.197946
mintou_p2,one_step_forecast,euclidean_gcn,ablation,1,0.510860,0.118990,0.155747,0.793803,0.608461,1.025201,synthetic_smoke_v0,0.184194
mintou_p2,one_step_forecast,euclidean_gcn,ablation,2,0.513899,0.112039,0.155118,0.801550,0.618219,1.235694,synthetic_smoke_v0,0.181571
mintou_p2,one_step_forecast,euclidean_gcn,ablation,3,0.506533,0.116888,0.154547,0.801162,0.606540,1.154369,synthetic_smoke_v0,0.181912
mintou_p2,one_step_forecast,euclidean_gcn,ablation,4,0.488450,0.118655,0.150973,0.805000,0.603926,1.334342,synthetic_smoke_v0,0.185195
mintou_p2,one_step_forecast,euclidean_gcn,ablation,5,0.480088,0.112212,0.153969,0.814055,0.595403,1.341478,synthetic_smoke_v0,0.180389
mintou_p2,one_step_forecast,fixed_curvature,ablation,1,0.516583,0.118706,0.156697,0.801977,0.624118,1.190302,synthetic_smoke_v0,0.180140
mintou_p2,one_step_forecast,fixed_curvature,ablation,2,0.501171,0.113493,0.156299,0.797440,0.625185,1.275201,synthetic_smoke_v0,0.181831
mintou_p2,one_step_forecast,fixed_curvature,ablation,3,0.516934,0.121387,0.158880,0.787881,0.617568,1.246451,synthetic_smoke_v0,0.182566
mintou_p2,one_step_forecast,fixed_curvature,ablation,4,0.533457,0.119483,0.156686,0.779194,0.630811,1.170724,synthetic_smoke_v0,0.183755
mintou_p2,one_step_forecast,fixed_curvature,ablation,5,0.532348,0.120374,0.159905,0.778748,0.621334,1.189590,synthetic_smoke_v0,0.183065
mintou_p2,one_step_forecast,temporal_only,ablation,1,0.518051,0.119445,0.166428,0.763929,0.652667,1.271335,synthetic_smoke_v0,0.193581
mintou_p2,one_step_forecast,temporal_only,ablation,2,0.527407,0.114255,0.161098,0.784832,0.626972,1.048645,synthetic_smoke_v0,0.183346
mintou_p2,one_step_forecast,temporal_only,ablation,3,0.504341,0.118669,0.161734,0.787551,0.625570,1.059067,synthetic_smoke_v0,0.186205
mintou_p2,one_step_forecast,temporal_only,ablation,4,0.527194,0.117277,0.157341,0.772256,0.644583,1.426304,synthetic_smoke_v0,0.186921
mintou_p2,one_step_forecast,temporal_only,ablation,5,0.507391,0.115683,0.158901,0.791412,0.633455,1.358908,synthetic_smoke_v0,0.178619
mintou_p2,one_step_forecast,no_weather_features,ablation,1,0.526021,0.118012,0.160692,0.761160,0.632319,1.324476,synthetic_smoke_v0,0.188700
mintou_p2,one_step_forecast,no_weather_features,ablation,2,0.530713,0.117635,0.166041,0.774117,0.643444,1.243394,synthetic_smoke_v0,0.180108
mintou_p2,one_step_forecast,no_weather_features,ablation,3,0.531418,0.122951,0.165426,0.751878,0.644912,1.296137,synthetic_smoke_v0,0.190750
mintou_p2,one_step_forecast,no_weather_features,ablation,4,0.539891,0.124768,0.170669,0.743816,0.661144,1.462911,synthetic_smoke_v0,0.187290
mintou_p2,one_step_forecast,no_weather_features,ablation,5,0.527743,0.120277,0.158880,0.753212,0.658522,1.113481,synthetic_smoke_v0,0.186373
mintou_p2,one_step_forecast,physical_edges_only,ablation,1,0.546625,0.127274,0.165956,0.734218,0.652608,1.138124,synthetic_smoke_v0,0.192301
mintou_p2,one_step_forecast,physical_edges_only,ablation,2,0.553381,0.127203,0.171266,0.734347,0.652948,1.164960,synthetic_smoke_v0,0.189029
mintou_p2,one_step_forecast,physical_edges_only,ablation,3,0.554976,0.126340,0.164299,0.736237,0.661265,1.262888,synthetic_smoke_v0,0.186382
mintou_p2,one_step_forecast,physical_edges_only,ablation,4,0.558920,0.124835,0.166242,0.741770,0.651556,1.466293,synthetic_smoke_v0,0.190440
mintou_p2,one_step_forecast,physical_edges_only,ablation,5,0.543849,0.123514,0.161268,0.747513,0.651103,1.307008,synthetic_smoke_v0,0.186102
mintou_p2,one_step_forecast,poincare_only,ablation,1,0.544470,0.127623,0.165161,0.735308,0.659487,1.262019,synthetic_smoke_v0,0.197819
mintou_p2,one_step_forecast,poincare_only,ablation,2,0.550581,0.125932,0.169156,0.716452,0.686137,1.121778,synthetic_smoke_v0,0.201826
mintou_p2,one_step_forecast,poincare_only,ablation,3,0.561130,0.128554,0.164917,0.728802,0.660004,1.202907,synthetic_smoke_v0,0.196727
mintou_p2,one_step_forecast,poincare_only,ablation,4,0.573914,0.128403,0.176477,0.707596,0.701750,1.147300,synthetic_smoke_v0,0.195796
mintou_p2,one_step_forecast,poincare_only,ablation,5,0.559972,0.123347,0.165423,0.732019,0.659678,1.416497,synthetic_smoke_v0,0.196144
mintou_p2,one_step_forecast,short_horizon_only,ablation,1,0.584127,0.131070,0.171468,0.693709,0.704905,1.352337,synthetic_smoke_v0,0.207755
mintou_p2,one_step_forecast,short_horizon_only,ablation,2,0.552435,0.127064,0.174629,0.720892,0.686187,1.503749,synthetic_smoke_v0,0.189540
mintou_p2,one_step_forecast,short_horizon_only,ablation,3,0.553243,0.126199,0.175685,0.713755,0.675035,1.417340,synthetic_smoke_v0,0.193822
mintou_p2,one_step_forecast,short_horizon_only,ablation,4,0.562739,0.127355,0.175408,0.724050,0.663498,1.570980,synthetic_smoke_v0,0.188578
mintou_p2,one_step_forecast,short_horizon_only,ablation,5,0.551279,0.128427,0.172329,0.713974,0.681383,1.469492,synthetic_smoke_v0,0.204210
mintou_p2,multi_step_forecast,HyG-LoadFormer,proposed,1,0.407450,0.098473,0.125468,0.948578,0.487165,0.984472,synthetic_smoke_v0,0.148555
mintou_p2,multi_step_forecast,HyG-LoadFormer,proposed,2,0.427412,0.097600,0.136870,0.925842,0.524859,1.375504,synthetic_smoke_v0,0.155165
mintou_p2,multi_step_forecast,HyG-LoadFormer,proposed,3,0.405824,0.097700,0.132604,0.926852,0.521835,1.023675,synthetic_smoke_v0,0.155834
mintou_p2,multi_step_forecast,HyG-LoadFormer,proposed,4,0.403808,0.096867,0.135378,0.940449,0.494243,1.365552,synthetic_smoke_v0,0.144374
mintou_p2,multi_step_forecast,HyG-LoadFormer,proposed,5,0.383871,0.095512,0.128551,0.956116,0.481436,1.267431,synthetic_smoke_v0,0.156677
mintou_p2,multi_step_forecast,ARIMA,baseline,1,0.641235,0.145342,0.197987,0.592284,0.773866,0.374594,synthetic_smoke_v0,0.218057
mintou_p2,multi_step_forecast,ARIMA,baseline,2,0.655826,0.139011,0.198683,0.594588,0.764602,0.375000,synthetic_smoke_v0,0.225874
mintou_p2,multi_step_forecast,ARIMA,baseline,3,0.639701,0.146597,0.196916,0.595141,0.773886,0.329170,synthetic_smoke_v0,0.225965
mintou_p2,multi_step_forecast,ARIMA,baseline,4,0.636859,0.137582,0.182951,0.618058,0.743346,0.386843,synthetic_smoke_v0,0.212730
mintou_p2,multi_step_forecast,ARIMA,baseline,5,0.657424,0.145863,0.195978,0.590365,0.787178,0.366860,synthetic_smoke_v0,0.226218
mintou_p2,multi_step_forecast,XGBoost,baseline,1,0.571204,0.125378,0.165298,0.726512,0.677323,0.487292,synthetic_smoke_v0,0.201109
mintou_p2,multi_step_forecast,XGBoost,baseline,2,0.568507,0.124579,0.172627,0.711035,0.685782,0.637514,synthetic_smoke_v0,0.203932
mintou_p2,multi_step_forecast,XGBoost,baseline,3,0.580754,0.125148,0.174552,0.700797,0.697467,0.525718,synthetic_smoke_v0,0.193844
mintou_p2,multi_step_forecast,XGBoost,baseline,4,0.552602,0.126368,0.175661,0.723906,0.665861,0.641940,synthetic_smoke_v0,0.194544
mintou_p2,multi_step_forecast,XGBoost,baseline,5,0.556950,0.127245,0.174526,0.719488,0.682173,0.558440,synthetic_smoke_v0,0.191133
mintou_p2,multi_step_forecast,LSTM,baseline,1,0.575056,0.124570,0.173958,0.714718,0.673502,0.653370,synthetic_smoke_v0,0.192642
mintou_p2,multi_step_forecast,LSTM,baseline,2,0.557285,0.128913,0.174199,0.718965,0.668446,0.658399,synthetic_smoke_v0,0.190871
mintou_p2,multi_step_forecast,LSTM,baseline,3,0.548263,0.127318,0.169583,0.726870,0.663954,0.690795,synthetic_smoke_v0,0.200208
mintou_p2,multi_step_forecast,LSTM,baseline,4,0.545144,0.124572,0.169713,0.737998,0.660026,0.796082,synthetic_smoke_v0,0.197232
mintou_p2,multi_step_forecast,LSTM,baseline,5,0.553847,0.126883,0.168041,0.724952,0.681584,0.790804,synthetic_smoke_v0,0.192626
mintou_p2,multi_step_forecast,BiLSTM,baseline,1,0.547482,0.120434,0.167094,0.751451,0.660831,0.790449,synthetic_smoke_v0,0.188582
mintou_p2,multi_step_forecast,BiLSTM,baseline,2,0.544449,0.123712,0.166922,0.758736,0.646844,0.830459,synthetic_smoke_v0,0.183954
mintou_p2,multi_step_forecast,BiLSTM,baseline,3,0.545479,0.126427,0.169073,0.749907,0.651341,0.951964,synthetic_smoke_v0,0.192822
mintou_p2,multi_step_forecast,BiLSTM,baseline,4,0.550294,0.121927,0.168535,0.750500,0.658967,0.831639,synthetic_smoke_v0,0.184653
mintou_p2,multi_step_forecast,BiLSTM,baseline,5,0.517148,0.118141,0.165717,0.765683,0.631710,0.916700,synthetic_smoke_v0,0.194817
mintou_p2,multi_step_forecast,TCN,baseline,1,0.518276,0.119192,0.161786,0.771965,0.636627,0.657815,synthetic_smoke_v0,0.182496
mintou_p2,multi_step_forecast,TCN,baseline,2,0.516405,0.117763,0.157018,0.776279,0.634464,0.832874,synthetic_smoke_v0,0.182514
mintou_p2,multi_step_forecast,TCN,baseline,3,0.525213,0.121267,0.160103,0.776716,0.638462,0.843659,synthetic_smoke_v0,0.183102
mintou_p2,multi_step_forecast,TCN,baseline,4,0.518107,0.117711,0.164348,0.774797,0.625234,0.707594,synthetic_smoke_v0,0.181458
mintou_p2,multi_step_forecast,TCN,baseline,5,0.528907,0.122024,0.168099,0.747749,0.646666,0.801373,synthetic_smoke_v0,0.193148
mintou_p2,multi_step_forecast,Transformer,baseline,1,0.510688,0.120246,0.159631,0.796676,0.605436,1.053410,synthetic_smoke_v0,0.186753
mintou_p2,multi_step_forecast,Transformer,baseline,2,0.502525,0.120540,0.161368,0.792891,0.632263,0.977905,synthetic_smoke_v0,0.179757
mintou_p2,multi_step_forecast,Transformer,baseline,3,0.514924,0.120846,0.165424,0.765091,0.656518,0.974620,synthetic_smoke_v0,0.191864
mintou_p2,multi_step_forecast,Transformer,baseline,4,0.512941,0.116382,0.158459,0.770062,0.652944,1.070618,synthetic_smoke_v0,0.191014
mintou_p2,multi_step_forecast,Transformer,baseline,5,0.494534,0.118355,0.154084,0.797154,0.628602,1.252240,synthetic_smoke_v0,0.179215
mintou_p2,multi_step_forecast,Euclidean GCN,baseline,1,0.509181,0.119078,0.163349,0.788638,0.628039,1.057671,synthetic_smoke_v0,0.188500
mintou_p2,multi_step_forecast,Euclidean GCN,baseline,2,0.533168,0.123025,0.157452,0.775644,0.620815,1.072998,synthetic_smoke_v0,0.191828
mintou_p2,multi_step_forecast,Euclidean GCN,baseline,3,0.511805,0.112812,0.154607,0.800316,0.622989,0.875033,synthetic_smoke_v0,0.184008
mintou_p2,multi_step_forecast,Euclidean GCN,baseline,4,0.526744,0.118003,0.153300,0.786656,0.640553,1.050027,synthetic_smoke_v0,0.179071
mintou_p2,multi_step_forecast,Euclidean GCN,baseline,5,0.510536,0.118254,0.157227,0.802534,0.600703,1.070622,synthetic_smoke_v0,0.175273
mintou_p2,multi_step_forecast,GCN-Transformer,baseline,1,0.490068,0.113949,0.149502,0.834425,0.576736,1.109523,synthetic_smoke_v0,0.165353
mintou_p2,multi_step_forecast,GCN-Transformer,baseline,2,0.479136,0.113556,0.150016,0.819378,0.609720,1.226370,synthetic_smoke_v0,0.179999
mintou_p2,multi_step_forecast,GCN-Transformer,baseline,3,0.502797,0.115137,0.158709,0.806605,0.611120,1.013205,synthetic_smoke_v0,0.181533
mintou_p2,multi_step_forecast,GCN-Transformer,baseline,4,0.473675,0.113102,0.143743,0.839269,0.600132,1.297914,synthetic_smoke_v0,0.171735
mintou_p2,multi_step_forecast,GCN-Transformer,baseline,5,0.475607,0.113928,0.145708,0.839008,0.598964,1.253808,synthetic_smoke_v0,0.178647
mintou_p2,multi_step_forecast,CNN-LSTM,baseline,1,0.550151,0.125350,0.169883,0.752691,0.649860,0.854184,synthetic_smoke_v0,0.185067
mintou_p2,multi_step_forecast,CNN-LSTM,baseline,2,0.528989,0.114406,0.154388,0.782576,0.644551,0.905432,synthetic_smoke_v0,0.184665
mintou_p2,multi_step_forecast,CNN-LSTM,baseline,3,0.524795,0.119266,0.154326,0.787118,0.622147,0.772170,synthetic_smoke_v0,0.180276
mintou_p2,multi_step_forecast,CNN-LSTM,baseline,4,0.504162,0.120983,0.161750,0.779611,0.642897,0.777006,synthetic_smoke_v0,0.189469
mintou_p2,multi_step_forecast,CNN-LSTM,baseline,5,0.525441,0.121141,0.155150,0.779501,0.640563,1.054674,synthetic_smoke_v0,0.185666
mintou_p2,multi_step_forecast,euclidean_gcn,ablation,1,0.426412,0.102451,0.132198,0.908098,0.527808,1.062255,synthetic_smoke_v0,0.165886
mintou_p2,multi_step_forecast,euclidean_gcn,ablation,2,0.427872,0.103891,0.141160,0.907147,0.527640,1.044364,synthetic_smoke_v0,0.163888
mintou_p2,multi_step_forecast,euclidean_gcn,ablation,3,0.430121,0.105213,0.136877,0.882509,0.565482,1.081315,synthetic_smoke_v0,0.164461
mintou_p2,multi_step_forecast,euclidean_gcn,ablation,4,0.418343,0.101748,0.141866,0.906795,0.542462,1.123174,synthetic_smoke_v0,0.152369
mintou_p2,multi_step_forecast,euclidean_gcn,ablation,5,0.434576,0.107170,0.145086,0.883124,0.543270,1.204231,synthetic_smoke_v0,0.158347
mintou_p2,multi_step_forecast,fixed_curvature,ablation,1,0.437743,0.106161,0.141650,0.882010,0.554912,1.021675,synthetic_smoke_v0,0.169444
mintou_p2,multi_step_forecast,fixed_curvature,ablation,2,0.446394,0.104828,0.143430,0.880839,0.549405,1.149373,synthetic_smoke_v0,0.167707
mintou_p2,multi_step_forecast,fixed_curvature,ablation,3,0.418189,0.103398,0.139423,0.898401,0.527158,0.907306,synthetic_smoke_v0,0.155099
mintou_p2,multi_step_forecast,fixed_curvature,ablation,4,0.454635,0.105023,0.139163,0.875201,0.558582,1.054665,synthetic_smoke_v0,0.171099
mintou_p2,multi_step_forecast,fixed_curvature,ablation,5,0.439718,0.106657,0.144843,0.869344,0.573549,1.234743,synthetic_smoke_v0,0.170158
mintou_p2,multi_step_forecast,temporal_only,ablation,1,0.466053,0.104780,0.149299,0.865191,0.557029,1.096976,synthetic_smoke_v0,0.162534
mintou_p2,multi_step_forecast,temporal_only,ablation,2,0.472610,0.106462,0.144962,0.856447,0.579807,0.954709,synthetic_smoke_v0,0.176092
mintou_p2,multi_step_forecast,temporal_only,ablation,3,0.463406,0.106335,0.148512,0.872964,0.563759,1.051905,synthetic_smoke_v0,0.158756
mintou_p2,multi_step_forecast,temporal_only,ablation,4,0.471648,0.110263,0.152630,0.848947,0.592482,0.979190,synthetic_smoke_v0,0.173567
mintou_p2,multi_step_forecast,temporal_only,ablation,5,0.463143,0.113600,0.142284,0.848745,0.567992,1.122153,synthetic_smoke_v0,0.164899
mintou_p2,multi_step_forecast,no_weather_features,ablation,1,0.461611,0.107153,0.149673,0.839701,0.572404,0.918528,synthetic_smoke_v0,0.174029
mintou_p2,multi_step_forecast,no_weather_features,ablation,2,0.462316,0.105331,0.143180,0.853403,0.586591,1.094440,synthetic_smoke_v0,0.172114
mintou_p2,multi_step_forecast,no_weather_features,ablation,3,0.490046,0.111416,0.151399,0.829956,0.588179,1.086712,synthetic_smoke_v0,0.167571
mintou_p2,multi_step_forecast,no_weather_features,ablation,4,0.481006,0.114920,0.149420,0.829965,0.593225,1.095213,synthetic_smoke_v0,0.180034
mintou_p2,multi_step_forecast,no_weather_features,ablation,5,0.478581,0.106627,0.149184,0.845385,0.573754,0.980596,synthetic_smoke_v0,0.173966
mintou_p2,multi_step_forecast,physical_edges_only,ablation,1,0.486740,0.114444,0.149305,0.830125,0.607401,1.029926,synthetic_smoke_v0,0.181680
mintou_p2,multi_step_forecast,physical_edges_only,ablation,2,0.468283,0.110118,0.149296,0.830575,0.592441,1.318323,synthetic_smoke_v0,0.179326
mintou_p2,multi_step_forecast,physical_edges_only,ablation,3,0.478920,0.112910,0.148676,0.815109,0.599015,1.125345,synthetic_smoke_v0,0.176091
mintou_p2,multi_step_forecast,physical_edges_only,ablation,4,0.482057,0.110049,0.151406,0.824218,0.606470,1.065020,synthetic_smoke_v0,0.175617
mintou_p2,multi_step_forecast,physical_edges_only,ablation,5,0.470896,0.113310,0.144937,0.835341,0.592941,1.074988,synthetic_smoke_v0,0.174202
mintou_p2,multi_step_forecast,poincare_only,ablation,1,0.492761,0.112748,0.155624,0.804715,0.602987,1.292822,synthetic_smoke_v0,0.183619
mintou_p2,multi_step_forecast,poincare_only,ablation,2,0.507543,0.113112,0.152708,0.809432,0.601085,0.975595,synthetic_smoke_v0,0.178853
mintou_p2,multi_step_forecast,poincare_only,ablation,3,0.487486,0.110165,0.149954,0.820371,0.586873,1.066655,synthetic_smoke_v0,0.173724
mintou_p2,multi_step_forecast,poincare_only,ablation,4,0.487813,0.113699,0.150755,0.816732,0.610548,1.311363,synthetic_smoke_v0,0.172731
mintou_p2,multi_step_forecast,poincare_only,ablation,5,0.508951,0.115950,0.158490,0.804408,0.603391,1.255051,synthetic_smoke_v0,0.185732
mintou_p2,multi_step_forecast,short_horizon_only,ablation,1,0.520286,0.121729,0.164953,0.773898,0.629475,1.177800,synthetic_smoke_v0,0.184183
mintou_p2,multi_step_forecast,short_horizon_only,ablation,2,0.508680,0.114837,0.150376,0.807280,0.606631,1.100132,synthetic_smoke_v0,0.172460
mintou_p2,multi_step_forecast,short_horizon_only,ablation,3,0.519733,0.119329,0.152305,0.793326,0.614409,1.066782,synthetic_smoke_v0,0.173561
mintou_p2,multi_step_forecast,short_horizon_only,ablation,4,0.510140,0.114074,0.159331,0.800948,0.603911,1.297206,synthetic_smoke_v0,0.176691
mintou_p2,multi_step_forecast,short_horizon_only,ablation,5,0.509013,0.120291,0.153775,0.793295,0.606918,1.439515,synthetic_smoke_v0,0.185713
mintou_p2,day_ahead_forecast,HyG-LoadFormer,proposed,1,0.417309,0.097173,0.132340,0.921034,0.528165,1.211062,synthetic_smoke_v0,0.162977
mintou_p2,day_ahead_forecast,HyG-LoadFormer,proposed,2,0.434844,0.106030,0.138762,0.897679,0.548043,1.367350,synthetic_smoke_v0,0.152655
mintou_p2,day_ahead_forecast,HyG-LoadFormer,proposed,3,0.420659,0.099030,0.131060,0.906067,0.545523,1.103341,synthetic_smoke_v0,0.158891
mintou_p2,day_ahead_forecast,HyG-LoadFormer,proposed,4,0.427413,0.102446,0.139011,0.896217,0.552811,1.201593,synthetic_smoke_v0,0.152903
mintou_p2,day_ahead_forecast,HyG-LoadFormer,proposed,5,0.438437,0.102798,0.134059,0.892409,0.554728,1.325204,synthetic_smoke_v0,0.156405
mintou_p2,day_ahead_forecast,ARIMA,baseline,1,0.633999,0.145118,0.193559,0.601512,0.762518,0.358901,synthetic_smoke_v0,0.222239
mintou_p2,day_ahead_forecast,ARIMA,baseline,2,0.680683,0.149281,0.202320,0.568261,0.799324,0.379834,synthetic_smoke_v0,0.220397
mintou_p2,day_ahead_forecast,ARIMA,baseline,3,0.646581,0.138412,0.193805,0.602858,0.755311,0.383134,synthetic_smoke_v0,0.215305
mintou_p2,day_ahead_forecast,ARIMA,baseline,4,0.675245,0.141662,0.199873,0.576609,0.784195,0.359226,synthetic_smoke_v0,0.220241
mintou_p2,day_ahead_forecast,ARIMA,baseline,5,0.670746,0.145694,0.198663,0.572871,0.786118,0.349283,synthetic_smoke_v0,0.227827
mintou_p2,day_ahead_forecast,XGBoost,baseline,1,0.571477,0.127948,0.174884,0.699758,0.704684,0.529725,synthetic_smoke_v0,0.202878
mintou_p2,day_ahead_forecast,XGBoost,baseline,2,0.589490,0.132120,0.174981,0.688431,0.688893,0.652192,synthetic_smoke_v0,0.194733
mintou_p2,day_ahead_forecast,XGBoost,baseline,3,0.585479,0.129668,0.177683,0.686631,0.707626,0.510866,synthetic_smoke_v0,0.209597
mintou_p2,day_ahead_forecast,XGBoost,baseline,4,0.574875,0.131489,0.169532,0.697361,0.701285,0.555256,synthetic_smoke_v0,0.192599
mintou_p2,day_ahead_forecast,XGBoost,baseline,5,0.572517,0.126485,0.178082,0.692974,0.697191,0.665367,synthetic_smoke_v0,0.194827
mintou_p2,day_ahead_forecast,LSTM,baseline,1,0.557455,0.128098,0.173779,0.710421,0.696693,0.674016,synthetic_smoke_v0,0.199984
mintou_p2,day_ahead_forecast,LSTM,baseline,2,0.577427,0.128470,0.167588,0.711176,0.686343,0.841646,synthetic_smoke_v0,0.200631
mintou_p2,day_ahead_forecast,LSTM,baseline,3,0.566643,0.133408,0.170180,0.693015,0.684829,0.798228,synthetic_smoke_v0,0.196784
mintou_p2,day_ahead_forecast,LSTM,baseline,4,0.572067,0.126267,0.178780,0.701603,0.680354,0.650461,synthetic_smoke_v0,0.202238
mintou_p2,day_ahead_forecast,LSTM,baseline,5,0.587510,0.126886,0.176686,0.700359,0.704714,0.710924,synthetic_smoke_v0,0.192201
mintou_p2,day_ahead_forecast,BiLSTM,baseline,1,0.540630,0.124205,0.172950,0.734971,0.670879,0.856614,synthetic_smoke_v0,0.192088
mintou_p2,day_ahead_forecast,BiLSTM,baseline,2,0.545785,0.127552,0.173689,0.724012,0.684583,0.803389,synthetic_smoke_v0,0.189809
mintou_p2,day_ahead_forecast,BiLSTM,baseline,3,0.547571,0.120658,0.171616,0.738560,0.663185,0.748867,synthetic_smoke_v0,0.192704
mintou_p2,day_ahead_forecast,BiLSTM,baseline,4,0.564505,0.130748,0.167170,0.710751,0.695004,0.936489,synthetic_smoke_v0,0.191977
mintou_p2,day_ahead_forecast,BiLSTM,baseline,5,0.569685,0.121430,0.165577,0.729377,0.681886,0.939659,synthetic_smoke_v0,0.186976
mintou_p2,day_ahead_forecast,TCN,baseline,1,0.564781,0.123661,0.167402,0.735827,0.670216,0.748692,synthetic_smoke_v0,0.196794
mintou_p2,day_ahead_forecast,TCN,baseline,2,0.534015,0.122615,0.164852,0.742790,0.651362,0.740454,synthetic_smoke_v0,0.190057
mintou_p2,day_ahead_forecast,TCN,baseline,3,0.546873,0.121841,0.171956,0.736168,0.679388,0.720509,synthetic_smoke_v0,0.192830
mintou_p2,day_ahead_forecast,TCN,baseline,4,0.550796,0.126067,0.165404,0.734382,0.676632,0.663274,synthetic_smoke_v0,0.190298
mintou_p2,day_ahead_forecast,TCN,baseline,5,0.557720,0.120491,0.165914,0.745541,0.648689,0.698719,synthetic_smoke_v0,0.189234
mintou_p2,day_ahead_forecast,Transformer,baseline,1,0.514549,0.118539,0.165148,0.771243,0.628963,1.119124,synthetic_smoke_v0,0.188741
mintou_p2,day_ahead_forecast,Transformer,baseline,2,0.538196,0.122555,0.169686,0.752766,0.640577,0.918972,synthetic_smoke_v0,0.184981
mintou_p2,day_ahead_forecast,Transformer,baseline,3,0.517225,0.122944,0.163431,0.760834,0.644591,1.172143,synthetic_smoke_v0,0.193564
mintou_p2,day_ahead_forecast,Transformer,baseline,4,0.528752,0.118112,0.159342,0.772435,0.627102,1.108062,synthetic_smoke_v0,0.186577
mintou_p2,day_ahead_forecast,Transformer,baseline,5,0.536579,0.123844,0.159708,0.748964,0.661052,1.284521,synthetic_smoke_v0,0.190403
mintou_p2,day_ahead_forecast,Euclidean GCN,baseline,1,0.536155,0.121604,0.165923,0.756394,0.655524,0.994200,synthetic_smoke_v0,0.184024
mintou_p2,day_ahead_forecast,Euclidean GCN,baseline,2,0.513597,0.115243,0.158240,0.784828,0.620342,1.036394,synthetic_smoke_v0,0.177535
mintou_p2,day_ahead_forecast,Euclidean GCN,baseline,3,0.528256,0.114665,0.161653,0.779679,0.622755,0.887713,synthetic_smoke_v0,0.184014
mintou_p2,day_ahead_forecast,Euclidean GCN,baseline,4,0.524353,0.122458,0.160425,0.753492,0.642942,1.203452,synthetic_smoke_v0,0.194092
mintou_p2,day_ahead_forecast,Euclidean GCN,baseline,5,0.524993,0.121780,0.155690,0.777718,0.637115,0.911890,synthetic_smoke_v0,0.181929
mintou_p2,day_ahead_forecast,GCN-Transformer,baseline,1,0.497442,0.117485,0.155474,0.791873,0.631885,0.994947,synthetic_smoke_v0,0.175185
mintou_p2,day_ahead_forecast,GCN-Transformer,baseline,2,0.489326,0.113719,0.155020,0.801228,0.618044,1.210028,synthetic_smoke_v0,0.180245
mintou_p2,day_ahead_forecast,GCN-Transformer,baseline,3,0.521595,0.117978,0.157209,0.793246,0.623597,1.279121,synthetic_smoke_v0,0.179815
mintou_p2,day_ahead_forecast,GCN-Transformer,baseline,4,0.512081,0.119017,0.160691,0.798077,0.632005,1.100324,synthetic_smoke_v0,0.172790
mintou_p2,day_ahead_forecast,GCN-Transformer,baseline,5,0.490710,0.117213,0.158675,0.804578,0.613715,1.258953,synthetic_smoke_v0,0.181652
mintou_p2,day_ahead_forecast,CNN-LSTM,baseline,1,0.520161,0.123410,0.166965,0.759313,0.644990,0.904187,synthetic_smoke_v0,0.189102
mintou_p2,day_ahead_forecast,CNN-LSTM,baseline,2,0.547696,0.126112,0.164561,0.734218,0.654005,0.855248,synthetic_smoke_v0,0.192070
mintou_p2,day_ahead_forecast,CNN-LSTM,baseline,3,0.540907,0.122971,0.166159,0.731527,0.681674,0.959493,synthetic_smoke_v0,0.193925
mintou_p2,day_ahead_forecast,CNN-LSTM,baseline,4,0.540505,0.124254,0.165827,0.754919,0.654367,0.973147,synthetic_smoke_v0,0.182734
mintou_p2,day_ahead_forecast,CNN-LSTM,baseline,5,0.542601,0.123749,0.169591,0.750415,0.655987,0.974367,synthetic_smoke_v0,0.182535
mintou_p2,day_ahead_forecast,euclidean_gcn,ablation,1,0.438277,0.104691,0.143488,0.871955,0.547206,0.966423,synthetic_smoke_v0,0.160318
mintou_p2,day_ahead_forecast,euclidean_gcn,ablation,2,0.443928,0.103492,0.145272,0.890782,0.543443,1.129811,synthetic_smoke_v0,0.155149
mintou_p2,day_ahead_forecast,euclidean_gcn,ablation,3,0.461017,0.106901,0.147143,0.879659,0.547891,1.028886,synthetic_smoke_v0,0.166674
mintou_p2,day_ahead_forecast,euclidean_gcn,ablation,4,0.443606,0.107116,0.141367,0.888458,0.543097,1.014414,synthetic_smoke_v0,0.157233
mintou_p2,day_ahead_forecast,euclidean_gcn,ablation,5,0.447929,0.109846,0.147423,0.863743,0.573592,1.019768,synthetic_smoke_v0,0.169486
mintou_p2,day_ahead_forecast,fixed_curvature,ablation,1,0.462009,0.109707,0.145059,0.872591,0.560963,1.017342,synthetic_smoke_v0,0.164715
mintou_p2,day_ahead_forecast,fixed_curvature,ablation,2,0.451485,0.111611,0.149992,0.856085,0.557923,0.930453,synthetic_smoke_v0,0.162031
mintou_p2,day_ahead_forecast,fixed_curvature,ablation,3,0.459587,0.105407,0.144085,0.867517,0.576777,1.053927,synthetic_smoke_v0,0.162011
mintou_p2,day_ahead_forecast,fixed_curvature,ablation,4,0.463150,0.107802,0.144120,0.848373,0.580467,0.948560,synthetic_smoke_v0,0.168036
mintou_p2,day_ahead_forecast,fixed_curvature,ablation,5,0.476460,0.106938,0.148265,0.840223,0.574200,1.062322,synthetic_smoke_v0,0.175188
mintou_p2,day_ahead_forecast,temporal_only,ablation,1,0.480870,0.108929,0.144489,0.843082,0.596973,1.147848,synthetic_smoke_v0,0.177089
mintou_p2,day_ahead_forecast,temporal_only,ablation,2,0.481565,0.109317,0.155283,0.834197,0.592473,1.200908,synthetic_smoke_v0,0.176009
mintou_p2,day_ahead_forecast,temporal_only,ablation,3,0.489630,0.108875,0.150371,0.828508,0.585144,1.245299,synthetic_smoke_v0,0.171373
mintou_p2,day_ahead_forecast,temporal_only,ablation,4,0.466681,0.109107,0.143324,0.841080,0.595007,1.308696,synthetic_smoke_v0,0.175437
mintou_p2,day_ahead_forecast,temporal_only,ablation,5,0.482676,0.107388,0.142216,0.849487,0.572041,1.271429,synthetic_smoke_v0,0.164477
mintou_p2,day_ahead_forecast,no_weather_features,ablation,1,0.485949,0.111312,0.153521,0.816430,0.601706,1.255584,synthetic_smoke_v0,0.181873
mintou_p2,day_ahead_forecast,no_weather_features,ablation,2,0.496164,0.110908,0.149005,0.820413,0.601757,1.165546,synthetic_smoke_v0,0.180136
mintou_p2,day_ahead_forecast,no_weather_features,ablation,3,0.476374,0.114726,0.151854,0.828965,0.592472,1.012385,synthetic_smoke_v0,0.169441
mintou_p2,day_ahead_forecast,no_weather_features,ablation,4,0.488028,0.114316,0.151990,0.802494,0.606118,0.998016,synthetic_smoke_v0,0.178441
mintou_p2,day_ahead_forecast,no_weather_features,ablation,5,0.497074,0.116456,0.153246,0.802630,0.605501,1.281917,synthetic_smoke_v0,0.180138
mintou_p2,day_ahead_forecast,physical_edges_only,ablation,1,0.506966,0.116759,0.155392,0.800443,0.622497,1.141533,synthetic_smoke_v0,0.183674
mintou_p2,day_ahead_forecast,physical_edges_only,ablation,2,0.491771,0.113523,0.155030,0.806245,0.602394,1.254572,synthetic_smoke_v0,0.186122
mintou_p2,day_ahead_forecast,physical_edges_only,ablation,3,0.520083,0.115006,0.154891,0.797614,0.618724,1.133949,synthetic_smoke_v0,0.177387
mintou_p2,day_ahead_forecast,physical_edges_only,ablation,4,0.503976,0.117051,0.157120,0.801907,0.602512,1.314385,synthetic_smoke_v0,0.178866
mintou_p2,day_ahead_forecast,physical_edges_only,ablation,5,0.496191,0.117048,0.151783,0.817474,0.601173,1.032663,synthetic_smoke_v0,0.175104
mintou_p2,day_ahead_forecast,poincare_only,ablation,1,0.507966,0.121324,0.159746,0.788983,0.624246,1.076921,synthetic_smoke_v0,0.178831
mintou_p2,day_ahead_forecast,poincare_only,ablation,2,0.501967,0.121037,0.154631,0.791445,0.616443,1.227898,synthetic_smoke_v0,0.186143
mintou_p2,day_ahead_forecast,poincare_only,ablation,3,0.514522,0.118189,0.162432,0.774582,0.628545,1.386550,synthetic_smoke_v0,0.188589
mintou_p2,day_ahead_forecast,poincare_only,ablation,4,0.531589,0.117043,0.158146,0.773398,0.624089,1.425299,synthetic_smoke_v0,0.192138
mintou_p2,day_ahead_forecast,poincare_only,ablation,5,0.495524,0.113192,0.159153,0.792288,0.628180,1.209615,synthetic_smoke_v0,0.186889
mintou_p2,day_ahead_forecast,short_horizon_only,ablation,1,0.517055,0.117992,0.158114,0.770158,0.641220,1.334051,synthetic_smoke_v0,0.179867
mintou_p2,day_ahead_forecast,short_horizon_only,ablation,2,0.535914,0.125904,0.160140,0.748377,0.658359,1.160914,synthetic_smoke_v0,0.194155
mintou_p2,day_ahead_forecast,short_horizon_only,ablation,3,0.523694,0.121326,0.164554,0.762445,0.650411,1.211709,synthetic_smoke_v0,0.183743
mintou_p2,day_ahead_forecast,short_horizon_only,ablation,4,0.521820,0.120766,0.167341,0.762736,0.638230,1.052615,synthetic_smoke_v0,0.189616
mintou_p2,day_ahead_forecast,short_horizon_only,ablation,5,0.525248,0.122486,0.163084,0.776196,0.646386,1.418211,synthetic_smoke_v0,0.188296
mintou_p2,feeder_profile_forecast,HyG-LoadFormer,proposed,1,0.452647,0.109787,0.138726,0.865479,0.562647,1.362986,synthetic_smoke_v0,0.170190
mintou_p2,feeder_profile_forecast,HyG-LoadFormer,proposed,2,0.488697,0.110485,0.143707,0.841125,0.576578,1.162067,synthetic_smoke_v0,0.164262
mintou_p2,feeder_profile_forecast,HyG-LoadFormer,proposed,3,0.460845,0.109134,0.142949,0.850933,0.574575,1.350339,synthetic_smoke_v0,0.166000
mintou_p2,feeder_profile_forecast,HyG-LoadFormer,proposed,4,0.456815,0.110600,0.149358,0.846212,0.587136,1.505014,synthetic_smoke_v0,0.176110
mintou_p2,feeder_profile_forecast,HyG-LoadFormer,proposed,5,0.491050,0.114456,0.145258,0.835593,0.593027,1.292392,synthetic_smoke_v0,0.173245
mintou_p2,feeder_profile_forecast,ARIMA,baseline,1,0.685578,0.151298,0.199908,0.558458,0.802697,0.365263,synthetic_smoke_v0,0.233215
mintou_p2,feeder_profile_forecast,ARIMA,baseline,2,0.664704,0.150632,0.202599,0.560464,0.794597,0.406068,synthetic_smoke_v0,0.225700
mintou_p2,feeder_profile_forecast,ARIMA,baseline,3,0.704941,0.149944,0.207200,0.530370,0.840987,0.345221,synthetic_smoke_v0,0.230468
mintou_p2,feeder_profile_forecast,ARIMA,baseline,4,0.694788,0.149538,0.204559,0.531001,0.838950,0.413178,synthetic_smoke_v0,0.231118
mintou_p2,feeder_profile_forecast,ARIMA,baseline,5,0.690944,0.145201,0.201764,0.558121,0.811552,0.423221,synthetic_smoke_v0,0.221291
mintou_p2,feeder_profile_forecast,XGBoost,baseline,1,0.619346,0.140321,0.189587,0.632751,0.736503,0.621368,synthetic_smoke_v0,0.215941
mintou_p2,feeder_profile_forecast,XGBoost,baseline,2,0.598411,0.138490,0.180359,0.655952,0.727075,0.575431,synthetic_smoke_v0,0.207035
mintou_p2,feeder_profile_forecast,XGBoost,baseline,3,0.622800,0.138826,0.184848,0.628145,0.758743,0.631828,synthetic_smoke_v0,0.212225
mintou_p2,feeder_profile_forecast,XGBoost,baseline,4,0.611862,0.140872,0.186037,0.638500,0.733597,0.574852,synthetic_smoke_v0,0.213699
mintou_p2,feeder_profile_forecast,XGBoost,baseline,5,0.619662,0.137699,0.186653,0.655511,0.738825,0.715184,synthetic_smoke_v0,0.210076
mintou_p2,feeder_profile_forecast,LSTM,baseline,1,0.618358,0.135560,0.184438,0.652337,0.720945,0.687685,synthetic_smoke_v0,0.202657
mintou_p2,feeder_profile_forecast,LSTM,baseline,2,0.582851,0.130527,0.177513,0.671403,0.711734,0.733621,synthetic_smoke_v0,0.209179
mintou_p2,feeder_profile_forecast,LSTM,baseline,3,0.586246,0.129751,0.184438,0.672523,0.721447,0.863729,synthetic_smoke_v0,0.209127
mintou_p2,feeder_profile_forecast,LSTM,baseline,4,0.609823,0.137781,0.178022,0.662738,0.716655,0.813964,synthetic_smoke_v0,0.210203
mintou_p2,feeder_profile_forecast,LSTM,baseline,5,0.611646,0.136698,0.182918,0.660677,0.738530,0.844799,synthetic_smoke_v0,0.209052
mintou_p2,feeder_profile_forecast,BiLSTM,baseline,1,0.594426,0.129872,0.177455,0.684205,0.706853,0.966174,synthetic_smoke_v0,0.206016
mintou_p2,feeder_profile_forecast,BiLSTM,baseline,2,0.595077,0.132750,0.174215,0.666678,0.723323,0.986480,synthetic_smoke_v0,0.213595
mintou_p2,feeder_profile_forecast,BiLSTM,baseline,3,0.588011,0.136240,0.181154,0.669646,0.718786,0.821910,synthetic_smoke_v0,0.198636
mintou_p2,feeder_profile_forecast,BiLSTM,baseline,4,0.572588,0.134541,0.174640,0.686861,0.706726,1.023887,synthetic_smoke_v0,0.201267
mintou_p2,feeder_profile_forecast,BiLSTM,baseline,5,0.584962,0.130783,0.170847,0.690071,0.700332,0.856994,synthetic_smoke_v0,0.196221
mintou_p2,feeder_profile_forecast,TCN,baseline,1,0.575360,0.133416,0.174899,0.694823,0.690477,0.884166,synthetic_smoke_v0,0.195457
mintou_p2,feeder_profile_forecast,TCN,baseline,2,0.576427,0.126759,0.174276,0.698256,0.698559,0.868386,synthetic_smoke_v0,0.201640
mintou_p2,feeder_profile_forecast,TCN,baseline,3,0.594286,0.129218,0.172921,0.673567,0.711443,0.917310,synthetic_smoke_v0,0.204252
mintou_p2,feeder_profile_forecast,TCN,baseline,4,0.590027,0.131773,0.184450,0.672564,0.704528,0.744098,synthetic_smoke_v0,0.210966
mintou_p2,feeder_profile_forecast,TCN,baseline,5,0.586689,0.129097,0.170347,0.694680,0.690020,0.803110,synthetic_smoke_v0,0.195125
mintou_p2,feeder_profile_forecast,Transformer,baseline,1,0.572157,0.130602,0.170289,0.714810,0.672635,1.090051,synthetic_smoke_v0,0.194675
mintou_p2,feeder_profile_forecast,Transformer,baseline,2,0.558217,0.131870,0.170065,0.705095,0.696619,1.142548,synthetic_smoke_v0,0.196447
mintou_p2,feeder_profile_forecast,Transformer,baseline,3,0.553510,0.123685,0.166558,0.722062,0.668474,0.996690,synthetic_smoke_v0,0.203315
mintou_p2,feeder_profile_forecast,Transformer,baseline,4,0.578900,0.128890,0.171924,0.708005,0.686533,1.152054,synthetic_smoke_v0,0.203227
mintou_p2,feeder_profile_forecast,Transformer,baseline,5,0.588796,0.133406,0.176363,0.692097,0.692221,1.315389,synthetic_smoke_v0,0.209409
mintou_p2,feeder_profile_forecast,Euclidean GCN,baseline,1,0.555321,0.124333,0.171301,0.718869,0.680407,1.105696,synthetic_smoke_v0,0.191023
mintou_p2,feeder_profile_forecast,Euclidean GCN,baseline,2,0.576102,0.127584,0.165890,0.714869,0.669084,1.057827,synthetic_smoke_v0,0.189392
mintou_p2,feeder_profile_forecast,Euclidean GCN,baseline,3,0.551248,0.126658,0.169167,0.727918,0.659986,0.945204,synthetic_smoke_v0,0.200680
mintou_p2,feeder_profile_forecast,Euclidean GCN,baseline,4,0.550637,0.126478,0.168421,0.730251,0.666893,1.022952,synthetic_smoke_v0,0.193047
mintou_p2,feeder_profile_forecast,Euclidean GCN,baseline,5,0.544448,0.128453,0.171815,0.726694,0.673510,1.058076,synthetic_smoke_v0,0.195727
mintou_p2,feeder_profile_forecast,GCN-Transformer,baseline,1,0.537865,0.124366,0.165964,0.758432,0.634454,1.396404,synthetic_smoke_v0,0.193632
mintou_p2,feeder_profile_forecast,GCN-Transformer,baseline,2,0.520130,0.118436,0.166416,0.761000,0.648045,1.279483,synthetic_smoke_v0,0.182975
mintou_p2,feeder_profile_forecast,GCN-Transformer,baseline,3,0.552910,0.124007,0.164215,0.728694,0.668684,1.154595,synthetic_smoke_v0,0.201924
mintou_p2,feeder_profile_forecast,GCN-Transformer,baseline,4,0.547538,0.125556,0.163428,0.749824,0.662410,1.361593,synthetic_smoke_v0,0.192629
mintou_p2,feeder_profile_forecast,GCN-Transformer,baseline,5,0.538140,0.126129,0.165063,0.739855,0.669897,1.210002,synthetic_smoke_v0,0.194534
mintou_p2,feeder_profile_forecast,CNN-LSTM,baseline,1,0.559001,0.125915,0.168439,0.708134,0.690171,0.837349,synthetic_smoke_v0,0.204542
mintou_p2,feeder_profile_forecast,CNN-LSTM,baseline,2,0.593058,0.128443,0.182941,0.683546,0.702940,0.852794,synthetic_smoke_v0,0.207325
mintou_p2,feeder_profile_forecast,CNN-LSTM,baseline,3,0.585206,0.127711,0.171792,0.686087,0.707688,0.976709,synthetic_smoke_v0,0.202878
mintou_p2,feeder_profile_forecast,CNN-LSTM,baseline,4,0.591756,0.127839,0.172462,0.697284,0.690409,1.041505,synthetic_smoke_v0,0.204841
mintou_p2,feeder_profile_forecast,CNN-LSTM,baseline,5,0.563573,0.125809,0.167820,0.706691,0.687927,1.002146,synthetic_smoke_v0,0.200601
mintou_p2,feeder_profile_forecast,euclidean_gcn,ablation,1,0.490065,0.111501,0.148965,0.824452,0.582591,1.095818,synthetic_smoke_v0,0.178332
mintou_p2,feeder_profile_forecast,euclidean_gcn,ablation,2,0.493238,0.111565,0.156866,0.826842,0.583277,1.274164,synthetic_smoke_v0,0.173242
mintou_p2,feeder_profile_forecast,euclidean_gcn,ablation,3,0.495013,0.110066,0.145808,0.823997,0.600785,1.157280,synthetic_smoke_v0,0.173746
mintou_p2,feeder_profile_forecast,euclidean_gcn,ablation,4,0.473962,0.114272,0.147085,0.831454,0.587488,1.078077,synthetic_smoke_v0,0.167169
mintou_p2,feeder_profile_forecast,euclidean_gcn,ablation,5,0.500669,0.113640,0.161461,0.802175,0.625218,1.050250,synthetic_smoke_v0,0.180110
mintou_p2,feeder_profile_forecast,fixed_curvature,ablation,1,0.521592,0.121330,0.157124,0.783588,0.624353,1.156302,synthetic_smoke_v0,0.189875
mintou_p2,feeder_profile_forecast,fixed_curvature,ablation,2,0.497514,0.115092,0.159225,0.790801,0.633904,0.987172,synthetic_smoke_v0,0.176936
mintou_p2,feeder_profile_forecast,fixed_curvature,ablation,3,0.492678,0.117794,0.159672,0.800191,0.609969,1.331832,synthetic_smoke_v0,0.187488
mintou_p2,feeder_profile_forecast,fixed_curvature,ablation,4,0.510366,0.118434,0.157160,0.802630,0.616886,1.105200,synthetic_smoke_v0,0.182731
mintou_p2,feeder_profile_forecast,fixed_curvature,ablation,5,0.514676,0.115062,0.153639,0.799548,0.627152,1.102770,synthetic_smoke_v0,0.185676
mintou_p2,feeder_profile_forecast,temporal_only,ablation,1,0.508702,0.114544,0.157927,0.792496,0.608553,1.307185,synthetic_smoke_v0,0.178349
mintou_p2,feeder_profile_forecast,temporal_only,ablation,2,0.509312,0.122461,0.162450,0.772108,0.635356,1.165169,synthetic_smoke_v0,0.190035
mintou_p2,feeder_profile_forecast,temporal_only,ablation,3,0.524389,0.122178,0.165866,0.775507,0.646714,1.317227,synthetic_smoke_v0,0.190368
mintou_p2,feeder_profile_forecast,temporal_only,ablation,4,0.518091,0.113424,0.160061,0.798749,0.616431,1.350132,synthetic_smoke_v0,0.176963
mintou_p2,feeder_profile_forecast,temporal_only,ablation,5,0.520524,0.119188,0.155867,0.788102,0.618695,1.390022,synthetic_smoke_v0,0.183768
mintou_p2,feeder_profile_forecast,no_weather_features,ablation,1,0.546689,0.122754,0.167267,0.760288,0.642749,1.279974,synthetic_smoke_v0,0.185256
mintou_p2,feeder_profile_forecast,no_weather_features,ablation,2,0.525507,0.123106,0.167063,0.769445,0.652829,1.270603,synthetic_smoke_v0,0.184110
mintou_p2,feeder_profile_forecast,no_weather_features,ablation,3,0.538539,0.125056,0.167761,0.760809,0.649125,1.037639,synthetic_smoke_v0,0.191187
mintou_p2,feeder_profile_forecast,no_weather_features,ablation,4,0.539786,0.124723,0.170130,0.753813,0.644552,1.387637,synthetic_smoke_v0,0.190781
mintou_p2,feeder_profile_forecast,no_weather_features,ablation,5,0.542252,0.121602,0.159089,0.753476,0.653790,1.237194,synthetic_smoke_v0,0.192858
mintou_p2,feeder_profile_forecast,physical_edges_only,ablation,1,0.520971,0.125482,0.162793,0.757221,0.635020,1.366938,synthetic_smoke_v0,0.180868
mintou_p2,feeder_profile_forecast,physical_edges_only,ablation,2,0.559108,0.123711,0.165523,0.733129,0.666822,1.121215,synthetic_smoke_v0,0.200100
mintou_p2,feeder_profile_forecast,physical_edges_only,ablation,3,0.541389,0.119281,0.171515,0.744230,0.655375,1.156001,synthetic_smoke_v0,0.198341
mintou_p2,feeder_profile_forecast,physical_edges_only,ablation,4,0.541845,0.124561,0.170869,0.750181,0.644310,1.446856,synthetic_smoke_v0,0.196718
mintou_p2,feeder_profile_forecast,physical_edges_only,ablation,5,0.538425,0.124433,0.170769,0.741949,0.658686,1.451139,synthetic_smoke_v0,0.191391
mintou_p2,feeder_profile_forecast,poincare_only,ablation,1,0.555154,0.124271,0.167769,0.741272,0.669871,1.076951,synthetic_smoke_v0,0.192754
mintou_p2,feeder_profile_forecast,poincare_only,ablation,2,0.553512,0.125305,0.168416,0.737584,0.666909,1.198795,synthetic_smoke_v0,0.199877
mintou_p2,feeder_profile_forecast,poincare_only,ablation,3,0.551770,0.120536,0.166037,0.744692,0.651389,1.262966,synthetic_smoke_v0,0.183822
mintou_p2,feeder_profile_forecast,poincare_only,ablation,4,0.528254,0.121655,0.163600,0.747130,0.649443,1.274622,synthetic_smoke_v0,0.196023
mintou_p2,feeder_profile_forecast,poincare_only,ablation,5,0.557305,0.126525,0.166008,0.730823,0.661652,1.415998,synthetic_smoke_v0,0.195719
mintou_p2,feeder_profile_forecast,short_horizon_only,ablation,1,0.589122,0.129860,0.177122,0.702024,0.704844,1.208614,synthetic_smoke_v0,0.203339
mintou_p2,feeder_profile_forecast,short_horizon_only,ablation,2,0.570640,0.125710,0.169855,0.716080,0.666596,1.173407,synthetic_smoke_v0,0.197662
mintou_p2,feeder_profile_forecast,short_horizon_only,ablation,3,0.569093,0.125720,0.165484,0.729635,0.683559,1.313282,synthetic_smoke_v0,0.187559
mintou_p2,feeder_profile_forecast,short_horizon_only,ablation,4,0.555540,0.122367,0.170165,0.727174,0.660032,1.474941,synthetic_smoke_v0,0.200508
mintou_p2,feeder_profile_forecast,short_horizon_only,ablation,5,0.560616,0.129673,0.170149,0.710579,0.700220,1.575349,synthetic_smoke_v0,0.201636
mintou_p2,cross_region_transfer,HyG-LoadFormer,proposed,1,0.435466,0.106035,0.138408,0.879047,0.567947,1.349360,synthetic_smoke_v0,0.168028
mintou_p2,cross_region_transfer,HyG-LoadFormer,proposed,2,0.462796,0.112965,0.146788,0.852748,0.587569,1.253037,synthetic_smoke_v0,0.170688
mintou_p2,cross_region_transfer,HyG-LoadFormer,proposed,3,0.452151,0.108046,0.139553,0.866594,0.564669,1.366494,synthetic_smoke_v0,0.162782
mintou_p2,cross_region_transfer,HyG-LoadFormer,proposed,4,0.450043,0.108817,0.140365,0.868463,0.552601,1.400037,synthetic_smoke_v0,0.159852
mintou_p2,cross_region_transfer,HyG-LoadFormer,proposed,5,0.433759,0.105088,0.146444,0.878915,0.564632,1.409981,synthetic_smoke_v0,0.165519
mintou_p2,cross_region_transfer,ARIMA,baseline,1,0.682731,0.149277,0.194152,0.555902,0.818893,0.363708,synthetic_smoke_v0,0.230295
mintou_p2,cross_region_transfer,ARIMA,baseline,2,0.677181,0.142512,0.202795,0.568467,0.794745,0.403208,synthetic_smoke_v0,0.225137
mintou_p2,cross_region_transfer,ARIMA,baseline,3,0.687077,0.145928,0.201516,0.556085,0.812044,0.405181,synthetic_smoke_v0,0.226473
mintou_p2,cross_region_transfer,ARIMA,baseline,4,0.698402,0.146177,0.202008,0.549212,0.807016,0.386832,synthetic_smoke_v0,0.235833
mintou_p2,cross_region_transfer,ARIMA,baseline,5,0.693888,0.150350,0.203478,0.554106,0.804232,0.381177,synthetic_smoke_v0,0.234044
mintou_p2,cross_region_transfer,XGBoost,baseline,1,0.614257,0.131300,0.185271,0.660106,0.714943,0.538921,synthetic_smoke_v0,0.201628
mintou_p2,cross_region_transfer,XGBoost,baseline,2,0.597139,0.133051,0.177701,0.662917,0.713365,0.541403,synthetic_smoke_v0,0.199537
mintou_p2,cross_region_transfer,XGBoost,baseline,3,0.592141,0.131574,0.174203,0.669259,0.722623,0.609217,synthetic_smoke_v0,0.207931
mintou_p2,cross_region_transfer,XGBoost,baseline,4,0.616541,0.135939,0.184889,0.647860,0.738580,0.619070,synthetic_smoke_v0,0.216712
mintou_p2,cross_region_transfer,XGBoost,baseline,5,0.631301,0.135436,0.186095,0.638170,0.734656,0.646625,synthetic_smoke_v0,0.218976
mintou_p2,cross_region_transfer,LSTM,baseline,1,0.602600,0.132223,0.174646,0.677936,0.721596,0.800617,synthetic_smoke_v0,0.198831
mintou_p2,cross_region_transfer,LSTM,baseline,2,0.597363,0.132434,0.174079,0.687944,0.693974,0.857221,synthetic_smoke_v0,0.207833
mintou_p2,cross_region_transfer,LSTM,baseline,3,0.607949,0.135329,0.180163,0.667134,0.732927,0.872483,synthetic_smoke_v0,0.204480
mintou_p2,cross_region_transfer,LSTM,baseline,4,0.602217,0.132272,0.181750,0.683093,0.703408,0.902974,synthetic_smoke_v0,0.196529
mintou_p2,cross_region_transfer,LSTM,baseline,5,0.598749,0.131054,0.174141,0.676255,0.705244,0.858677,synthetic_smoke_v0,0.203122
mintou_p2,cross_region_transfer,BiLSTM,baseline,1,0.557664,0.130829,0.173948,0.709550,0.692941,0.855006,synthetic_smoke_v0,0.197969
mintou_p2,cross_region_transfer,BiLSTM,baseline,2,0.562715,0.128754,0.170132,0.699696,0.679731,0.809770,synthetic_smoke_v0,0.200261
mintou_p2,cross_region_transfer,BiLSTM,baseline,3,0.585109,0.131465,0.178644,0.685009,0.715693,0.951948,synthetic_smoke_v0,0.204563
mintou_p2,cross_region_transfer,BiLSTM,baseline,4,0.574689,0.133631,0.176641,0.690765,0.714265,0.974240,synthetic_smoke_v0,0.204823
mintou_p2,cross_region_transfer,BiLSTM,baseline,5,0.573504,0.127468,0.178017,0.698936,0.684850,0.792310,synthetic_smoke_v0,0.200432
mintou_p2,cross_region_transfer,TCN,baseline,1,0.578755,0.132043,0.177552,0.694889,0.699880,0.800265,synthetic_smoke_v0,0.196346
mintou_p2,cross_region_transfer,TCN,baseline,2,0.563762,0.129675,0.168730,0.709277,0.677612,0.750038,synthetic_smoke_v0,0.196654
mintou_p2,cross_region_transfer,TCN,baseline,3,0.567799,0.131952,0.173682,0.705443,0.675572,0.893018,synthetic_smoke_v0,0.205010
mintou_p2,cross_region_transfer,TCN,baseline,4,0.568236,0.131555,0.174588,0.704537,0.697644,0.705724,synthetic_smoke_v0,0.194627
mintou_p2,cross_region_transfer,TCN,baseline,5,0.566105,0.125609,0.172450,0.701666,0.688998,0.904881,synthetic_smoke_v0,0.192946
mintou_p2,cross_region_transfer,Transformer,baseline,1,0.567012,0.127538,0.172153,0.709623,0.690056,1.016029,synthetic_smoke_v0,0.202915
mintou_p2,cross_region_transfer,Transformer,baseline,2,0.563111,0.125648,0.172496,0.708372,0.689356,1.178440,synthetic_smoke_v0,0.193058
mintou_p2,cross_region_transfer,Transformer,baseline,3,0.573161,0.124779,0.166887,0.710273,0.673874,1.131444,synthetic_smoke_v0,0.202910
mintou_p2,cross_region_transfer,Transformer,baseline,4,0.556570,0.128293,0.177736,0.709249,0.688874,1.239694,synthetic_smoke_v0,0.193953
mintou_p2,cross_region_transfer,Transformer,baseline,5,0.558696,0.128282,0.168950,0.719786,0.676742,1.314815,synthetic_smoke_v0,0.198872
mintou_p2,cross_region_transfer,Euclidean GCN,baseline,1,0.540788,0.121266,0.171664,0.730852,0.668045,0.936317,synthetic_smoke_v0,0.195410
mintou_p2,cross_region_transfer,Euclidean GCN,baseline,2,0.558551,0.122600,0.161276,0.741325,0.654613,1.161660,synthetic_smoke_v0,0.184196
mintou_p2,cross_region_transfer,Euclidean GCN,baseline,3,0.535456,0.120687,0.170112,0.739682,0.649104,0.927910,synthetic_smoke_v0,0.186904
mintou_p2,cross_region_transfer,Euclidean GCN,baseline,4,0.553807,0.124949,0.170873,0.720392,0.692461,0.990708,synthetic_smoke_v0,0.198348
mintou_p2,cross_region_transfer,Euclidean GCN,baseline,5,0.570705,0.128190,0.165057,0.724739,0.663091,1.250100,synthetic_smoke_v0,0.202611
mintou_p2,cross_region_transfer,GCN-Transformer,baseline,1,0.542382,0.118822,0.164122,0.755912,0.663956,1.060440,synthetic_smoke_v0,0.185500
mintou_p2,cross_region_transfer,GCN-Transformer,baseline,2,0.524938,0.122459,0.157881,0.774058,0.650957,1.180705,synthetic_smoke_v0,0.191342
mintou_p2,cross_region_transfer,GCN-Transformer,baseline,3,0.527677,0.124624,0.171354,0.746876,0.656122,1.315776,synthetic_smoke_v0,0.195663
mintou_p2,cross_region_transfer,GCN-Transformer,baseline,4,0.515514,0.119732,0.159828,0.775117,0.640164,1.183639,synthetic_smoke_v0,0.191458
mintou_p2,cross_region_transfer,GCN-Transformer,baseline,5,0.545708,0.119192,0.160478,0.749329,0.667975,1.083042,synthetic_smoke_v0,0.197098
mintou_p2,cross_region_transfer,CNN-LSTM,baseline,1,0.564613,0.130609,0.179838,0.696415,0.704127,0.835721,synthetic_smoke_v0,0.206749
mintou_p2,cross_region_transfer,CNN-LSTM,baseline,2,0.561719,0.132444,0.177229,0.702731,0.705838,0.926467,synthetic_smoke_v0,0.202276
mintou_p2,cross_region_transfer,CNN-LSTM,baseline,3,0.564989,0.127703,0.169414,0.703421,0.693804,0.873194,synthetic_smoke_v0,0.202172
mintou_p2,cross_region_transfer,CNN-LSTM,baseline,4,0.589782,0.131759,0.168810,0.700158,0.686299,1.104512,synthetic_smoke_v0,0.200702
mintou_p2,cross_region_transfer,CNN-LSTM,baseline,5,0.576396,0.129598,0.169025,0.713313,0.679406,0.953168,synthetic_smoke_v0,0.197650
mintou_p2,cross_region_transfer,euclidean_gcn,ablation,1,0.460754,0.112469,0.145252,0.844250,0.569106,1.056889,synthetic_smoke_v0,0.170034
mintou_p2,cross_region_transfer,euclidean_gcn,ablation,2,0.461469,0.107907,0.147489,0.842454,0.590232,1.273733,synthetic_smoke_v0,0.176626
mintou_p2,cross_region_transfer,euclidean_gcn,ablation,3,0.496055,0.108722,0.153326,0.826951,0.582957,0.945804,synthetic_smoke_v0,0.175177
mintou_p2,cross_region_transfer,euclidean_gcn,ablation,4,0.483490,0.110075,0.148313,0.841640,0.581422,1.288696,synthetic_smoke_v0,0.167912
mintou_p2,cross_region_transfer,euclidean_gcn,ablation,5,0.471349,0.113986,0.148924,0.827366,0.601955,1.206979,synthetic_smoke_v0,0.172886
mintou_p2,cross_region_transfer,fixed_curvature,ablation,1,0.491789,0.116410,0.147614,0.819515,0.594746,1.270544,synthetic_smoke_v0,0.178038
mintou_p2,cross_region_transfer,fixed_curvature,ablation,2,0.486865,0.111250,0.158195,0.811797,0.620023,1.011322,synthetic_smoke_v0,0.180501
mintou_p2,cross_region_transfer,fixed_curvature,ablation,3,0.483540,0.116026,0.147086,0.828589,0.599359,1.205569,synthetic_smoke_v0,0.171085
mintou_p2,cross_region_transfer,fixed_curvature,ablation,4,0.475221,0.116022,0.156349,0.819735,0.586610,1.264368,synthetic_smoke_v0,0.171017
mintou_p2,cross_region_transfer,fixed_curvature,ablation,5,0.494606,0.117384,0.153337,0.817652,0.597213,1.030497,synthetic_smoke_v0,0.182125
mintou_p2,cross_region_transfer,temporal_only,ablation,1,0.507947,0.110254,0.148901,0.813770,0.591132,1.193538,synthetic_smoke_v0,0.172045
mintou_p2,cross_region_transfer,temporal_only,ablation,2,0.517850,0.118377,0.160497,0.782026,0.615451,1.304795,synthetic_smoke_v0,0.190258
mintou_p2,cross_region_transfer,temporal_only,ablation,3,0.511937,0.114225,0.154742,0.784201,0.616403,1.061086,synthetic_smoke_v0,0.180332
mintou_p2,cross_region_transfer,temporal_only,ablation,4,0.499474,0.111716,0.149441,0.809739,0.604460,1.074893,synthetic_smoke_v0,0.172618
mintou_p2,cross_region_transfer,temporal_only,ablation,5,0.503446,0.117134,0.164922,0.783629,0.635775,1.198606,synthetic_smoke_v0,0.187236
mintou_p2,cross_region_transfer,no_weather_features,ablation,1,0.517858,0.116598,0.159536,0.790675,0.615132,1.234793,synthetic_smoke_v0,0.179102
mintou_p2,cross_region_transfer,no_weather_features,ablation,2,0.537712,0.123003,0.159377,0.769189,0.643690,1.195371,synthetic_smoke_v0,0.188978
mintou_p2,cross_region_transfer,no_weather_features,ablation,3,0.528679,0.114269,0.156939,0.784191,0.632693,1.256626,synthetic_smoke_v0,0.188326
mintou_p2,cross_region_transfer,no_weather_features,ablation,4,0.515536,0.118698,0.162985,0.765340,0.652196,1.090964,synthetic_smoke_v0,0.184899
mintou_p2,cross_region_transfer,no_weather_features,ablation,5,0.525771,0.122259,0.158682,0.773831,0.647488,1.216765,synthetic_smoke_v0,0.179875
mintou_p2,cross_region_transfer,physical_edges_only,ablation,1,0.532421,0.122623,0.165875,0.774756,0.636304,1.159772,synthetic_smoke_v0,0.188103
mintou_p2,cross_region_transfer,physical_edges_only,ablation,2,0.522336,0.124194,0.169762,0.755417,0.665761,1.316340,synthetic_smoke_v0,0.191115
mintou_p2,cross_region_transfer,physical_edges_only,ablation,3,0.543856,0.120191,0.161758,0.749723,0.647674,1.076943,synthetic_smoke_v0,0.196699
mintou_p2,cross_region_transfer,physical_edges_only,ablation,4,0.550740,0.122741,0.163393,0.752731,0.640691,1.452731,synthetic_smoke_v0,0.184541
mintou_p2,cross_region_transfer,physical_edges_only,ablation,5,0.526982,0.120419,0.168395,0.761568,0.659393,1.238916,synthetic_smoke_v0,0.180395
mintou_p2,cross_region_transfer,poincare_only,ablation,1,0.548467,0.125620,0.167096,0.746925,0.653763,1.242782,synthetic_smoke_v0,0.192766
mintou_p2,cross_region_transfer,poincare_only,ablation,2,0.528175,0.123888,0.166076,0.751116,0.661691,1.052846,synthetic_smoke_v0,0.193291
mintou_p2,cross_region_transfer,poincare_only,ablation,3,0.547918,0.124009,0.170038,0.747526,0.643883,1.410141,synthetic_smoke_v0,0.188025
mintou_p2,cross_region_transfer,poincare_only,ablation,4,0.535026,0.120173,0.167790,0.747046,0.650112,1.431303,synthetic_smoke_v0,0.186959
mintou_p2,cross_region_transfer,poincare_only,ablation,5,0.525913,0.119004,0.158617,0.755445,0.665172,1.446145,synthetic_smoke_v0,0.182149
mintou_p2,cross_region_transfer,short_horizon_only,ablation,1,0.561437,0.127931,0.169464,0.718022,0.679839,1.281900,synthetic_smoke_v0,0.198261
mintou_p2,cross_region_transfer,short_horizon_only,ablation,2,0.547955,0.127805,0.172094,0.731053,0.679429,1.104910,synthetic_smoke_v0,0.187426
mintou_p2,cross_region_transfer,short_horizon_only,ablation,3,0.558634,0.121027,0.165434,0.741359,0.662669,1.304866,synthetic_smoke_v0,0.189289
mintou_p2,cross_region_transfer,short_horizon_only,ablation,4,0.557759,0.122412,0.168781,0.734894,0.654657,1.305035,synthetic_smoke_v0,0.196587
mintou_p2,cross_region_transfer,short_horizon_only,ablation,5,0.559906,0.121638,0.168688,0.733974,0.681973,1.303205,synthetic_smoke_v0,0.185572
mintou_p2,missing_node_robustness,HyG-LoadFormer,proposed,1,0.455106,0.104888,0.144460,0.871831,0.557930,1.095961,synthetic_smoke_v0,0.167038
mintou_p2,missing_node_robustness,HyG-LoadFormer,proposed,2,0.430281,0.107622,0.141423,0.890121,0.549773,1.064562,synthetic_smoke_v0,0.164157
mintou_p2,missing_node_robustness,HyG-LoadFormer,proposed,3,0.460291,0.109775,0.142765,0.861135,0.562834,1.454327,synthetic_smoke_v0,0.162568
mintou_p2,missing_node_robustness,HyG-LoadFormer,proposed,4,0.454601,0.110930,0.149435,0.857254,0.559434,1.202629,synthetic_smoke_v0,0.163466
mintou_p2,missing_node_robustness,HyG-LoadFormer,proposed,5,0.448983,0.100409,0.134412,0.889393,0.551713,1.125086,synthetic_smoke_v0,0.166798
mintou_p2,missing_node_robustness,ARIMA,baseline,1,0.666136,0.144292,0.194157,0.577569,0.796745,0.388575,synthetic_smoke_v0,0.218720
mintou_p2,missing_node_robustness,ARIMA,baseline,2,0.675312,0.146713,0.198054,0.572346,0.786784,0.405882,synthetic_smoke_v0,0.230014
mintou_p2,missing_node_robustness,ARIMA,baseline,3,0.668923,0.146992,0.193997,0.563815,0.792614,0.359278,synthetic_smoke_v0,0.224411
mintou_p2,missing_node_robustness,ARIMA,baseline,4,0.670480,0.149065,0.194492,0.556648,0.816771,0.355858,synthetic_smoke_v0,0.232729
mintou_p2,missing_node_robustness,ARIMA,baseline,5,0.677976,0.144465,0.202849,0.571515,0.791592,0.366440,synthetic_smoke_v0,0.222296
mintou_p2,missing_node_robustness,XGBoost,baseline,1,0.586823,0.131390,0.176861,0.672390,0.703329,0.584500,synthetic_smoke_v0,0.201246
mintou_p2,missing_node_robustness,XGBoost,baseline,2,0.627449,0.134025,0.178686,0.646536,0.731449,0.640392,synthetic_smoke_v0,0.208880
mintou_p2,missing_node_robustness,XGBoost,baseline,3,0.595671,0.136266,0.177132,0.656976,0.721763,0.638016,synthetic_smoke_v0,0.201948
mintou_p2,missing_node_robustness,XGBoost,baseline,4,0.617496,0.137198,0.180194,0.653239,0.722082,0.560798,synthetic_smoke_v0,0.214065
mintou_p2,missing_node_robustness,XGBoost,baseline,5,0.608484,0.133876,0.176310,0.657210,0.713125,0.660508,synthetic_smoke_v0,0.212498
mintou_p2,missing_node_robustness,LSTM,baseline,1,0.591068,0.131895,0.179860,0.685931,0.718231,0.846293,synthetic_smoke_v0,0.199286
mintou_p2,missing_node_robustness,LSTM,baseline,2,0.571239,0.129690,0.176495,0.693120,0.708926,0.882480,synthetic_smoke_v0,0.201655
mintou_p2,missing_node_robustness,LSTM,baseline,3,0.601693,0.131929,0.175866,0.676206,0.726351,0.883260,synthetic_smoke_v0,0.206242
mintou_p2,missing_node_robustness,LSTM,baseline,4,0.596163,0.134152,0.176234,0.670832,0.718648,0.859549,synthetic_smoke_v0,0.198841
mintou_p2,missing_node_robustness,LSTM,baseline,5,0.604485,0.136126,0.182257,0.668319,0.714472,0.826948,synthetic_smoke_v0,0.204185
mintou_p2,missing_node_robustness,BiLSTM,baseline,1,0.601122,0.128533,0.182327,0.685296,0.691470,0.878870,synthetic_smoke_v0,0.199680
mintou_p2,missing_node_robustness,BiLSTM,baseline,2,0.562457,0.130179,0.172605,0.708892,0.688784,0.990976,synthetic_smoke_v0,0.202360
mintou_p2,missing_node_robustness,BiLSTM,baseline,3,0.570271,0.131321,0.177467,0.689568,0.700200,0.877064,synthetic_smoke_v0,0.207076
mintou_p2,missing_node_robustness,BiLSTM,baseline,4,0.568219,0.125815,0.169061,0.710233,0.690530,0.773040,synthetic_smoke_v0,0.190792
mintou_p2,missing_node_robustness,BiLSTM,baseline,5,0.573885,0.133191,0.172607,0.693237,0.691477,0.945651,synthetic_smoke_v0,0.209118
mintou_p2,missing_node_robustness,TCN,baseline,1,0.567066,0.126306,0.166462,0.717811,0.682765,0.763722,synthetic_smoke_v0,0.203229
mintou_p2,missing_node_robustness,TCN,baseline,2,0.573942,0.131289,0.173585,0.710466,0.700342,0.737428,synthetic_smoke_v0,0.198964
mintou_p2,missing_node_robustness,TCN,baseline,3,0.576775,0.126082,0.169911,0.697038,0.705040,0.661055,synthetic_smoke_v0,0.200790
mintou_p2,missing_node_robustness,TCN,baseline,4,0.564222,0.128636,0.173279,0.710996,0.696383,0.850579,synthetic_smoke_v0,0.195290
mintou_p2,missing_node_robustness,TCN,baseline,5,0.570098,0.124927,0.168088,0.723716,0.689047,0.732605,synthetic_smoke_v0,0.202048
mintou_p2,missing_node_robustness,Transformer,baseline,1,0.563427,0.129103,0.168700,0.728250,0.658388,0.945038,synthetic_smoke_v0,0.198707
mintou_p2,missing_node_robustness,Transformer,baseline,2,0.550126,0.124334,0.168519,0.736884,0.657019,1.075313,synthetic_smoke_v0,0.200427
mintou_p2,missing_node_robustness,Transformer,baseline,3,0.546866,0.124102,0.171947,0.732958,0.671994,1.232310,synthetic_smoke_v0,0.189093
mintou_p2,missing_node_robustness,Transformer,baseline,4,0.535348,0.122342,0.169205,0.740755,0.670031,1.156149,synthetic_smoke_v0,0.195027
mintou_p2,missing_node_robustness,Transformer,baseline,5,0.562080,0.120594,0.163557,0.737610,0.676753,1.166641,synthetic_smoke_v0,0.188173
mintou_p2,missing_node_robustness,Euclidean GCN,baseline,1,0.541210,0.121837,0.163839,0.740952,0.656142,1.018767,synthetic_smoke_v0,0.198041
mintou_p2,missing_node_robustness,Euclidean GCN,baseline,2,0.565703,0.126138,0.171766,0.729563,0.657088,0.894468,synthetic_smoke_v0,0.194648
mintou_p2,missing_node_robustness,Euclidean GCN,baseline,3,0.561820,0.126905,0.169257,0.731214,0.659404,0.998097,synthetic_smoke_v0,0.199962
mintou_p2,missing_node_robustness,Euclidean GCN,baseline,4,0.549930,0.118642,0.165103,0.752684,0.649550,1.160410,synthetic_smoke_v0,0.196366
mintou_p2,missing_node_robustness,Euclidean GCN,baseline,5,0.554294,0.129190,0.165262,0.722250,0.674239,1.072993,synthetic_smoke_v0,0.192537
mintou_p2,missing_node_robustness,GCN-Transformer,baseline,1,0.512960,0.116835,0.159463,0.781137,0.643209,1.188044,synthetic_smoke_v0,0.180041
mintou_p2,missing_node_robustness,GCN-Transformer,baseline,2,0.522118,0.125188,0.163490,0.754444,0.665516,1.105788,synthetic_smoke_v0,0.185264
mintou_p2,missing_node_robustness,GCN-Transformer,baseline,3,0.544619,0.126246,0.169988,0.751479,0.664765,1.253919,synthetic_smoke_v0,0.194320
mintou_p2,missing_node_robustness,GCN-Transformer,baseline,4,0.525299,0.122000,0.166841,0.755115,0.638563,1.062574,synthetic_smoke_v0,0.190651
mintou_p2,missing_node_robustness,GCN-Transformer,baseline,5,0.525908,0.116056,0.158924,0.778491,0.641261,1.334894,synthetic_smoke_v0,0.183711
mintou_p2,missing_node_robustness,CNN-LSTM,baseline,1,0.552276,0.123912,0.165550,0.733149,0.665961,1.034229,synthetic_smoke_v0,0.195599
mintou_p2,missing_node_robustness,CNN-LSTM,baseline,2,0.562374,0.131293,0.173380,0.712238,0.671796,1.002451,synthetic_smoke_v0,0.192184
mintou_p2,missing_node_robustness,CNN-LSTM,baseline,3,0.539739,0.124193,0.167093,0.735408,0.680754,0.875039,synthetic_smoke_v0,0.193178
mintou_p2,missing_node_robustness,CNN-LSTM,baseline,4,0.542086,0.126513,0.163364,0.726973,0.681122,1.045200,synthetic_smoke_v0,0.191120
mintou_p2,missing_node_robustness,CNN-LSTM,baseline,5,0.573951,0.128547,0.168298,0.718905,0.672130,0.889346,synthetic_smoke_v0,0.194239
mintou_p2,missing_node_robustness,euclidean_gcn,ablation,1,0.488010,0.115036,0.154099,0.827583,0.588102,1.251542,synthetic_smoke_v0,0.171193
mintou_p2,missing_node_robustness,euclidean_gcn,ablation,2,0.465535,0.108376,0.148357,0.835712,0.585400,1.199786,synthetic_smoke_v0,0.174446
mintou_p2,missing_node_robustness,euclidean_gcn,ablation,3,0.479515,0.111071,0.143540,0.840698,0.583358,1.201645,synthetic_smoke_v0,0.174481
mintou_p2,missing_node_robustness,euclidean_gcn,ablation,4,0.468072,0.107868,0.140555,0.854054,0.568858,1.109929,synthetic_smoke_v0,0.168332
mintou_p2,missing_node_robustness,euclidean_gcn,ablation,5,0.475549,0.110531,0.147428,0.832173,0.584409,1.332089,synthetic_smoke_v0,0.174385
mintou_p2,missing_node_robustness,fixed_curvature,ablation,1,0.485049,0.110719,0.153965,0.810585,0.610848,1.174343,synthetic_smoke_v0,0.185879
mintou_p2,missing_node_robustness,fixed_curvature,ablation,2,0.475843,0.110625,0.149652,0.827357,0.605057,1.305454,synthetic_smoke_v0,0.169710
mintou_p2,missing_node_robustness,fixed_curvature,ablation,3,0.490357,0.111170,0.148862,0.830545,0.577808,0.980810,synthetic_smoke_v0,0.170633
mintou_p2,missing_node_robustness,fixed_curvature,ablation,4,0.469837,0.109084,0.151699,0.834278,0.587126,1.069652,synthetic_smoke_v0,0.176505
mintou_p2,missing_node_robustness,fixed_curvature,ablation,5,0.468381,0.107921,0.153224,0.839279,0.580504,1.088600,synthetic_smoke_v0,0.170549
mintou_p2,missing_node_robustness,temporal_only,ablation,1,0.503483,0.117085,0.150930,0.798509,0.603049,1.324563,synthetic_smoke_v0,0.176428
mintou_p2,missing_node_robustness,temporal_only,ablation,2,0.493116,0.113182,0.146420,0.821501,0.592027,1.058498,synthetic_smoke_v0,0.169561
mintou_p2,missing_node_robustness,temporal_only,ablation,3,0.505576,0.111775,0.152970,0.804660,0.616400,1.093819,synthetic_smoke_v0,0.172559
mintou_p2,missing_node_robustness,temporal_only,ablation,4,0.502154,0.110886,0.149588,0.820111,0.598733,1.303805,synthetic_smoke_v0,0.178585
mintou_p2,missing_node_robustness,temporal_only,ablation,5,0.485567,0.115753,0.149343,0.809651,0.610366,1.068632,synthetic_smoke_v0,0.181787
mintou_p2,missing_node_robustness,no_weather_features,ablation,1,0.519397,0.120499,0.157211,0.795903,0.632360,1.227819,synthetic_smoke_v0,0.180244
mintou_p2,missing_node_robustness,no_weather_features,ablation,2,0.494632,0.114968,0.152702,0.795416,0.626202,1.379549,synthetic_smoke_v0,0.178983
mintou_p2,missing_node_robustness,no_weather_features,ablation,3,0.499165,0.114913,0.151632,0.797858,0.614432,1.236846,synthetic_smoke_v0,0.174826
mintou_p2,missing_node_robustness,no_weather_features,ablation,4,0.511353,0.119922,0.163988,0.781860,0.643296,1.218251,synthetic_smoke_v0,0.178597
mintou_p2,missing_node_robustness,no_weather_features,ablation,5,0.493954,0.118619,0.152037,0.804462,0.620423,1.156383,synthetic_smoke_v0,0.182499
mintou_p2,missing_node_robustness,physical_edges_only,ablation,1,0.508286,0.118341,0.156283,0.783079,0.625834,1.226352,synthetic_smoke_v0,0.189625
mintou_p2,missing_node_robustness,physical_edges_only,ablation,2,0.536283,0.122431,0.166046,0.752800,0.667759,1.148879,synthetic_smoke_v0,0.193179
mintou_p2,missing_node_robustness,physical_edges_only,ablation,3,0.541455,0.119039,0.162486,0.755119,0.660531,1.362078,synthetic_smoke_v0,0.185206
mintou_p2,missing_node_robustness,physical_edges_only,ablation,4,0.525677,0.124108,0.166682,0.768097,0.636896,1.130458,synthetic_smoke_v0,0.182009
mintou_p2,missing_node_robustness,physical_edges_only,ablation,5,0.505951,0.121411,0.159775,0.777169,0.623726,1.349366,synthetic_smoke_v0,0.183121
mintou_p2,missing_node_robustness,poincare_only,ablation,1,0.521368,0.122690,0.157872,0.757130,0.635102,1.186220,synthetic_smoke_v0,0.189965
mintou_p2,missing_node_robustness,poincare_only,ablation,2,0.542849,0.119276,0.160281,0.751384,0.640473,1.040898,synthetic_smoke_v0,0.193751
mintou_p2,missing_node_robustness,poincare_only,ablation,3,0.535105,0.118060,0.161345,0.769306,0.630960,1.371016,synthetic_smoke_v0,0.192809
mintou_p2,missing_node_robustness,poincare_only,ablation,4,0.531824,0.124232,0.166594,0.767350,0.636524,1.251849,synthetic_smoke_v0,0.182158
mintou_p2,missing_node_robustness,poincare_only,ablation,5,0.555226,0.123458,0.170194,0.737277,0.668163,1.200403,synthetic_smoke_v0,0.188009
mintou_p2,missing_node_robustness,short_horizon_only,ablation,1,0.566203,0.123600,0.162848,0.729298,0.677731,1.237340,synthetic_smoke_v0,0.192957
mintou_p2,missing_node_robustness,short_horizon_only,ablation,2,0.556732,0.119238,0.168542,0.746897,0.668039,1.249378,synthetic_smoke_v0,0.188078
mintou_p2,missing_node_robustness,short_horizon_only,ablation,3,0.561244,0.125317,0.163545,0.727576,0.667996,1.147659,synthetic_smoke_v0,0.201797
mintou_p2,missing_node_robustness,short_horizon_only,ablation,4,0.546778,0.128281,0.166268,0.735346,0.666261,1.210825,synthetic_smoke_v0,0.195842
mintou_p2,missing_node_robustness,short_horizon_only,ablation,5,0.546400,0.129551,0.164943,0.723857,0.661304,1.509922,synthetic_smoke_v0,0.197176
mintou_p2,weather_aware_extension,HyG-LoadFormer,proposed,1,0.380423,0.094642,0.121948,0.965721,0.486758,1.159760,synthetic_smoke_v0,0.148602
mintou_p2,weather_aware_extension,HyG-LoadFormer,proposed,2,0.383332,0.094034,0.126539,0.953863,0.489255,1.320697,synthetic_smoke_v0,0.151148
mintou_p2,weather_aware_extension,HyG-LoadFormer,proposed,3,0.391320,0.098594,0.126476,0.954433,0.503293,1.112538,synthetic_smoke_v0,0.146732
mintou_p2,weather_aware_extension,HyG-LoadFormer,proposed,4,0.364465,0.088660,0.129049,0.982037,0.476954,1.309869,synthetic_smoke_v0,0.137302
mintou_p2,weather_aware_extension,HyG-LoadFormer,proposed,5,0.393659,0.093961,0.124884,0.961741,0.500110,1.272158,synthetic_smoke_v0,0.148518
mintou_p2,weather_aware_extension,ARIMA,baseline,1,0.615305,0.134763,0.190106,0.635660,0.743727,0.319801,synthetic_smoke_v0,0.212376
mintou_p2,weather_aware_extension,ARIMA,baseline,2,0.631341,0.138160,0.190430,0.633328,0.746531,0.385684,synthetic_smoke_v0,0.207738
mintou_p2,weather_aware_extension,ARIMA,baseline,3,0.653479,0.144565,0.186505,0.606447,0.765838,0.380846,synthetic_smoke_v0,0.220450
mintou_p2,weather_aware_extension,ARIMA,baseline,4,0.620951,0.137822,0.182525,0.641513,0.753347,0.358012,synthetic_smoke_v0,0.218721
mintou_p2,weather_aware_extension,ARIMA,baseline,5,0.650417,0.140797,0.184961,0.612457,0.757946,0.401110,synthetic_smoke_v0,0.215156
mintou_p2,weather_aware_extension,XGBoost,baseline,1,0.557723,0.124630,0.167772,0.743392,0.673546,0.614356,synthetic_smoke_v0,0.188993
mintou_p2,weather_aware_extension,XGBoost,baseline,2,0.557570,0.123761,0.169566,0.739503,0.663239,0.563285,synthetic_smoke_v0,0.188493
mintou_p2,weather_aware_extension,XGBoost,baseline,3,0.558914,0.124865,0.166564,0.744017,0.652637,0.546848,synthetic_smoke_v0,0.184692
mintou_p2,weather_aware_extension,XGBoost,baseline,4,0.567459,0.125617,0.166920,0.729565,0.678158,0.521641,synthetic_smoke_v0,0.197542
mintou_p2,weather_aware_extension,XGBoost,baseline,5,0.546186,0.128391,0.164838,0.735258,0.667823,0.643267,synthetic_smoke_v0,0.187079
mintou_p2,weather_aware_extension,LSTM,baseline,1,0.525931,0.123506,0.155572,0.769911,0.644322,0.763537,synthetic_smoke_v0,0.183252
mintou_p2,weather_aware_extension,LSTM,baseline,2,0.522308,0.120370,0.162961,0.763973,0.646293,0.660157,synthetic_smoke_v0,0.188829
mintou_p2,weather_aware_extension,LSTM,baseline,3,0.528507,0.118343,0.168601,0.756726,0.658893,0.682217,synthetic_smoke_v0,0.186845
mintou_p2,weather_aware_extension,LSTM,baseline,4,0.546234,0.121666,0.163869,0.734235,0.676003,0.748841,synthetic_smoke_v0,0.191563
mintou_p2,weather_aware_extension,LSTM,baseline,5,0.547452,0.123804,0.167969,0.749443,0.665476,0.763423,synthetic_smoke_v0,0.190340
mintou_p2,weather_aware_extension,BiLSTM,baseline,1,0.514523,0.119976,0.156162,0.776609,0.632558,0.709037,synthetic_smoke_v0,0.184081
mintou_p2,weather_aware_extension,BiLSTM,baseline,2,0.523808,0.123789,0.162092,0.769209,0.629308,0.759079,synthetic_smoke_v0,0.186810
mintou_p2,weather_aware_extension,BiLSTM,baseline,3,0.527972,0.121285,0.155409,0.775461,0.630649,0.789578,synthetic_smoke_v0,0.181583
mintou_p2,weather_aware_extension,BiLSTM,baseline,4,0.525312,0.122302,0.159731,0.758137,0.645681,0.893935,synthetic_smoke_v0,0.181692
mintou_p2,weather_aware_extension,BiLSTM,baseline,5,0.525016,0.116132,0.156766,0.786282,0.634651,0.836096,synthetic_smoke_v0,0.174918
mintou_p2,weather_aware_extension,TCN,baseline,1,0.523078,0.116735,0.157493,0.794318,0.607898,0.744236,synthetic_smoke_v0,0.184690
mintou_p2,weather_aware_extension,TCN,baseline,2,0.506111,0.118323,0.163616,0.778349,0.628643,0.740776,synthetic_smoke_v0,0.188700
mintou_p2,weather_aware_extension,TCN,baseline,3,0.533063,0.115533,0.158845,0.774515,0.649699,0.699101,synthetic_smoke_v0,0.185044
mintou_p2,weather_aware_extension,TCN,baseline,4,0.510230,0.115029,0.159705,0.796931,0.626201,0.811445,synthetic_smoke_v0,0.186021
mintou_p2,weather_aware_extension,TCN,baseline,5,0.508379,0.114830,0.156305,0.800140,0.601109,0.785674,synthetic_smoke_v0,0.175490
mintou_p2,weather_aware_extension,Transformer,baseline,1,0.504809,0.118457,0.155596,0.805289,0.614756,0.873803,synthetic_smoke_v0,0.180125
mintou_p2,weather_aware_extension,Transformer,baseline,2,0.509329,0.113418,0.159043,0.791291,0.617714,0.877540,synthetic_smoke_v0,0.174916
mintou_p2,weather_aware_extension,Transformer,baseline,3,0.493028,0.115534,0.151543,0.797447,0.622247,1.183166,synthetic_smoke_v0,0.178447
mintou_p2,weather_aware_extension,Transformer,baseline,4,0.496930,0.109246,0.150902,0.822159,0.584933,1.187939,synthetic_smoke_v0,0.172619
mintou_p2,weather_aware_extension,Transformer,baseline,5,0.510798,0.112214,0.152944,0.804109,0.616865,0.904534,synthetic_smoke_v0,0.182350
mintou_p2,weather_aware_extension,Euclidean GCN,baseline,1,0.514780,0.114768,0.161312,0.803775,0.617713,0.902570,synthetic_smoke_v0,0.180688
mintou_p2,weather_aware_extension,Euclidean GCN,baseline,2,0.503532,0.115403,0.149108,0.811868,0.599392,1.101224,synthetic_smoke_v0,0.183256
mintou_p2,weather_aware_extension,Euclidean GCN,baseline,3,0.477979,0.114650,0.156074,0.831338,0.600036,0.882545,synthetic_smoke_v0,0.169917
mintou_p2,weather_aware_extension,Euclidean GCN,baseline,4,0.495910,0.112851,0.160678,0.801446,0.620895,0.830079,synthetic_smoke_v0,0.179040
mintou_p2,weather_aware_extension,Euclidean GCN,baseline,5,0.506600,0.114265,0.152586,0.810127,0.609207,0.872846,synthetic_smoke_v0,0.184148
mintou_p2,weather_aware_extension,GCN-Transformer,baseline,1,0.448577,0.108769,0.138743,0.863144,0.572997,1.012874,synthetic_smoke_v0,0.164070
mintou_p2,weather_aware_extension,GCN-Transformer,baseline,2,0.458677,0.110387,0.146516,0.844866,0.586156,0.994221,synthetic_smoke_v0,0.163129
mintou_p2,weather_aware_extension,GCN-Transformer,baseline,3,0.470962,0.111469,0.146397,0.862735,0.558279,1.259956,synthetic_smoke_v0,0.170135
mintou_p2,weather_aware_extension,GCN-Transformer,baseline,4,0.442141,0.107770,0.139135,0.867797,0.550087,1.115301,synthetic_smoke_v0,0.159456
mintou_p2,weather_aware_extension,GCN-Transformer,baseline,5,0.462072,0.107172,0.143118,0.858182,0.559663,1.029179,synthetic_smoke_v0,0.170177
mintou_p2,weather_aware_extension,CNN-LSTM,baseline,1,0.514760,0.114741,0.160518,0.786391,0.616374,0.953244,synthetic_smoke_v0,0.187407
mintou_p2,weather_aware_extension,CNN-LSTM,baseline,2,0.500506,0.113760,0.152999,0.804155,0.627238,0.755299,synthetic_smoke_v0,0.174115
mintou_p2,weather_aware_extension,CNN-LSTM,baseline,3,0.503255,0.118340,0.163250,0.791822,0.630349,1.000987,synthetic_smoke_v0,0.189254
mintou_p2,weather_aware_extension,CNN-LSTM,baseline,4,0.493854,0.114639,0.157992,0.807044,0.606882,0.855784,synthetic_smoke_v0,0.173749
mintou_p2,weather_aware_extension,CNN-LSTM,baseline,5,0.519119,0.119828,0.157001,0.778897,0.628664,0.802760,synthetic_smoke_v0,0.188975
mintou_p2,weather_aware_extension,euclidean_gcn,ablation,1,0.401070,0.097649,0.131538,0.949227,0.494746,1.052491,synthetic_smoke_v0,0.145947
mintou_p2,weather_aware_extension,euclidean_gcn,ablation,2,0.411590,0.098364,0.127744,0.946971,0.486681,1.031844,synthetic_smoke_v0,0.153430
mintou_p2,weather_aware_extension,euclidean_gcn,ablation,3,0.392083,0.099035,0.124105,0.945436,0.491781,1.064842,synthetic_smoke_v0,0.158778
mintou_p2,weather_aware_extension,euclidean_gcn,ablation,4,0.415571,0.097171,0.130038,0.938143,0.510757,1.061375,synthetic_smoke_v0,0.154056
mintou_p2,weather_aware_extension,euclidean_gcn,ablation,5,0.417405,0.104707,0.132593,0.912936,0.531355,0.920023,synthetic_smoke_v0,0.163273
mintou_p2,weather_aware_extension,fixed_curvature,ablation,1,0.399247,0.096755,0.131145,0.928554,0.511748,1.153864,synthetic_smoke_v0,0.150786
mintou_p2,weather_aware_extension,fixed_curvature,ablation,2,0.409865,0.098688,0.131446,0.925683,0.503479,0.891714,synthetic_smoke_v0,0.149451
mintou_p2,weather_aware_extension,fixed_curvature,ablation,3,0.422014,0.100351,0.134463,0.906822,0.522275,1.012227,synthetic_smoke_v0,0.158135
mintou_p2,weather_aware_extension,fixed_curvature,ablation,4,0.412775,0.101072,0.128152,0.925035,0.518197,1.143483,synthetic_smoke_v0,0.156179
mintou_p2,weather_aware_extension,fixed_curvature,ablation,5,0.424042,0.101268,0.129841,0.919573,0.521831,0.935986,synthetic_smoke_v0,0.158766
mintou_p2,weather_aware_extension,temporal_only,ablation,1,0.452774,0.100780,0.139719,0.889901,0.531353,1.049939,synthetic_smoke_v0,0.158254
mintou_p2,weather_aware_extension,temporal_only,ablation,2,0.422549,0.101779,0.137733,0.908760,0.516990,1.076177,synthetic_smoke_v0,0.159908
mintou_p2,weather_aware_extension,temporal_only,ablation,3,0.417627,0.100491,0.138102,0.910021,0.516560,0.902691,synthetic_smoke_v0,0.157890
mintou_p2,weather_aware_extension,temporal_only,ablation,4,0.418003,0.103026,0.136066,0.906388,0.547075,1.181918,synthetic_smoke_v0,0.153555
mintou_p2,weather_aware_extension,temporal_only,ablation,5,0.438640,0.109632,0.140943,0.873754,0.547080,1.159063,synthetic_smoke_v0,0.172970
mintou_p2,weather_aware_extension,no_weather_features,ablation,1,0.467668,0.109235,0.145024,0.857422,0.558783,1.154741,synthetic_smoke_v0,0.163069
mintou_p2,weather_aware_extension,no_weather_features,ablation,2,0.461744,0.105703,0.150672,0.856876,0.561289,1.149313,synthetic_smoke_v0,0.160762
mintou_p2,weather_aware_extension,no_weather_features,ablation,3,0.431635,0.104234,0.138144,0.881227,0.554799,0.937986,synthetic_smoke_v0,0.156072
mintou_p2,weather_aware_extension,no_weather_features,ablation,4,0.454125,0.100960,0.138075,0.886138,0.536616,1.235548,synthetic_smoke_v0,0.166985
mintou_p2,weather_aware_extension,no_weather_features,ablation,5,0.450943,0.105241,0.135739,0.886483,0.549940,1.055197,synthetic_smoke_v0,0.166375
mintou_p2,weather_aware_extension,physical_edges_only,ablation,1,0.478205,0.111394,0.149359,0.836214,0.572961,1.219972,synthetic_smoke_v0,0.173666
mintou_p2,weather_aware_extension,physical_edges_only,ablation,2,0.459970,0.108230,0.149234,0.849542,0.579376,1.114655,synthetic_smoke_v0,0.177467
mintou_p2,weather_aware_extension,physical_edges_only,ablation,3,0.462314,0.107189,0.152454,0.848375,0.581538,1.210224,synthetic_smoke_v0,0.175103
mintou_p2,weather_aware_extension,physical_edges_only,ablation,4,0.452252,0.103237,0.140326,0.871390,0.574192,1.069290,synthetic_smoke_v0,0.161207
mintou_p2,weather_aware_extension,physical_edges_only,ablation,5,0.447871,0.103726,0.142347,0.864551,0.577414,1.055852,synthetic_smoke_v0,0.165759
mintou_p2,weather_aware_extension,poincare_only,ablation,1,0.466512,0.107955,0.145600,0.841264,0.570612,1.246690,synthetic_smoke_v0,0.172906
mintou_p2,weather_aware_extension,poincare_only,ablation,2,0.480453,0.113339,0.145158,0.843134,0.584577,1.243499,synthetic_smoke_v0,0.174783
mintou_p2,weather_aware_extension,poincare_only,ablation,3,0.490277,0.115901,0.150834,0.817408,0.612818,1.143175,synthetic_smoke_v0,0.168617
mintou_p2,weather_aware_extension,poincare_only,ablation,4,0.497049,0.115345,0.149028,0.825983,0.588702,1.247413,synthetic_smoke_v0,0.175675
mintou_p2,weather_aware_extension,poincare_only,ablation,5,0.470037,0.112003,0.152655,0.830096,0.583675,1.088658,synthetic_smoke_v0,0.171686
mintou_p2,weather_aware_extension,short_horizon_only,ablation,1,0.509285,0.111939,0.152377,0.813286,0.602691,1.094401,synthetic_smoke_v0,0.178061
mintou_p2,weather_aware_extension,short_horizon_only,ablation,2,0.506774,0.116954,0.154441,0.800662,0.616343,1.164127,synthetic_smoke_v0,0.178835
mintou_p2,weather_aware_extension,short_horizon_only,ablation,3,0.490618,0.115631,0.151709,0.823139,0.605073,1.078792,synthetic_smoke_v0,0.182099
mintou_p2,weather_aware_extension,short_horizon_only,ablation,4,0.473309,0.112769,0.152934,0.832658,0.582817,1.099811,synthetic_smoke_v0,0.178466
mintou_p2,weather_aware_extension,short_horizon_only,ablation,5,0.503077,0.112155,0.160341,0.808094,0.611786,1.121283,synthetic_smoke_v0,0.176636
mintou_p2,dispatch_sensitivity,HyG-LoadFormer,proposed,1,0.390859,0.100995,0.133305,0.938613,0.511745,1.209520,synthetic_smoke_v0,0.152509
mintou_p2,dispatch_sensitivity,HyG-LoadFormer,proposed,2,0.395621,0.097943,0.132645,0.953581,0.509443,1.141645,synthetic_smoke_v0,0.142532
mintou_p2,dispatch_sensitivity,HyG-LoadFormer,proposed,3,0.387401,0.095415,0.123898,0.952678,0.489956,1.116563,synthetic_smoke_v0,0.144270
mintou_p2,dispatch_sensitivity,HyG-LoadFormer,proposed,4,0.396822,0.093350,0.127474,0.954739,0.484740,1.313805,synthetic_smoke_v0,0.156681
mintou_p2,dispatch_sensitivity,HyG-LoadFormer,proposed,5,0.397849,0.095173,0.125337,0.953806,0.490635,1.378932,synthetic_smoke_v0,0.154120
mintou_p2,dispatch_sensitivity,ARIMA,baseline,1,0.646928,0.139812,0.194741,0.606934,0.759885,0.342370,synthetic_smoke_v0,0.212331
mintou_p2,dispatch_sensitivity,ARIMA,baseline,2,0.642504,0.135013,0.182093,0.623997,0.758415,0.397669,synthetic_smoke_v0,0.212301
mintou_p2,dispatch_sensitivity,ARIMA,baseline,3,0.650391,0.140606,0.191742,0.593768,0.766718,0.383562,synthetic_smoke_v0,0.219969
mintou_p2,dispatch_sensitivity,ARIMA,baseline,4,0.643344,0.135042,0.182122,0.625561,0.756444,0.370131,synthetic_smoke_v0,0.220422
mintou_p2,dispatch_sensitivity,ARIMA,baseline,5,0.662121,0.140527,0.186655,0.599503,0.766178,0.359758,synthetic_smoke_v0,0.225138
mintou_p2,dispatch_sensitivity,XGBoost,baseline,1,0.562170,0.125097,0.168271,0.730235,0.663963,0.516569,synthetic_smoke_v0,0.200310
mintou_p2,dispatch_sensitivity,XGBoost,baseline,2,0.564798,0.129526,0.177100,0.699888,0.697327,0.637200,synthetic_smoke_v0,0.194251
mintou_p2,dispatch_sensitivity,XGBoost,baseline,3,0.570314,0.124579,0.176658,0.705911,0.682803,0.540137,synthetic_smoke_v0,0.204586
mintou_p2,dispatch_sensitivity,XGBoost,baseline,4,0.570862,0.128043,0.168119,0.704368,0.684085,0.602955,synthetic_smoke_v0,0.203281
mintou_p2,dispatch_sensitivity,XGBoost,baseline,5,0.589289,0.125748,0.175904,0.699388,0.694810,0.575963,synthetic_smoke_v0,0.206213
mintou_p2,dispatch_sensitivity,LSTM,baseline,1,0.534484,0.122044,0.164851,0.738283,0.654220,0.609233,synthetic_smoke_v0,0.196775
mintou_p2,dispatch_sensitivity,LSTM,baseline,2,0.559313,0.128141,0.172090,0.719150,0.676316,0.814589,synthetic_smoke_v0,0.197448
mintou_p2,dispatch_sensitivity,LSTM,baseline,3,0.541132,0.122366,0.166936,0.732460,0.657720,0.621962,synthetic_smoke_v0,0.201075
mintou_p2,dispatch_sensitivity,LSTM,baseline,4,0.559366,0.126248,0.170671,0.721022,0.666607,0.807317,synthetic_smoke_v0,0.195917
mintou_p2,dispatch_sensitivity,LSTM,baseline,5,0.562322,0.123075,0.162004,0.736651,0.678086,0.849109,synthetic_smoke_v0,0.195391
mintou_p2,dispatch_sensitivity,BiLSTM,baseline,1,0.534611,0.118563,0.168864,0.749555,0.668505,0.691899,synthetic_smoke_v0,0.195557
mintou_p2,dispatch_sensitivity,BiLSTM,baseline,2,0.560040,0.120645,0.161252,0.740564,0.671764,0.727596,synthetic_smoke_v0,0.195600
mintou_p2,dispatch_sensitivity,BiLSTM,baseline,3,0.538152,0.120215,0.162196,0.756074,0.655659,0.726795,synthetic_smoke_v0,0.188282
mintou_p2,dispatch_sensitivity,BiLSTM,baseline,4,0.538739,0.118495,0.169111,0.756042,0.646056,0.733947,synthetic_smoke_v0,0.185220
mintou_p2,dispatch_sensitivity,BiLSTM,baseline,5,0.536373,0.126473,0.164153,0.743480,0.660169,0.876193,synthetic_smoke_v0,0.199190
mintou_p2,dispatch_sensitivity,TCN,baseline,1,0.518965,0.117548,0.155999,0.778694,0.625589,0.753017,synthetic_smoke_v0,0.188606
mintou_p2,dispatch_sensitivity,TCN,baseline,2,0.537430,0.120443,0.156792,0.765473,0.636154,0.794226,synthetic_smoke_v0,0.180853
mintou_p2,dispatch_sensitivity,TCN,baseline,3,0.511489,0.117986,0.157269,0.785854,0.614985,0.667563,synthetic_smoke_v0,0.187972
mintou_p2,dispatch_sensitivity,TCN,baseline,4,0.519758,0.117867,0.162798,0.773525,0.648712,0.703950,synthetic_smoke_v0,0.187865
mintou_p2,dispatch_sensitivity,TCN,baseline,5,0.518039,0.118503,0.164467,0.773707,0.645113,0.807283,synthetic_smoke_v0,0.180098
mintou_p2,dispatch_sensitivity,Transformer,baseline,1,0.504801,0.114000,0.153580,0.792802,0.625809,1.153388,synthetic_smoke_v0,0.186595
mintou_p2,dispatch_sensitivity,Transformer,baseline,2,0.488175,0.112121,0.149810,0.803672,0.598964,1.123203,synthetic_smoke_v0,0.172370
mintou_p2,dispatch_sensitivity,Transformer,baseline,3,0.507341,0.119783,0.163221,0.785064,0.627020,1.183533,synthetic_smoke_v0,0.180423
mintou_p2,dispatch_sensitivity,Transformer,baseline,4,0.500257,0.119497,0.160837,0.785700,0.620982,1.008990,synthetic_smoke_v0,0.184571
mintou_p2,dispatch_sensitivity,Transformer,baseline,5,0.495629,0.120656,0.157245,0.793779,0.630117,0.920881,synthetic_smoke_v0,0.186405
mintou_p2,dispatch_sensitivity,Euclidean GCN,baseline,1,0.497049,0.118535,0.154231,0.792332,0.632214,1.094496,synthetic_smoke_v0,0.179233
mintou_p2,dispatch_sensitivity,Euclidean GCN,baseline,2,0.505190,0.119637,0.165052,0.781212,0.626778,0.834138,synthetic_smoke_v0,0.190258
mintou_p2,dispatch_sensitivity,Euclidean GCN,baseline,3,0.502221,0.118282,0.158568,0.783156,0.633256,1.088593,synthetic_smoke_v0,0.187369
mintou_p2,dispatch_sensitivity,Euclidean GCN,baseline,4,0.506781,0.110677,0.157651,0.813218,0.615140,1.121582,synthetic_smoke_v0,0.180603
mintou_p2,dispatch_sensitivity,Euclidean GCN,baseline,5,0.517779,0.117486,0.153550,0.781129,0.633181,1.007259,synthetic_smoke_v0,0.183806
mintou_p2,dispatch_sensitivity,GCN-Transformer,baseline,1,0.470613,0.113552,0.147942,0.834612,0.603660,1.276342,synthetic_smoke_v0,0.170126
mintou_p2,dispatch_sensitivity,GCN-Transformer,baseline,2,0.467666,0.110712,0.147791,0.842923,0.582511,1.121550,synthetic_smoke_v0,0.172081
mintou_p2,dispatch_sensitivity,GCN-Transformer,baseline,3,0.482360,0.113652,0.150928,0.822520,0.603033,0.989199,synthetic_smoke_v0,0.183367
mintou_p2,dispatch_sensitivity,GCN-Transformer,baseline,4,0.465757,0.113504,0.151906,0.838571,0.588091,1.152038,synthetic_smoke_v0,0.171167
mintou_p2,dispatch_sensitivity,GCN-Transformer,baseline,5,0.480913,0.108604,0.148166,0.827445,0.593619,1.226318,synthetic_smoke_v0,0.180373
mintou_p2,dispatch_sensitivity,CNN-LSTM,baseline,1,0.516600,0.116811,0.155620,0.788258,0.620782,0.768617,synthetic_smoke_v0,0.185663
mintou_p2,dispatch_sensitivity,CNN-LSTM,baseline,2,0.508830,0.119344,0.156590,0.779900,0.617586,0.954837,synthetic_smoke_v0,0.179879
mintou_p2,dispatch_sensitivity,CNN-LSTM,baseline,3,0.545734,0.119739,0.160146,0.761152,0.640573,0.958484,synthetic_smoke_v0,0.184789
mintou_p2,dispatch_sensitivity,CNN-LSTM,baseline,4,0.536226,0.117221,0.166696,0.771387,0.634640,0.894023,synthetic_smoke_v0,0.181783
mintou_p2,dispatch_sensitivity,CNN-LSTM,baseline,5,0.544020,0.119159,0.163177,0.763758,0.640376,0.982346,synthetic_smoke_v0,0.194626
mintou_p2,dispatch_sensitivity,euclidean_gcn,ablation,1,0.401212,0.097734,0.135406,0.928030,0.503288,1.035786,synthetic_smoke_v0,0.157707
mintou_p2,dispatch_sensitivity,euclidean_gcn,ablation,2,0.422853,0.103526,0.134286,0.910133,0.517221,0.920469,synthetic_smoke_v0,0.157639
mintou_p2,dispatch_sensitivity,euclidean_gcn,ablation,3,0.428053,0.104503,0.130655,0.911427,0.530630,0.995715,synthetic_smoke_v0,0.156534
mintou_p2,dispatch_sensitivity,euclidean_gcn,ablation,4,0.435216,0.100715,0.142065,0.908557,0.533999,0.997494,synthetic_smoke_v0,0.152910
mintou_p2,dispatch_sensitivity,euclidean_gcn,ablation,5,0.429403,0.099354,0.129191,0.920709,0.521563,1.209889,synthetic_smoke_v0,0.152019
mintou_p2,dispatch_sensitivity,fixed_curvature,ablation,1,0.429784,0.101668,0.141616,0.885595,0.560006,0.890006,synthetic_smoke_v0,0.170227
mintou_p2,dispatch_sensitivity,fixed_curvature,ablation,2,0.436334,0.106750,0.135904,0.900600,0.525185,0.990888,synthetic_smoke_v0,0.164723
mintou_p2,dispatch_sensitivity,fixed_curvature,ablation,3,0.435255,0.107662,0.142041,0.890709,0.535706,0.990012,synthetic_smoke_v0,0.161437
mintou_p2,dispatch_sensitivity,fixed_curvature,ablation,4,0.454207,0.102926,0.134644,0.888478,0.534016,0.966106,synthetic_smoke_v0,0.164034
mintou_p2,dispatch_sensitivity,fixed_curvature,ablation,5,0.433802,0.104035,0.143388,0.894965,0.546896,1.026940,synthetic_smoke_v0,0.158803
mintou_p2,dispatch_sensitivity,temporal_only,ablation,1,0.452751,0.109931,0.140721,0.873347,0.566078,1.143460,synthetic_smoke_v0,0.172553
mintou_p2,dispatch_sensitivity,temporal_only,ablation,2,0.458207,0.104532,0.143901,0.869524,0.575417,0.955790,synthetic_smoke_v0,0.171325
mintou_p2,dispatch_sensitivity,temporal_only,ablation,3,0.449441,0.104150,0.142088,0.873079,0.545707,1.135454,synthetic_smoke_v0,0.168103
mintou_p2,dispatch_sensitivity,temporal_only,ablation,4,0.449155,0.102172,0.135763,0.889240,0.556719,0.948337,synthetic_smoke_v0,0.154212
mintou_p2,dispatch_sensitivity,temporal_only,ablation,5,0.459920,0.107157,0.142491,0.865846,0.561993,1.003359,synthetic_smoke_v0,0.171270
mintou_p2,dispatch_sensitivity,no_weather_features,ablation,1,0.463898,0.106889,0.144640,0.851099,0.578466,1.166362,synthetic_smoke_v0,0.174189
mintou_p2,dispatch_sensitivity,no_weather_features,ablation,2,0.468246,0.111770,0.147655,0.840924,0.583077,1.232242,synthetic_smoke_v0,0.168076
mintou_p2,dispatch_sensitivity,no_weather_features,ablation,3,0.474260,0.106471,0.150996,0.858045,0.577845,0.994685,synthetic_smoke_v0,0.168579
mintou_p2,dispatch_sensitivity,no_weather_features,ablation,4,0.440249,0.105011,0.141249,0.872349,0.546894,1.301045,synthetic_smoke_v0,0.165039
mintou_p2,dispatch_sensitivity,no_weather_features,ablation,5,0.471716,0.110433,0.144583,0.843384,0.577446,1.165197,synthetic_smoke_v0,0.167101
mintou_p2,dispatch_sensitivity,physical_edges_only,ablation,1,0.496321,0.109816,0.149869,0.822839,0.586520,1.197606,synthetic_smoke_v0,0.181705
mintou_p2,dispatch_sensitivity,physical_edges_only,ablation,2,0.460116,0.107405,0.147605,0.850905,0.582607,1.027783,synthetic_smoke_v0,0.177294
mintou_p2,dispatch_sensitivity,physical_edges_only,ablation,3,0.460261,0.108440,0.142510,0.849881,0.580790,1.036656,synthetic_smoke_v0,0.170092
mintou_p2,dispatch_sensitivity,physical_edges_only,ablation,4,0.471070,0.111503,0.146637,0.849065,0.572655,0.984723,synthetic_smoke_v0,0.171617
mintou_p2,dispatch_sensitivity,physical_edges_only,ablation,5,0.477682,0.114997,0.148307,0.834296,0.592733,1.244536,synthetic_smoke_v0,0.166808
mintou_p2,dispatch_sensitivity,poincare_only,ablation,1,0.492695,0.115565,0.157938,0.805341,0.621696,1.278991,synthetic_smoke_v0,0.178964
mintou_p2,dispatch_sensitivity,poincare_only,ablation,2,0.485131,0.109814,0.146848,0.819395,0.595108,1.172756,synthetic_smoke_v0,0.176180
mintou_p2,dispatch_sensitivity,poincare_only,ablation,3,0.495678,0.117316,0.151728,0.808021,0.596806,0.995266,synthetic_smoke_v0,0.178469
mintou_p2,dispatch_sensitivity,poincare_only,ablation,4,0.514490,0.117080,0.156189,0.804025,0.627723,1.142713,synthetic_smoke_v0,0.179444
mintou_p2,dispatch_sensitivity,poincare_only,ablation,5,0.489182,0.110927,0.153844,0.830516,0.583379,1.118863,synthetic_smoke_v0,0.179064
mintou_p2,dispatch_sensitivity,short_horizon_only,ablation,1,0.506653,0.122130,0.156183,0.783103,0.641180,1.257028,synthetic_smoke_v0,0.186469
mintou_p2,dispatch_sensitivity,short_horizon_only,ablation,2,0.517726,0.121946,0.162148,0.779940,0.644938,1.247972,synthetic_smoke_v0,0.191826
mintou_p2,dispatch_sensitivity,short_horizon_only,ablation,3,0.507760,0.115362,0.162206,0.798496,0.631960,1.205733,synthetic_smoke_v0,0.178415
mintou_p2,dispatch_sensitivity,short_horizon_only,ablation,4,0.533134,0.121333,0.163446,0.779260,0.620195,1.414810,synthetic_smoke_v0,0.178312
mintou_p2,dispatch_sensitivity,short_horizon_only,ablation,5,0.493288,0.117993,0.152510,0.811423,0.596781,1.346059,synthetic_smoke_v0,0.183597
