dataset_id,dataset_category,dataset_status,dataset_tasks,matched_aliases,mention_evidence,comparison_signal,publication_date,year,title,source,source_type,venue_bucket,verification_note,doi,openalex_id,is_oa,oa_status,oa_url,landing_page,pdf_path,pdf_source_url,cited_by_count,relevance_score
tamu_test_cases,grid_cases,metadata-only,PF;OPF;cascading;planning,ACTIVSg,title_or_abstract_or_fulltext_search,yes,2025-03-18,2025,Vulnerable Sequence Identification for Sequential Cascading Failure Analysis in Power Grid,IEEE Transactions on Industrial Informatics,journal,sci_journal_candidate,Journal name matches a common SCI/SCIE power/energy venue hint; verify in WoS/JCR.,https://doi.org/10.1109/tii.2025.3547022,https://openalex.org/W4408590808,false,closed,,https://doi.org/10.1109/tii.2025.3547022,,,5,22.241844
tamu_test_cases,grid_cases,metadata-only,PF;OPF;cascading;planning,Texas A&M electric grid test cases; ACTIVSg; TAMU synthetic grid,title_or_abstract_or_fulltext_search,yes,2024-09-29,2024,Structural characterisation for the synthesis of large‐scale combined electric–gas networks,IET Energy Systems Integration,journal,sci_journal_candidate,Journal name matches a common SCI/SCIE power/energy venue hint; verify in WoS/JCR.,https://doi.org/10.1049/esi2.12170,https://openalex.org/W4403003065,true,gold,https://onlinelibrary.wiley.com/doi/pdfdirect/10.1049/esi2.12170,https://doi.org/10.1049/esi2.12170,,,1,0.9987589
tamu_test_cases,grid_cases,metadata-only,PF;OPF;cascading;planning,ACTIVSg,title_or_abstract_or_fulltext_search,yes,2023-07-27,2023,A Hybrid Submodular Optimization Approach to Controlled Islanding With Post-Disturbance Stability Guarantees,IEEE Transactions on Power Systems,journal,sci_journal_candidate,Journal name matches a common SCI/SCIE power/energy venue hint; verify in WoS/JCR.,https://doi.org/10.1109/tpwrs.2023.3299280,https://openalex.org/W4385299748,false,closed,,https://doi.org/10.1109/tpwrs.2023.3299280,,,4,16.562935
tamu_test_cases,grid_cases,metadata-only,PF;OPF;cascading;planning,ACTIVSg,title_or_abstract_or_fulltext_search,yes,2026-06-27,2026,PACR: Parameter-Optimized AC Power Flow Restoration for AC Feasible DCOPF Dispatch,arXiv (Cornell University),repository,other,Not enough venue evidence for SCI/CCF classification.,,https://openalex.org/W7166900476,true,green,https://arxiv.org/pdf/2606.29011,https://arxiv.org/abs/2606.29011,papers/literature/dataset_benchmark_papers/pdfs/tamu_test_cases/tamu_test_cases__PACR_Parameter-Optimized_AC_Power_Flow_Restoration_for_AC_Feasible_DCOPF_Dispatch__d3b7320759.pdf,,0,3.1888685
tamu_test_cases,grid_cases,metadata-only,PF;OPF;cascading;planning,ACTIVSg,title_or_abstract_or_fulltext_search,yes,2026-06-27,2026,PACR: Parameter-Optimized AC Power Flow Restoration for AC Feasible DCOPF Dispatch,arXiv (Cornell University),repository,other,Not enough venue evidence for SCI/CCF classification.,https://doi.org/10.48550/arxiv.2606.29011,https://openalex.org/W7166660290,true,green,https://doi.org/10.48550/arxiv.2606.29011,https://doi.org/10.48550/arxiv.2606.29011,papers/literature/dataset_benchmark_papers/pdfs/tamu_test_cases/tamu_test_cases__PACR_Parameter-Optimized_AC_Power_Flow_Restoration_for_AC_Feasible_DCOPF_Dispatch__d3b7320759.pdf,,0,3.188849
tamu_test_cases,grid_cases,metadata-only,PF;OPF;cascading;planning,ACTIVSg,title_or_abstract_or_fulltext_search,weak_metadata_only,2026-02-09,2026,Undergraduate Research on Physically Informed Transmission Line Design,,article,other,Not enough venue evidence for SCI/CCF classification.,https://doi.org/10.1109/tpec67884.2026.11513080,https://openalex.org/W7161282574,false,closed,,https://doi.org/10.1109/tpec67884.2026.11513080,,,0,3.1612096
tamu_test_cases,grid_cases,metadata-only,PF;OPF;cascading;planning,ACTIVSg,title_or_abstract_or_fulltext_search,yes,2023-07-16,2023,Faster-Than-Real-Time Hardware Emulation of Extensive Contingencies for Dynamic Security Analysis of Large-Scale Integrated AC/DC Grid,,article,other,Not enough venue evidence for SCI/CCF classification.,https://doi.org/10.1109/pesgm52003.2023.10252674,https://openalex.org/W4387011300,false,closed,,http://dx.doi.org/10.1109/pesgm52003.2023.10252674,,,0,3.0324116
tamu_test_cases,grid_cases,metadata-only,PF;OPF;cascading;planning,Texas A&M electric grid test cases; ACTIVSg; TAMU synthetic grid,title_or_abstract_or_fulltext_search,yes,2025-07-03,2025,Optimal Transmission Switching and Grid Reconfiguration for Transmission Systems via Convex Relaxations,Electricity,journal,journal_other_verify,Journal record; SCI/SCIE status not established by OpenAlex.,https://doi.org/10.3390/electricity6030037,https://openalex.org/W4411978573,true,gold,https://www.mdpi.com/2673-4826/6/3/37/pdf?version=1751542860,https://doi.org/10.3390/electricity6030037,,,2,1.2494426
tamu_test_cases,grid_cases,metadata-only,PF;OPF;cascading;planning,ACTIVSg,title_or_abstract_or_fulltext_search,yes,2024-12-12,2024,Gaussian process digital twin for voltage stability analysis of complex power networks under perturbation,Expert Systems with Applications,journal,journal_other_verify,Journal record; SCI/SCIE status not established by OpenAlex.,https://doi.org/10.1016/j.eswa.2024.126151,https://openalex.org/W4405318507,true,hybrid,https://doi.org/10.1016/j.eswa.2024.126151,https://doi.org/10.1016/j.eswa.2024.126151,,,4,19.637804
tamu_test_cases,grid_cases,metadata-only,PF;OPF;cascading;planning,Texas A&M electric grid test cases; ACTIVSg; TAMU synthetic grid,title_or_abstract_or_fulltext_search,yes,2023-10-01,2023,Toward dynamic stability assessment of power grid topologies using graph neural networks,Chaos An Interdisciplinary Journal of Nonlinear Science,journal,journal_other_verify,Journal record; SCI/SCIE status not established by OpenAlex.,https://doi.org/10.1063/5.0160915,https://openalex.org/W4307787734,true,hybrid,https://doi.org/10.1063/5.0160915,https://doi.org/10.1063/5.0160915,,,24,3.1010337
simbench,grid_cases,downloaded,distribution simulation;DER control;load flow,SimBench; SimBench dataset,title_or_abstract_or_fulltext_search,yes,2025-12-15,2025,Component Sizing and Energy Management of Electric-Hydrogen Hybrid Energy Storage Systems for Solid-State-Transformer-Based Meshed Networks,IEEE Transactions on Sustainable Energy,journal,sci_journal_candidate,Journal name matches a common SCI/SCIE power/energy venue hint; verify in WoS/JCR.,https://doi.org/10.1109/tste.2025.3644440,https://openalex.org/W7115177720,false,closed,,https://doi.org/10.1109/tste.2025.3644440,,,1,14.178398
simbench,grid_cases,downloaded,distribution simulation;DER control;load flow,SimBench,title_or_abstract_or_fulltext_search,yes,2024-11-12,2024,Distribution grid monitoring based on feature propagation using smart plugs,Energy Informatics,journal,sci_journal_candidate,Journal name matches a common SCI/SCIE power/energy venue hint; verify in WoS/JCR.,https://doi.org/10.1186/s42162-024-00427-y,https://openalex.org/W4404252622,true,gold,https://energyinformatics.springeropen.com/counter/pdf/10.1186/s42162-024-00427-y,https://doi.org/10.1186/s42162-024-00427-y,,,1,14.159529
simbench,grid_cases,downloaded,distribution simulation;DER control;load flow,SimBench,title_or_abstract_or_fulltext_search,yes,2024-04-09,2024,Novel Temperature Sensing for Switchgear Bushings Based on the Built-in Capacitive Coupler,IEEE Transactions on Power Delivery,journal,sci_journal_candidate,Journal name matches a common SCI/SCIE power/energy venue hint; verify in WoS/JCR.,https://doi.org/10.1109/tpwrd.2024.3386605,https://openalex.org/W4394627229,false,closed,,https://doi.org/10.1109/tpwrd.2024.3386605,,,5,22.35977
simbench,grid_cases,downloaded,distribution simulation;DER control;load flow,SimBench,title_or_abstract_or_fulltext_search,yes,2025-12-02,2025,Vulnerability Analysis Evaluating Bilevel Optimal Power Flow Approaches for Multiple Load Cases,,article,other,Not enough venue evidence for SCI/CCF classification.,https://doi.org/10.1109/appeec66370.2025.11380203,https://openalex.org/W7129407692,true,green,https://arxiv.org/pdf/2510.01073,https://doi.org/10.1109/appeec66370.2025.11380203,papers/literature/dataset_benchmark_papers/pdfs/simbench/simbench__Vulnerability_Analysis_Evaluating_Bilevel_Optimal_Power_Flow_Approaches_for_Multiple_Load___7e2dc872dc.pdf,,1,13.428728
simbench,grid_cases,downloaded,distribution simulation;DER control;load flow,SimBench; SimBench dataset,title_or_abstract_or_fulltext_search,yes,2025-10-20,2025,A Case Study on Low-Voltage Grid Impact of Rising Residential Cooling Demand Under Climate Change,,article,other,Not enough venue evidence for SCI/CCF classification.,https://doi.org/10.1109/isgteurope64741.2025.11305288,https://openalex.org/W7117572202,false,closed,,https://doi.org/10.1109/isgteurope64741.2025.11305288,,,0,4.4916153
simbench,grid_cases,downloaded,distribution simulation;DER control;load flow,SimBench,title_or_abstract_or_fulltext_search,yes,2025-06-29,2025,Load Forecasting in Cellular Low-Voltage Grids for Day-Ahead Optimization Using Ensemble Learning,,article,other,Not enough venue evidence for SCI/CCF classification.,https://doi.org/10.1109/powertech59965.2025.11180432,https://openalex.org/W4414940974,false,closed,,https://doi.org/10.1109/powertech59965.2025.11180432,,,2,16.699457
simbench,grid_cases,downloaded,distribution simulation;DER control;load flow,SimBench,title_or_abstract_or_fulltext_search,yes,2025-06-16,2025,PISR: Physics-Informed Symbolic Regression for Predicting Power System Voltage,,article,other,Not enough venue evidence for SCI/CCF classification.,https://doi.org/10.1145/3679240.3734622,https://openalex.org/W4411345870,true,gold,https://dl.acm.org/doi/pdf/10.1145/3679240.3734622,https://doi.org/10.1145/3679240.3734622,,,3,14.555747
simbench,grid_cases,downloaded,distribution simulation;DER control;load flow,SimBench; SimBench dataset,title_or_abstract_or_fulltext_search,yes,2023-07-16,2023,Detection and Location of Electricity Theft via Convolutional Neural Network in Distribution System,,article,other,Not enough venue evidence for SCI/CCF classification.,https://doi.org/10.1109/pesgm52003.2023.10253338,https://openalex.org/W4387006026,false,closed,,http://dx.doi.org/10.1109/pesgm52003.2023.10253338,,,1,18.571825
simbench,grid_cases,downloaded,distribution simulation;DER control;load flow,SimBench,title_or_abstract_or_fulltext_search,yes,2025-10-21,2025,Coordinated Optimization of Distributed Energy Resources Based on Spatio-Temporal Transformer and Multi-Agent Reinforcement Learning,Processes,journal,journal_other_verify,Journal record; SCI/SCIE status not established by OpenAlex.,https://doi.org/10.3390/pr13103372,https://openalex.org/W4415402020,true,gold,https://www.mdpi.com/2227-9717/13/10/3372/pdf?version=1761055196,https://doi.org/10.3390/pr13103372,,,2,15.793667
simbench,grid_cases,downloaded,distribution simulation;DER control;load flow,SimBench,title_or_abstract_or_fulltext_search,yes,2024-10-18,2024,Large Language Model-Aided Edge Learning in Distribution System State Estimation,IEEE Internet of Things Journal,journal,journal_other_verify,Journal record; SCI/SCIE status not established by OpenAlex.,https://doi.org/10.1109/jiot.2024.3483441,https://openalex.org/W4403534239,false,closed,,https://doi.org/10.1109/jiot.2024.3483441,,,12,29.810524
rts_gmlc,production_cost,downloaded,production cost;unit commitment;reliability;renewable integration,RTS-GMLC,title_or_abstract_or_fulltext_search,yes,2026-03-19,2026,Optimal Planning of Renewable Energy and Storage Considering Capacity Credit Constraint,Protection and Control of Modern Power Systems,journal,sci_journal_candidate,Journal name matches a common SCI/SCIE power/energy venue hint; verify in WoS/JCR.,https://doi.org/10.23919/pcmp.2025.000009,https://openalex.org/W7139078125,false,closed,,https://doi.org/10.23919/pcmp.2025.000009,,,3,30.519558
rts_gmlc,production_cost,downloaded,production cost;unit commitment;reliability;renewable integration,RTS-GMLC; Reliability Test System Grid Modernization Lab Consortium,title_or_abstract_or_fulltext_search,weak_metadata_only,2024-10-22,2024,Data-augmentation acceleration framework by graph neural network for near-optimal unit commitment,Applied Energy,journal,sci_journal_candidate,Journal name matches a common SCI/SCIE power/energy venue hint; verify in WoS/JCR.,https://doi.org/10.1016/j.apenergy.2024.124332,https://openalex.org/W4403628034,false,closed,,https://doi.org/10.1016/j.apenergy.2024.124332,,,7,36.448986
rts_gmlc,production_cost,downloaded,production cost;unit commitment;reliability;renewable integration,RTS-GMLC; Reliability Test System Grid Modernization Lab Consortium,title_or_abstract_or_fulltext_search,weak_metadata_only,2024-05-10,2024,An optimal expansion planning of power systems considering cycle-based AC optimal power flow,Sustainable Energy Grids and Networks,journal,sci_journal_candidate,Journal name matches a common SCI/SCIE power/energy venue hint; verify in WoS/JCR.,https://doi.org/10.1016/j.segan.2024.101413,https://openalex.org/W4396814532,false,closed,,https://doi.org/10.1016/j.segan.2024.101413,,,8,31.151094
rts_gmlc,production_cost,downloaded,production cost;unit commitment;reliability;renewable integration,RTS-GMLC,title_or_abstract_or_fulltext_search,weak_metadata_only,2024-04-19,2024,Frequency Support From Electric Vehicles for Advancing Renewable Energy Integration,IEEE Transactions on Power Systems,journal,sci_journal_candidate,Journal name matches a common SCI/SCIE power/energy venue hint; verify in WoS/JCR.,https://doi.org/10.1109/tpwrs.2024.3391211,https://openalex.org/W4394966918,true,green,https://www.osti.gov/servlets/purl/2449699,https://doi.org/10.1109/tpwrs.2024.3391211,papers/literature/dataset_benchmark_papers/pdfs/rts_gmlc/rts_gmlc__Frequency_Support_From_Electric_Vehicles_for_Advancing_Renewable_Energy_Integration__79bffc4b29.pdf,,14,48.288734
rts_gmlc,production_cost,downloaded,production cost;unit commitment;reliability;renewable integration,RTS-GMLC,title_or_abstract_or_fulltext_search,yes,2024-01-22,2024,Probabilistic Sizing of Energy Storage Systems for Reliability and Frequency Security in Wind-Rich Power Grids,IEEE Transactions on Industry Applications,journal,sci_journal_candidate,Journal name matches a common SCI/SCIE power/energy venue hint; verify in WoS/JCR.,https://doi.org/10.1109/tia.2024.3356451,https://openalex.org/W4391096332,true,green,https://www.osti.gov/servlets/purl/2449700,https://doi.org/10.1109/tia.2024.3356451,papers/literature/dataset_benchmark_papers/pdfs/rts_gmlc/rts_gmlc__Probabilistic_Sizing_of_Energy_Storage_Systems_for_Reliability_and_Frequency_Security_in_W__911efeec78.pdf,,10,44.767223
rts_gmlc,production_cost,downloaded,production cost;unit commitment;reliability;renewable integration,RTS-GMLC,title_or_abstract_or_fulltext_search,yes,2023-11-03,2023,Optimality Guaranteed UC Acceleration via Interactive Utilization of Adjoint Model,IEEE Transactions on Power Systems,journal,sci_journal_candidate,Journal name matches a common SCI/SCIE power/energy venue hint; verify in WoS/JCR.,https://doi.org/10.1109/tpwrs.2023.3329986,https://openalex.org/W4388283913,false,closed,,https://doi.org/10.1109/tpwrs.2023.3329986,,,7,34.005383
rts_gmlc,production_cost,downloaded,production cost;unit commitment;reliability;renewable integration,RTS-GMLC; Reliability Test System Grid Modernization Lab Consortium,title_or_abstract_or_fulltext_search,weak_metadata_only,2023-09-02,2023,Beyond price taker: Conceptual design and optimization of integrated energy systems using machine learning market surrogates,Applied Energy,journal,sci_journal_candidate,Journal name matches a common SCI/SCIE power/energy venue hint; verify in WoS/JCR.,https://doi.org/10.1016/j.apenergy.2023.121767,https://openalex.org/W4386390246,true,green,https://www.osti.gov/servlets/purl/2331410,https://doi.org/10.1016/j.apenergy.2023.121767,papers/literature/dataset_benchmark_papers/pdfs/rts_gmlc/rts_gmlc__Beyond_price_taker_Conceptual_design_and_optimization_of_integrated_energy_systems_using_m__d1128c6ab7.pdf,,32,5.435612
rts_gmlc,production_cost,downloaded,production cost;unit commitment;reliability;renewable integration,RTS-GMLC,title_or_abstract_or_fulltext_search,yes,2024-07-21,2024,Deep-Learning-Enhanced Static Risk-Oriented Security Assessment under Uncertainty,,article,other,Not enough venue evidence for SCI/CCF classification.,https://doi.org/10.1109/pesgm51994.2024.10688480,https://openalex.org/W4403127584,false,closed,,https://doi.org/10.1109/pesgm51994.2024.10688480,,,3,32.826843
rts_gmlc,production_cost,downloaded,production cost;unit commitment;reliability;renewable integration,RTS-GMLC; Reliability Test System Grid Modernization Lab Consortium,title_or_abstract_or_fulltext_search,weak_metadata_only,2023-07-16,2023,Developing VSC-HVDC Oscillation Damping Control Constraints in Unit Commitment,,article,other,Not enough venue evidence for SCI/CCF classification.,https://doi.org/10.1109/pesgm52003.2023.10252998,https://openalex.org/W4387006079,true,green,https://www.osti.gov/biblio/1993425,https://doi.org/10.1109/pesgm52003.2023.10252998,papers/literature/dataset_benchmark_papers/pdfs/rts_gmlc/rts_gmlc__Developing_VSC-HVDC_Oscillation_Damping_Control_Constraints_in_Unit_Commitment__707a8c94ce.pdf,,2,40.86253
rts_gmlc,production_cost,downloaded,production cost;unit commitment;reliability;renewable integration,RTS-GMLC; Reliability Test System Grid Modernization Lab Consortium,title_or_abstract_or_fulltext_search,weak_metadata_only,2026-06-08,2026,BioCoCo-MTO for Constrained Multi-Objective Smart Grid Dispatch in Smart Electrical Systems,Iranian Journal of Science and Technology Transactions of Electrical Engineering,journal,journal_other_verify,Journal record; SCI/SCIE status not established by OpenAlex.,https://doi.org/10.1007/s40998-026-01131-1,https://openalex.org/W7163917426,false,closed,,https://doi.org/10.1007/s40998-026-01131-1,,,0,7.002778
psml,renewable_weather,downloaded,time-series ML;renewable/load forecasting,Open-source power dataset; PSML power dataset,title_or_abstract_or_fulltext_search,yes,2024-10-05,2024,TS-Reasoner: Domain-Oriented Time Series Inference Agents for Reasoning and Automated Analysis,ArXiv.org,repository,other,Not enough venue evidence for SCI/CCF classification.,https://doi.org/10.48550/arxiv.2410.04047,https://openalex.org/W4403929306,true,green,https://arxiv.org/pdf/2410.04047,http://arxiv.org/abs/2410.04047,papers/literature/dataset_benchmark_papers/pdfs/psml/psml__TS-Reasoner_Domain-Oriented_Time_Series_Inference_Agents_for_Reasoning_and_Automated_Analy__2b14d409c8.pdf,https://arxiv.org/pdf/2410.04047,0,0.12088421
psml,renewable_weather,downloaded,time-series ML;renewable/load forecasting,Open-source power dataset; PSML power dataset,title_or_abstract_or_fulltext_search,yes,2026-05-25,2026,Hybridized Machine Learning based IDS for Anomaly Detection: A Systematic Review,Indonesian Journal of Computer Science,journal,journal_other_verify,Journal record; SCI/SCIE status not established by OpenAlex.,https://doi.org/10.33022/ijcs.v15i3.5108,https://openalex.org/W7164838314,true,gold,https://www.ijcs.net/ijcs/index.php/ijcs/article/download/5108/1222,https://doi.org/10.33022/ijcs.v15i3.5108,papers/literature/dataset_benchmark_papers/pdfs/psml/psml__Hybridized_Machine_Learning_based_IDS_for_Anomaly_Detection_A_Systematic_Review__5ff2b07625.pdf,https://www.ijcs.net/ijcs/index.php/ijcs/article/download/5108/1222,0,0.16328508
pjm_dataminer,time_series_market,metadata-only,LMP forecasting;load forecasting;outage analytics,PJM Data Miner; PJM DataMiner,title_or_abstract_or_fulltext_search,yes,2023-12-06,2023,Day-Ahead Scheduling and Online Dispatch of Energy Hubs: A Flexibility Envelope Approach,IEEE Transactions on Smart Grid,journal,sci_journal_candidate,Journal name matches a common SCI/SCIE power/energy venue hint; verify in WoS/JCR.,https://doi.org/10.1109/tsg.2023.3337629,https://openalex.org/W4389383491,true,hybrid,https://ieeexplore.ieee.org/ielx7/5165411/5446437/10333081.pdf,https://doi.org/10.1109/tsg.2023.3337629,papers/literature/dataset_benchmark_papers/pdfs/pjm_dataminer/pjm_dataminer__Day-Ahead_Scheduling_and_Online_Dispatch_of_Energy_Hubs_A_Flexibility_Envelope_Approach__6597194429.pdf,https://ieeexplore.ieee.org/ielx7/5165411/5446437/10333081.pdf,23,5.890872
pjm_dataminer,time_series_market,metadata-only,LMP forecasting;load forecasting;outage analytics,PJM Data Miner; PJM DataMiner,title_or_abstract_or_fulltext_search,yes,2026-05-04,2026,MARS-DA: A Hierarchical Reinforcement Learning Framework for Risk-Aware Multi-Agent Bidding in Power Grids,arXiv (Cornell University),repository,other,Not enough venue evidence for SCI/CCF classification.,,https://openalex.org/W7160565720,true,green,https://arxiv.org/pdf/2605.03142,https://arxiv.org/abs/2605.03142,papers/literature/dataset_benchmark_papers/pdfs/pjm_dataminer/pjm_dataminer__MARS-DA_A_Hierarchical_Reinforcement_Learning_Framework_for_Risk-Aware_Multi-Agent_Bidding__ca40aea11e.pdf,https://arxiv.org/pdf/2605.03142,0,0.5061414
pjm_dataminer,time_series_market,metadata-only,LMP forecasting;load forecasting;outage analytics,PJM Data Miner; PJM DataMiner,title_or_abstract_or_fulltext_search,weak_metadata_only,2026-03-31,2026,Advanced Capacity Accreditation of Future Energy System Resources with Deep Uncertainties,arXiv (Cornell University),repository,other,Not enough venue evidence for SCI/CCF classification.,,https://openalex.org/W7149209977,true,green,https://arxiv.org/pdf/2604.00173,http://arxiv.org/abs/2604.00173,papers/literature/dataset_benchmark_papers/pdfs/pjm_dataminer/pjm_dataminer__Advanced_Capacity_Accreditation_of_Future_Energy_System_Resources_with_Deep_Uncertainties__0fde56afaa.pdf,https://arxiv.org/pdf/2604.00173,0,0.57202274
pglib_opf,opf_benchmarks,downloaded,AC OPF;DC OPF;OPF approximation,PGLib-OPF,title_or_abstract_or_fulltext_search,yes,2025-03-10,2025,Machine learning-driven multi-agent-based AC optimal power flow with effective dataset creation for data privacy and interoperability,Sustainable Energy Grids and Networks,journal,sci_journal_candidate,Journal name matches a common SCI/SCIE power/energy venue hint; verify in WoS/JCR.,https://doi.org/10.1016/j.segan.2025.101672,https://openalex.org/W4408294324,true,hybrid,https://doi.org/10.1016/j.segan.2025.101672,https://doi.org/10.1016/j.segan.2025.101672,,,1,17.728165
pglib_opf,opf_benchmarks,downloaded,AC OPF;DC OPF;OPF approximation,PGLib-OPF,title_or_abstract_or_fulltext_search,yes,2024-10-07,2024,Applications of Lifted Nonlinear Cuts to Convex Relaxations of the AC Power Flow Equations,IEEE Transactions on Power Systems,journal,sci_journal_candidate,Journal name matches a common SCI/SCIE power/energy venue hint; verify in WoS/JCR.,https://doi.org/10.1109/tpwrs.2024.3470428,https://openalex.org/W4403182954,true,green,https://www.osti.gov/biblio/2478624,https://doi.org/10.1109/tpwrs.2024.3470428,,,1,24.247004
pglib_opf,opf_benchmarks,downloaded,AC OPF;DC OPF;OPF approximation,PGLib-OPF,title_or_abstract_or_fulltext_search,yes,2024-08-26,2024,Tightening QC Relaxations of AC Optimal Power Flow Through Improved Linear Convex Envelopes,IEEE Transactions on Power Systems,journal,sci_journal_candidate,Journal name matches a common SCI/SCIE power/energy venue hint; verify in WoS/JCR.,https://doi.org/10.1109/tpwrs.2024.3449755,https://openalex.org/W4401879974,false,closed,,https://doi.org/10.1109/tpwrs.2024.3449755,,,9,41.843117
pglib_opf,opf_benchmarks,downloaded,AC OPF;DC OPF;OPF approximation,PGLib-OPF; PGLib OPF; Power Grid Lib OPF,title_or_abstract_or_fulltext_search,yes,2024-04-26,2024,Optimal Power Flow With Physics-Informed Typed Graph Neural Networks,IEEE Transactions on Power Systems,journal,sci_journal_candidate,Journal name matches a common SCI/SCIE power/energy venue hint; verify in WoS/JCR.,https://doi.org/10.1109/tpwrs.2024.3394371,https://openalex.org/W4395680440,true,hybrid,https://ieeexplore.ieee.org/ielx7/59/4374138/10509003.pdf,https://doi.org/10.1109/tpwrs.2024.3394371,papers/literature/dataset_benchmark_papers/pdfs/pglib_opf/pglib_opf__Optimal_Power_Flow_With_Physics-Informed_Typed_Graph_Neural_Networks__ed1ca63175.pdf,,23,9.403282
pglib_opf,opf_benchmarks,downloaded,AC OPF;DC OPF;OPF approximation,PGLib-OPF; PGLib OPF; Power Grid Lib OPF,title_or_abstract_or_fulltext_search,yes,2023-09-08,2023,An accelerated primal‐dual method for semi‐definite programming relaxation of optimal power flow,IET Energy Systems Integration,journal,sci_journal_candidate,Journal name matches a common SCI/SCIE power/energy venue hint; verify in WoS/JCR.,https://doi.org/10.1049/esi2.12115,https://openalex.org/W4386573011,true,gold,https://onlinelibrary.wiley.com/doi/pdfdirect/10.1049/esi2.12115,https://doi.org/10.1049/esi2.12115,,,2,28.823586
pglib_opf,opf_benchmarks,downloaded,AC OPF;DC OPF;OPF approximation,PGLib-OPF,title_or_abstract_or_fulltext_search,yes,2026-01-12,2026,OptiBench: An Optimization Benchmark Tool for Renewable Energy Problems,,report,other,Not enough venue evidence for SCI/CCF classification.,https://doi.org/10.2172/3015039,https://openalex.org/W7133552170,true,gold,https://www.osti.gov/servlets/purl/3015039,https://doi.org/10.2172/3015039,papers/literature/dataset_benchmark_papers/pdfs/pglib_opf/pglib_opf__OptiBench_An_Optimization_Benchmark_Tool_for_Renewable_Energy_Problems__8867e9f72b.pdf,,0,6.1407743
pglib_opf,opf_benchmarks,downloaded,AC OPF;DC OPF;OPF approximation,PGLib-OPF,title_or_abstract_or_fulltext_search,yes,2025-01-16,2025,A Dataset Generation Toolbox for Dynamic Security Assessment: On the Role of the Security Boundary,arXiv (Cornell University),repository,other,Not enough venue evidence for SCI/CCF classification.,https://doi.org/10.48550/arxiv.2501.09513,https://openalex.org/W4406548877,true,green,https://arxiv.org/pdf/2501.09513,http://arxiv.org/abs/2501.09513,papers/literature/dataset_benchmark_papers/pdfs/pglib_opf/pglib_opf__A_Dataset_Generation_Toolbox_for_Dynamic_Security_Assessment_On_the_Role_of_the_Security_B__dae04ba9ec.pdf,,0,8.061029
pglib_opf,opf_benchmarks,downloaded,AC OPF;DC OPF;OPF approximation,PGLib-OPF; PGLib OPF; Power Grid Lib OPF,title_or_abstract_or_fulltext_search,yes,2025-01-01,2025,OptiBench: An Optimization Benchmark Tool for Renewable Energy Problems,Communications in computer and information science,book series,other,Not enough venue evidence for SCI/CCF classification.,https://doi.org/10.1007/978-3-031-95130-5_2,https://openalex.org/W4413210997,false,closed,,https://doi.org/10.1007/978-3-031-95130-5_2,,,0,6.141833
pandapower,grid_cases,downloaded,PF;OPF;short circuit;state estimation;distribution studies,pandapower,title_or_abstract_or_fulltext_search,weak_metadata_only,2024-07-01,2024,Electric Network Topology Optimization with Distributed Generation using Pandapower Library,Journal of modern energy research.,journal,sci_journal_candidate,Journal name matches a common SCI/SCIE power/energy venue hint; verify in WoS/JCR.,https://doi.org/10.56947/jmer.v2i1.5,https://openalex.org/W4404208199,true,bronze,https://jmenr.org/index.php/journal/article/download/5/6,https://doi.org/10.56947/jmer.v2i1.5,papers/literature/dataset_benchmark_papers/pdfs/pandapower/pandapower__Electric_Network_Topology_Optimization_with_Distributed_Generation_using_Pandapower_Librar__d01112f167.pdf,,2,36.802773
pandapower,grid_cases,downloaded,PF;OPF;short circuit;state estimation;distribution studies,pandapower,title_or_abstract_or_fulltext_search,yes,2023-10-21,2023,Security‐constrained active power curtailment considering line temperature and thermal inertia,IET Generation Transmission & Distribution,journal,sci_journal_candidate,Journal name matches a common SCI/SCIE power/energy venue hint; verify in WoS/JCR.,https://doi.org/10.1049/gtd2.13029,https://openalex.org/W4387845438,true,gold,https://onlinelibrary.wiley.com/doi/pdfdirect/10.1049/gtd2.13029,https://doi.org/10.1049/gtd2.13029,,,7,24.79753
pandapower,grid_cases,downloaded,PF;OPF;short circuit;state estimation;distribution studies,pandapower,title_or_abstract_or_fulltext_search,yes,2023-10-19,2023,A model-based approach for converting CGMES power system models into operational networks,Energy Informatics,journal,sci_journal_candidate,Journal name matches a common SCI/SCIE power/energy venue hint; verify in WoS/JCR.,https://doi.org/10.1186/s42162-023-00290-3,https://openalex.org/W4387773563,true,gold,https://energyinformatics.springeropen.com/counter/pdf/10.1186/s42162-023-00290-3,http://dx.doi.org/10.1186/s42162-023-00290-3,,,2,21.555868
pandapower,grid_cases,downloaded,PF;OPF;short circuit;state estimation;distribution studies,pandapower,title_or_abstract_or_fulltext_search,yes,2024-11-09,2024,Mitigating Grid Peaks in E-Mobility Charging A Comparative Evaluation of §14a EnWG and Priority-Driven Load Reduction Approaches,,article,other,Not enough venue evidence for SCI/CCF classification.,https://doi.org/10.1109/icrera62673.2024.10815409,https://openalex.org/W4405935090,false,closed,,https://doi.org/10.1109/icrera62673.2024.10815409,,,5,25.79479
pandapower,grid_cases,downloaded,PF;OPF;short circuit;state estimation;distribution studies,pandapower,title_or_abstract_or_fulltext_search,yes,2024-09-03,2024,Further developments in pandapower and pandapipes,,article,other,Not enough venue evidence for SCI/CCF classification.,https://doi.org/10.1109/osmses62085.2024.10668998,https://openalex.org/W4402753360,false,closed,,https://doi.org/10.1109/osmses62085.2024.10668998,,,3,54.11348
pandapower,grid_cases,downloaded,PF;OPF;short circuit;state estimation;distribution studies,pandapower,title_or_abstract_or_fulltext_search,weak_metadata_only,2024-03-15,2024,Australian Energy Market Operator National Electricity Market Network Optimal Power Flow Modelling,arXiv (Cornell University),repository,other,Not enough venue evidence for SCI/CCF classification.,https://doi.org/10.48550/arxiv.2403.18851,https://openalex.org/W4393334999,true,green,https://arxiv.org/pdf/2403.18851,http://arxiv.org/abs/2403.18851,papers/literature/dataset_benchmark_papers/pdfs/pandapower/pandapower__Australian_Energy_Market_Operator_National_Electricity_Market_Network_Optimal_Power_Flow_M__01ae1cbae8.pdf,,1,19.925568
pandapower,grid_cases,downloaded,PF;OPF;short circuit;state estimation;distribution studies,pandapower,title_or_abstract_or_fulltext_search,yes,2024-02-29,2024,Overview of Python Power Flow Solvers,,article,other,Not enough venue evidence for SCI/CCF classification.,https://doi.org/10.1109/reepe60449.2024.10479730,https://openalex.org/W4394624976,false,closed,,https://doi.org/10.1109/reepe60449.2024.10479730,,,5,26.026167
pandapower,grid_cases,downloaded,PF;OPF;short circuit;state estimation;distribution studies,pandapower,title_or_abstract_or_fulltext_search,weak_metadata_only,2023-07-16,2023,Pp OPF -Pandapower Implementation of Three-phase Optimal Power Flow Model,,article,other,Not enough venue evidence for SCI/CCF classification.,https://doi.org/10.1109/pesgm52003.2023.10252870,https://openalex.org/W4387005923,false,closed,,https://doi.org/10.1109/pesgm52003.2023.10252870,,,4,43.723743
pandapower,grid_cases,downloaded,PF;OPF;short circuit;state estimation;distribution studies,pandapower,title_or_abstract_or_fulltext_search,weak_metadata_only,2025-11-27,2025,Leveraging Large Language Models for Analysis and Control of Power Transmission Networks: Case Studies with the Llama3 LLM Model and Pandapower,B&H eletrical engineering,journal,journal_other_verify,Journal record; SCI/SCIE status not established by OpenAlex.,https://doi.org/10.2478/bhee-2025-0018,https://openalex.org/W4416774309,true,hybrid,https://reference-global.com/2/v2/download/article/10.2478/bhee-2025-0018.pdf,https://doi.org/10.2478/bhee-2025-0018,papers/literature/dataset_benchmark_papers/pdfs/pandapower/pandapower__Leveraging_Large_Language_Models_for_Analysis_and_Control_of_Power_Transmission_Networks_C__cd7aab6295.pdf,,1,23.896767
pandapower,grid_cases,downloaded,PF;OPF;short circuit;state estimation;distribution studies,pandapower,title_or_abstract_or_fulltext_search,weak_metadata_only,2025-01-17,2025,Large Language Models in Power Systems: Enhancing Control and Decision-Making,International Journal of Innovative Solutions in Engineering,journal,journal_other_verify,Journal record; SCI/SCIE status not established by OpenAlex.,https://doi.org/10.47960/3029-3200.2025.1.1.10,https://openalex.org/W4406534632,true,diamond,https://ijise.ba/wp-content/uploads/2025/01/Vol.-1-No.-1-Article-2.pdf,https://doi.org/10.47960/3029-3200.2025.1.1.10,,,9,30.784744
opsd_time_series,time_series_market,downloaded,load forecasting;renewable forecasting;price forecasting,Open Power System Data; OPSD time series,title_or_abstract_or_fulltext_search,weak_metadata_only,2025-09-16,2025,Few-shot and continuous online learning for forecasting in the energy industry,Energy,journal,sci_journal_candidate,Journal name matches a common SCI/SCIE power/energy venue hint; verify in WoS/JCR.,https://doi.org/10.1016/j.energy.2025.138470,https://openalex.org/W4414230370,false,closed,,https://doi.org/10.1016/j.energy.2025.138470,,,4,14.283867
opsd_time_series,time_series_market,downloaded,load forecasting;renewable forecasting;price forecasting,Open Power System Data,title_or_abstract_or_fulltext_search,yes,2026-06-17,2026,Load-Climate-Open: an open hourly dataset and reproducible pipeline for day-ahead electricity-load forecasting with climate and renewable-generation features,Open MIND,repository,other,Not enough venue evidence for SCI/CCF classification.,https://doi.org/10.5281/zenodo.20733832,https://openalex.org/W7165055483,true,green,https://open-power-system-data.org,https://open-power-system-data.org,,,0,2.3203595
opsd_time_series,time_series_market,downloaded,load forecasting;renewable forecasting;price forecasting,Open Power System Data; OPSD time series,title_or_abstract_or_fulltext_search,weak_metadata_only,2026-01-01,2026,Climate-informed residual learning and conformal calibration for probabilistic photovoltaic power forecasting using open reanalysis data,SSRN Electronic Journal,repository,other,Not enough venue evidence for SCI/CCF classification.,https://doi.org/10.2139/ssrn.7023063,https://openalex.org/W7166563873,true,green,https://doi.org/10.2139/ssrn.7023063,https://doi.org/10.2139/ssrn.7023063,,,0,2.3177755
opsd_time_series,time_series_market,downloaded,load forecasting;renewable forecasting;price forecasting,Open Power System Data,title_or_abstract_or_fulltext_search,weak_metadata_only,2025-11-27,2025,Online Distributed Meta Learning for Solving Multiple Microgrids Economic Dispatch Problems,,article,other,Not enough venue evidence for SCI/CCF classification.,https://doi.org/10.1109/aecse67874.2025.11383596,https://openalex.org/W7130568253,false,closed,,https://doi.org/10.1109/aecse67874.2025.11383596,,,0,2.585348
opsd_time_series,time_series_market,downloaded,load forecasting;renewable forecasting;price forecasting,Open Power System Data,title_or_abstract_or_fulltext_search,yes,2025-10-27,2025,A Comparative Study of Machine Learning Algorithms for Photovoltaic Power Forecasting,,article,other,Not enough venue evidence for SCI/CCF classification.,https://doi.org/10.1109/icrera66237.2025.11284170,https://openalex.org/W4417510759,false,closed,,https://doi.org/10.1109/icrera66237.2025.11284170,,,0,2.4453225
opsd_time_series,time_series_market,downloaded,load forecasting;renewable forecasting;price forecasting,Open Power System Data,title_or_abstract_or_fulltext_search,yes,2025-01-01,2025,Multi-Repository Metadata Assessment,Open MIND,repository,other,Not enough venue evidence for SCI/CCF classification.,https://doi.org/10.71694/4tut8jmy,https://openalex.org/W7115060426,true,green,https://doi.org/10.71694/4tut8jmy,,,,0,2.3203278
opsd_time_series,time_series_market,downloaded,load forecasting;renewable forecasting;price forecasting,Open Power System Data,title_or_abstract_or_fulltext_search,yes,2023-12-15,2023,Attention Mechanism Based Probabilistic Day-Ahead Net-Load Forecasting with Behind-the-Meter Solar,,article,other,Not enough venue evidence for SCI/CCF classification.,https://doi.org/10.1109/ei259745.2023.10512985,https://openalex.org/W4396766591,false,closed,,https://doi.org/10.1109/ei259745.2023.10512985,,,2,14.122337
opsd_time_series,time_series_market,downloaded,load forecasting;renewable forecasting;price forecasting,Open Power System Data,title_or_abstract_or_fulltext_search,yes,2026-03-12,2026,MTMF-Grid: A multi-task multi-modal fusion model for operational forecasting and decision support in power grids,PLoS ONE,journal,journal_other_verify,Journal record; SCI/SCIE status not established by OpenAlex.,https://doi.org/10.1371/journal.pone.0343511,https://openalex.org/W7135010673,true,gold,https://doi.org/10.1371/journal.pone.0343511,https://doi.org/10.1371/journal.pone.0343511,,,0,2.3180778
nsrdb,renewable_weather,metadata-only,PV forecasting;solar irradiance;weather features,National Solar Radiation Database; NSRDB,title_or_abstract_or_fulltext_search,weak_metadata_only,2024-05-30,2024,Improved satellite-based intra-day solar forecasting with a chain of deep learning models,Energy Conversion and Management,journal,sci_journal_candidate,Journal name matches a common SCI/SCIE power/energy venue hint; verify in WoS/JCR.,https://doi.org/10.1016/j.enconman.2024.118598,https://openalex.org/W4399163822,false,closed,,https://doi.org/10.1016/j.enconman.2024.118598,,,27,41.94405
nsrdb,renewable_weather,metadata-only,PV forecasting;solar irradiance;weather features,National Solar Radiation Database; NSRDB,title_or_abstract_or_fulltext_search,yes,2024-03-18,2024,Investigating boosting techniques’ efficacy in feature selection: A comparative analysis,Energy Reports,journal,sci_journal_candidate,Journal name matches a common SCI/SCIE power/energy venue hint; verify in WoS/JCR.,https://doi.org/10.1016/j.egyr.2024.03.020,https://openalex.org/W4392905700,true,gold,https://doi.org/10.1016/j.egyr.2024.03.020,https://doi.org/10.1016/j.egyr.2024.03.020,,,24,36.555122
nsrdb,renewable_weather,metadata-only,PV forecasting;solar irradiance;weather features,National Solar Radiation Database; NSRDB,title_or_abstract_or_fulltext_search,weak_metadata_only,2023-11-22,2023,Integration of a physics-based direct normal irradiance (DNI) model to enhance the National Solar Radiation Database (NSRDB),Solar Energy,journal,sci_journal_candidate,Journal name matches a common SCI/SCIE power/energy venue hint; verify in WoS/JCR.,https://doi.org/10.1016/j.solener.2023.112195,https://openalex.org/W4388920159,true,green,https://www.osti.gov/servlets/purl/2228474,https://doi.org/10.1016/j.solener.2023.112195,papers/literature/dataset_benchmark_papers/pdfs/nsrdb/nsrdb__Integration_of_a_physics-based_direct_normal_irradiance_DNI_model_to_enhance_the_National___7fa67f06f0.pdf,,7,73.24373
nsrdb,renewable_weather,metadata-only,PV forecasting;solar irradiance;weather features,National Solar Radiation Database; NSRDB,title_or_abstract_or_fulltext_search,weak_metadata_only,2023-09-29,2023,Global and direct solar irradiance estimation using deep learning and selected spectral satellite images,Applied Energy,journal,sci_journal_candidate,Journal name matches a common SCI/SCIE power/energy venue hint; verify in WoS/JCR.,https://doi.org/10.1016/j.apenergy.2023.121979,https://openalex.org/W4387207807,true,green,http://hdl.handle.net/10397/108917,https://doi.org/10.1016/j.apenergy.2023.121979,,,35,51.749706
nsrdb,renewable_weather,metadata-only,PV forecasting;solar irradiance;weather features,National Solar Radiation Database; NSRDB,title_or_abstract_or_fulltext_search,weak_metadata_only,2024-01-01,2024,Global Horizontal Irradiance Estimation Using Bi-LSTM Algorithm,Lecture notes in networks and systems,book series,other,Not enough venue evidence for SCI/CCF classification.,https://doi.org/10.1007/978-981-99-8135-9_12,https://openalex.org/W4390796864,false,closed,,https://doi.org/10.1007/978-981-99-8135-9_12,,,8,28.607555
nsrdb,renewable_weather,metadata-only,PV forecasting;solar irradiance;weather features,National Solar Radiation Database; NSRDB,title_or_abstract_or_fulltext_search,weak_metadata_only,2023-08-01,2023,Clear-Sky Probability for the 2023 Annular Solar Eclipse and the 2024 Total Solar Eclipse Using the NREL National Solar Radiation Database,,report,other,Not enough venue evidence for SCI/CCF classification.,https://doi.org/10.2172/1996223,https://openalex.org/W4386125092,true,green,https://www.osti.gov/biblio/1996223,https://doi.org/10.2172/1996223,,,1,36.050842
nsrdb,renewable_weather,metadata-only,PV forecasting;solar irradiance;weather features,National Solar Radiation Database; NSRDB,title_or_abstract_or_fulltext_search,yes,2024-03-11,2024,Short-term global horizontal irradiance forecasting using weather classified categorical boosting,Applied Soft Computing,journal,journal_other_verify,Journal record; SCI/SCIE status not established by OpenAlex.,https://doi.org/10.1016/j.asoc.2024.111441,https://openalex.org/W4392649410,true,hybrid,https://ars.els-cdn.com/content/image/1-s2.0-S1568494624002151-ga1_lrg.jpg,https://doi.org/10.1016/j.asoc.2024.111441,,,39,54.09674
nsrdb,renewable_weather,metadata-only,PV forecasting;solar irradiance;weather features,National Solar Radiation Database,title_or_abstract_or_fulltext_search,yes,2023-12-04,2023,Regridding uncertainty for statistical downscaling of solar radiation,"Advances in statistical climatology, meteorology and oceanography",journal,journal_other_verify,Journal record; SCI/SCIE status not established by OpenAlex.,https://doi.org/10.5194/ascmo-9-103-2023,https://openalex.org/W4389311132,true,diamond,https://ascmo.copernicus.org/articles/9/103/2023/ascmo-9-103-2023.pdf,https://doi.org/10.5194/ascmo-9-103-2023,papers/literature/dataset_benchmark_papers/pdfs/nsrdb/nsrdb__Regridding_uncertainty_for_statistical_downscaling_of_solar_radiation__5a8467a2d0.pdf,,5,29.5281
matpower,grid_cases,downloaded,PF;OPF;N-1;ML-OPF,MATPOWER,title_or_abstract_or_fulltext_search,yes,2025-07-18,2025,Enhancing LLMs for Power System Simulations: A Feedback-Driven Multi-Agent Framework,IEEE Transactions on Smart Grid,journal,sci_journal_candidate,Journal name matches a common SCI/SCIE power/energy venue hint; verify in WoS/JCR.,https://doi.org/10.1109/tsg.2025.3589114,https://openalex.org/W4412871250,false,closed,,https://doi.org/10.1109/tsg.2025.3589114,,,18,26.29039
matpower,grid_cases,downloaded,PF;OPF;N-1;ML-OPF,MATPOWER,title_or_abstract_or_fulltext_search,yes,2025-04-29,2025,Optimization of Power System Flexibility Through AI‐Driven Dynamic Load Management and Renewable Integration,Battery energy,journal,sci_journal_candidate,Journal name matches a common SCI/SCIE power/energy venue hint; verify in WoS/JCR.,https://doi.org/10.1002/bte2.20250009,https://openalex.org/W4409922028,true,gold,https://onlinelibrary.wiley.com/doi/pdfdirect/10.1002/bte2.20250009,https://doi.org/10.1002/bte2.20250009,,,6,23.65519
matpower,grid_cases,downloaded,PF;OPF;N-1;ML-OPF,MATPOWER,title_or_abstract_or_fulltext_search,yes,2025-03-29,2025,A hybrid optimal power flow model for transmission and distribution networks,Electric Power Systems Research,journal,sci_journal_candidate,Journal name matches a common SCI/SCIE power/energy venue hint; verify in WoS/JCR.,https://doi.org/10.1016/j.epsr.2025.111638,https://openalex.org/W4408967967,true,hybrid,https://doi.org/10.1016/j.epsr.2025.111638,https://doi.org/10.1016/j.epsr.2025.111638,,,6,29.142231
matpower,grid_cases,downloaded,PF;OPF;N-1;ML-OPF,MATPOWER,title_or_abstract_or_fulltext_search,yes,2024-01-01,2024,Robust Kernel Density Estimation Based Data-Driven Optimal Scheduling for Power Systems Considering Data Errors and Uncertainties of Renewable Energy,IEEE Access,journal,sci_journal_candidate,Journal name matches a common SCI/SCIE power/energy venue hint; verify in WoS/JCR.,https://doi.org/10.1109/access.2024.3411400,https://openalex.org/W4399425879,true,gold,https://doi.org/10.1109/access.2024.3411400,https://doi.org/10.1109/access.2024.3411400,,,13,26.580795
matpower,grid_cases,downloaded,PF;OPF;N-1;ML-OPF,MATPOWER,title_or_abstract_or_fulltext_search,weak_metadata_only,2024-05-17,2024,Application of MATPOWER and PSASP in power flow study,,article,other,Not enough venue evidence for SCI/CCF classification.,https://doi.org/10.1109/icepet61938.2024.10625842,https://openalex.org/W4401538289,false,closed,,http://dx.doi.org/10.1109/icepet61938.2024.10625842,,,1,32.84893
matpower,grid_cases,downloaded,PF;OPF;N-1;ML-OPF,MATPOWER; MATPOWER case; MATPOWER cases,title_or_abstract_or_fulltext_search,yes,2023-11-14,2023,Improved Kron Method for Linear Losses Coefficient,,article,other,Not enough venue evidence for SCI/CCF classification.,https://doi.org/10.1109/icamimia60881.2023.10427695,https://openalex.org/W4391792739,false,closed,,https://doi.org/10.1109/icamimia60881.2023.10427695,,,3,17.534628
matpower,grid_cases,downloaded,PF;OPF;N-1;ML-OPF,MATPOWER,title_or_abstract_or_fulltext_search,yes,2024-10-17,2024,A Fuzzy Multi-Criteria Approach for Selecting Sustainable Power Systems Simulation Software in Undergraduate Education,Sustainability,journal,journal_other_verify,Journal record; SCI/SCIE status not established by OpenAlex.,https://doi.org/10.3390/su16208994,https://openalex.org/W4403487070,true,gold,https://www.mdpi.com/2071-1050/16/20/8994/pdf?version=1729165615,https://doi.org/10.3390/su16208994,,,9,27.214619
matpower,grid_cases,downloaded,PF;OPF;N-1;ML-OPF,MATPOWER,title_or_abstract_or_fulltext_search,yes,2024-05-26,2024,A bi‐level mobile energy storage pre‐positioning method for distribution network coupled with transportation network against typhoon disaster,IET Renewable Power Generation,journal,journal_other_verify,Journal record; SCI/SCIE status not established by OpenAlex.,https://doi.org/10.1049/rpg2.12996,https://openalex.org/W4399053479,true,gold,https://onlinelibrary.wiley.com/doi/pdfdirect/10.1049/rpg2.12996,https://doi.org/10.1049/rpg2.12996,,,7,23.817577
matpower,grid_cases,downloaded,PF;OPF;N-1;ML-OPF,MATPOWER; MATPOWER case,title_or_abstract_or_fulltext_search,yes,2024-02-28,2024,Co-optimizing the smart grid and electric public transit bus system,Optimization and Engineering,journal,journal_other_verify,Journal record; SCI/SCIE status not established by OpenAlex.,https://doi.org/10.1007/s11081-023-09878-w,https://openalex.org/W3111955515,true,hybrid,https://link.springer.com/content/pdf/10.1007/s11081-023-09878-w.pdf,https://doi.org/10.1007/s11081-023-09878-w,,,8,23.444172
matpower,grid_cases,downloaded,PF;OPF;N-1;ML-OPF,MATPOWER; MATPOWER case; MATPOWER cases,title_or_abstract_or_fulltext_search,weak_metadata_only,2023-08-02,2023,Modified Power Flow Algorithm of AC/DC Power Network,Journal of Electrical Engineering and Technology,journal,journal_other_verify,Journal record; SCI/SCIE status not established by OpenAlex.,https://doi.org/10.1007/s42835-023-01575-z,https://openalex.org/W4385494078,false,closed,,https://doi.org/10.1007/s42835-023-01575-z,,,7,25.739384
lbnl_pmu_event_library,equipment_fault_pmu,downloaded,PMU event detection;disturbance analysis,LBNL PMU event library; PMU event library,title_or_abstract_or_fulltext_search,yes,2026-05-10,2026,TokaMind for Power Grid: Cross-Domain Transfer from Fusion Plasma,arXiv (Cornell University),repository,other,Not enough venue evidence for SCI/CCF classification.,,https://openalex.org/W7161354448,true,green,https://arxiv.org/pdf/2605.11033,https://arxiv.org/abs/2605.11033,papers/literature/dataset_benchmark_papers/pdfs/lbnl_pmu_event_library/lbnl_pmu_event_library__TokaMind_for_Power_Grid_Cross-Domain_Transfer_from_Fusion_Plasma__ce452c8246.pdf,,0,0.38928735
lbnl_pmu_event_library,equipment_fault_pmu,downloaded,PMU event detection;disturbance analysis,LBNL PMU event library; PMU event library,title_or_abstract_or_fulltext_search,weak_metadata_only,2025-10-21,2025,Development and modelling of microgrid system architecture with redundancy from nuclear and traditional sources for critical infrastructure: Improving the reliability and security of energy supply,Jornal of Kryvyi Rih National University,journal,journal_other_verify,Journal record; SCI/SCIE status not established by OpenAlex.,https://doi.org/10.31721/2306-5451-2025-2-23-19-33,https://openalex.org/W7125951532,true,diamond,"https://journal-knu.com.ua/web/uploads/pdf/Journal of Kryvyi Rih National University, Vol 23, No 2, 2025-19-33.pdf",https://doi.org/10.31721/2306-5451-2025-2-23-19-33,papers/literature/dataset_benchmark_papers/pdfs/lbnl_pmu_event_library/lbnl_pmu_event_library__Development_and_modelling_of_microgrid_system_architecture_with_redundancy_from_nuclear_an__0441029dd3.pdf,,0,0.23628366
gridstage,equipment_fault_pmu,downloaded,synthetic PMU;event detection;grid disturbance simulation,GridSTAGE; synthetic PMU GridSTAGE,title_or_abstract_or_fulltext_search,weak_metadata_only,2024-08-26,2024,Quasi-Bayesian sequential deconvolution,arXiv (Cornell University),repository,other,Not enough venue evidence for SCI/CCF classification.,https://doi.org/10.48550/arxiv.2408.14402,https://openalex.org/W4402702678,true,green,https://arxiv.org/pdf/2408.14402,http://arxiv.org/abs/2408.14402,papers/literature/dataset_benchmark_papers/pdfs/gridstage/gridstage__Quasi-Bayesian_sequential_deconvolution__81fd79998a.pdf,,0,0.22309211
gridstage,equipment_fault_pmu,downloaded,synthetic PMU;event detection;grid disturbance simulation,GridSTAGE; synthetic PMU GridSTAGE,title_or_abstract_or_fulltext_search,yes,2023-10-20,2023,The Synaptic Architecture of Layer 5 Thick Tufted Excitatory Neurons in the Visual Cortex of Mice,bioRxiv (Cold Spring Harbor Laboratory),repository,other,Not enough venue evidence for SCI/CCF classification.,https://doi.org/10.1101/2023.10.18.562531,https://openalex.org/W4387823096,true,green,https://www.biorxiv.org/content/biorxiv/early/2023/10/20/2023.10.18.562531.full.pdf,https://doi.org/10.1101/2023.10.18.562531,,,7,1.4482019
gridstage,equipment_fault_pmu,downloaded,synthetic PMU;event detection;grid disturbance simulation,GridSTAGE; synthetic PMU GridSTAGE,title_or_abstract_or_fulltext_search,yes,2026-06-15,2026,Development of an IoT-Based Solar Power Plant (PLTS) Experimental Kit as a CPS–STEM Learning Media in Junior High School,Jurnal Phi Jurnal Pendidikan Fisika dan Fisika Terapan,journal,journal_other_verify,Journal record; SCI/SCIE status not established by OpenAlex.,https://doi.org/10.22373/p-jpft.v12i2.34701,https://openalex.org/W7164843943,true,diamond,https://jurnal.ar-raniry.ac.id/index.php/jurnalphi/article/download/34701/12990,https://doi.org/10.22373/p-jpft.v12i2.34701,papers/literature/dataset_benchmark_papers/pdfs/gridstage/gridstage__Development_of_an_IoT-Based_Solar_Power_Plant_PLTS_Experimental_Kit_as_a_CPS_STEM_Learning__4c205220f0.pdf,,0,0.35612226
gridstage,equipment_fault_pmu,downloaded,synthetic PMU;event detection;grid disturbance simulation,GridSTAGE,title_or_abstract_or_fulltext_search,yes,2026-03-03,2026,Adaptive Fault-Resilient and Self-Healing Energy Management for IoT-Enabled Microgrids via Deep Q-Learning with Real-Time Edge Control,International Journal of Robotics and Control Systems,journal,journal_other_verify,Journal record; SCI/SCIE status not established by OpenAlex.,https://doi.org/10.31763/ijrcs.v6i1.2553,https://openalex.org/W7155429470,true,diamond,https://doi.org/10.31763/ijrcs.v6i1.2553,https://doi.org/10.31763/ijrcs.v6i1.2553,,,0,2.8917174
gridstage,equipment_fault_pmu,downloaded,synthetic PMU;event detection;grid disturbance simulation,GridSTAGE; synthetic PMU GridSTAGE,title_or_abstract_or_fulltext_search,yes,2025-12-25,2025,Abductive Reasoning in Scientific Information Literacy: Students’ Understanding of Climate Change in Social Media,Jurnal Penelitian Pendidikan IPA,journal,journal_other_verify,Journal record; SCI/SCIE status not established by OpenAlex.,https://doi.org/10.29303/jppipa.v11i12.12918,https://openalex.org/W7120007143,true,diamond,https://jppipa.unram.ac.id/index.php/jppipa/article/download/12918/8987,https://doi.org/10.29303/jppipa.v11i12.12918,papers/literature/dataset_benchmark_papers/pdfs/gridstage/gridstage__Abductive_Reasoning_in_Scientific_Information_Literacy_Students_Understanding_of_Climate_C__719659a65d.pdf,,0,0.3409091
gridstage,equipment_fault_pmu,downloaded,synthetic PMU;event detection;grid disturbance simulation,GridSTAGE; synthetic PMU GridSTAGE,title_or_abstract_or_fulltext_search,yes,2024-08-10,2024,Fast imaging of millimeter-scale areas with beam deflection transmission electron microscopy,Nature Communications,journal,journal_other_verify,Journal record; SCI/SCIE status not established by OpenAlex.,https://doi.org/10.1038/s41467-024-50846-4,https://openalex.org/W4401479691,true,gold,https://www.nature.com/articles/s41467-024-50846-4.pdf,https://doi.org/10.1038/s41467-024-50846-4,,,11,4.5120955
gridstage,equipment_fault_pmu,downloaded,synthetic PMU;event detection;grid disturbance simulation,GridSTAGE; synthetic PMU GridSTAGE,title_or_abstract_or_fulltext_search,weak_metadata_only,2023-12-19,2023,Online real-time learning of dynamical systems from noisy streaming data,Scientific Reports,journal,journal_other_verify,Journal record; SCI/SCIE status not established by OpenAlex.,https://doi.org/10.1038/s41598-023-49045-w,https://openalex.org/W4389913225,true,gold,https://www.nature.com/articles/s41598-023-49045-w.pdf,https://doi.org/10.1038/s41598-023-49045-w,,,11,3.83775
grid2op_datasets,rl_control,downloaded,topology control;L2RPN;RL,L2RPN,title_or_abstract_or_fulltext_search,weak_metadata_only,2025-08-28,2025,AI challenge for safe and low carbon power grid operation,Energy and AI,journal,sci_journal_candidate,Journal name matches a common SCI/SCIE power/energy venue hint; verify in WoS/JCR.,https://doi.org/10.1016/j.egyai.2025.100564,https://openalex.org/W4413786800,true,gold,https://doi.org/10.1016/j.egyai.2025.100564,https://doi.org/10.1016/j.egyai.2025.100564,,,6,29.447237
grid2op_datasets,rl_control,downloaded,topology control;L2RPN;RL,L2RPN; Learning to Run a Power Network,title_or_abstract_or_fulltext_search,yes,2025-07-31,2025,Optimizing Power Grid Topologies with Reinforcement Learning: A Survey of Methods and Challenges,Foundations and Trends® in Electric Energy Systems,journal,sci_journal_candidate,Journal name matches a common SCI/SCIE power/energy venue hint; verify in WoS/JCR.,https://doi.org/10.1561/3100000048,https://openalex.org/W4413223649,true,green,https://research.vu.nl/en/publications/b20f62c1-8af8-420a-add5-0a90b72c79a0,https://doi.org/10.1561/3100000048,,,4,22.886393
grid2op_datasets,rl_control,downloaded,topology control;L2RPN;RL,Grid2Op,title_or_abstract_or_fulltext_search,yes,2024-10-02,2024,Blackout Mitigation via Physics-Guided RL,IEEE Transactions on Power Systems,journal,sci_journal_candidate,Journal name matches a common SCI/SCIE power/energy venue hint; verify in WoS/JCR.,https://doi.org/10.1109/tpwrs.2024.3472570,https://openalex.org/W4403061035,false,closed,,https://doi.org/10.1109/tpwrs.2024.3472570,,,3,17.746786
grid2op_datasets,rl_control,downloaded,topology control;L2RPN;RL,L2RPN; Learning to Run a Power Network,title_or_abstract_or_fulltext_search,yes,2024-08-23,2024,HUGO – Highlighting Unseen Grid Options: Combining deep reinforcement learning with a heuristic target topology approach,Sustainable Energy Grids and Networks,journal,sci_journal_candidate,Journal name matches a common SCI/SCIE power/energy venue hint; verify in WoS/JCR.,https://doi.org/10.1016/j.segan.2024.101510,https://openalex.org/W4401822002,true,hybrid,https://doi.org/10.1016/j.segan.2024.101510,https://doi.org/10.1016/j.segan.2024.101510,,,7,24.844275
grid2op_datasets,rl_control,downloaded,topology control;L2RPN;RL,Grid2Op; L2RPN; Learning to Run a Power Network,title_or_abstract_or_fulltext_search,weak_metadata_only,2024-03-06,2024,A novel approach of energy and reserve scheduling for hybrid power systems: Frequency security constraints,Applied Energy,journal,sci_journal_candidate,Journal name matches a common SCI/SCIE power/energy venue hint; verify in WoS/JCR.,https://doi.org/10.1016/j.apenergy.2024.122926,https://openalex.org/W4392528044,false,closed,,https://doi.org/10.1016/j.apenergy.2024.122926,,,21,31.919088
grid2op_datasets,rl_control,downloaded,topology control;L2RPN;RL,Grid2Op; L2RPN; Learning to Run a Power Network,title_or_abstract_or_fulltext_search,weak_metadata_only,2026-01-01,2026,Fault Detection for Agents in Power Grid Topology Optimization: A Comprehensive Analysis,Communications in computer and information science,book series,other,Not enough venue evidence for SCI/CCF classification.,https://doi.org/10.1007/978-3-032-25308-8_20,https://openalex.org/W4400024060,true,green,https://arxiv.org/pdf/2406.16426,https://doi.org/10.1007/978-3-032-25308-8_20,papers/literature/dataset_benchmark_papers/pdfs/grid2op_datasets/grid2op_datasets__Fault_Detection_for_Agents_in_Power_Grid_Topology_Optimization_A_Comprehensive_Analysis__54e35d0c04.pdf,,1,13.999317
grid2op_datasets,rl_control,downloaded,topology control;L2RPN;RL,L2RPN; Learning to Run a Power Network,title_or_abstract_or_fulltext_search,weak_metadata_only,2025-06-29,2025,Jacobian-Based Adversarial Attacks for N-1 Robust Power Grid Control,,article,other,Not enough venue evidence for SCI/CCF classification.,https://doi.org/10.1109/powertech59965.2025.11180724,https://openalex.org/W4414956481,false,closed,,https://doi.org/10.1109/powertech59965.2025.11180724,,,1,14.380438
grid2op_datasets,rl_control,downloaded,topology control;L2RPN;RL,L2RPN; Learning to Run a Power Network,title_or_abstract_or_fulltext_search,yes,2025-06-16,2025,Centrally Coordinated Multi-Agent Reinforcement Learning for Power Grid Topology Control,,preprint,other,Not enough venue evidence for SCI/CCF classification.,https://doi.org/10.1145/3679240.3734602,https://openalex.org/W4407570745,true,gold,https://dl.acm.org/doi/pdf/10.1145/3679240.3734602,https://doi.org/10.1145/3679240.3734602,,,2,17.87965
grid2op_datasets,rl_control,downloaded,topology control;L2RPN;RL,Grid2Op,title_or_abstract_or_fulltext_search,weak_metadata_only,2025-01-22,2025,Adaptive weight adjustment technology for reinforcement learning reward indicators based on the new-type power system,International Journal of General Systems,journal,journal_other_verify,Journal record; SCI/SCIE status not established by OpenAlex.,https://doi.org/10.1080/03081079.2025.2455733,https://openalex.org/W4406773662,false,closed,,https://doi.org/10.1080/03081079.2025.2455733,,,4,20.121803
grid2op_datasets,rl_control,downloaded,topology control;L2RPN;RL,Grid2Op,title_or_abstract_or_fulltext_search,yes,2024-06-01,2024,Heterogeneous reinforcement learning for defending power grids against attacks,APL Machine Learning,journal,journal_other_verify,Journal record; SCI/SCIE status not established by OpenAlex.,https://doi.org/10.1063/5.0216874,https://openalex.org/W4399606256,true,diamond,https://pubs.aip.org/aip/aml/article-pdf/doi/10.1063/5.0216874/19993984/026121_1_5.0216874.pdf,https://doi.org/10.1063/5.0216874,,,8,30.813038
entsoe_transparency,time_series_market,metadata-only,load;generation;price;flow forecasting,ENTSO-E Transparency Platform,title_or_abstract_or_fulltext_search,yes,2025-09-11,2025,Environmental Impact of Slovenian and Croatian Electricity Generation Using an Hourly Production-Based Dynamic Life Cycle Assessment Approach,Energies,journal,sci_journal_candidate,Journal name matches a common SCI/SCIE power/energy venue hint; verify in WoS/JCR.,https://doi.org/10.3390/en18184826,https://openalex.org/W4414131885,true,gold,https://www.mdpi.com/1996-1073/18/18/4826/pdf?version=1757580440,https://doi.org/10.3390/en18184826,,,1,22.849518
entsoe_transparency,time_series_market,metadata-only,load;generation;price;flow forecasting,ENTSO-E Transparency Platform; ENTSOE Transparency Platform,title_or_abstract_or_fulltext_search,yes,2025-09-10,2025,Conditional Generative Adversarial Network-based framework for multi-feature uncertainty modeling in energy systems,Electric Power Systems Research,journal,sci_journal_candidate,Journal name matches a common SCI/SCIE power/energy venue hint; verify in WoS/JCR.,https://doi.org/10.1016/j.epsr.2025.112181,https://openalex.org/W4414107633,true,hybrid,https://doi.org/10.1016/j.epsr.2025.112181,https://doi.org/10.1016/j.epsr.2025.112181,,,3,3.1601026
entsoe_transparency,time_series_market,metadata-only,load;generation;price;flow forecasting,ENTSO-E Transparency Platform,title_or_abstract_or_fulltext_search,yes,2025-09-01,2025,Seasonal and Weather Influences in the Outages of German Thermal Generators,ACM SIGEnergy Energy Informatics Review,journal,sci_journal_candidate,Journal name matches a common SCI/SCIE power/energy venue hint; verify in WoS/JCR.,https://doi.org/10.1145/3777518.3777531,https://openalex.org/W7116108509,false,closed,,https://doi.org/10.1145/3777518.3777531,,,1,28.57463
entsoe_transparency,time_series_market,metadata-only,load;generation;price;flow forecasting,ENTSO-E Transparency Platform; ENTSOE Transparency Platform,title_or_abstract_or_fulltext_search,yes,2023-10-31,2023,Optimized siting and sizing of distribution-network-connected battery energy storage system providing flexibility services for system operators,Energy,journal,sci_journal_candidate,Journal name matches a common SCI/SCIE power/energy venue hint; verify in WoS/JCR.,https://doi.org/10.1016/j.energy.2023.129490,https://openalex.org/W4388049843,true,hybrid,https://doi.org/10.1016/j.energy.2023.129490,https://doi.org/10.1016/j.energy.2023.129490,,,24,3.8061194
entsoe_transparency,time_series_market,metadata-only,load;generation;price;flow forecasting,ENTSO-E Transparency Platform,title_or_abstract_or_fulltext_search,yes,2026-06-10,2026,RAFA: Processed multi-national ENTSO-E load-forecasting benchmark and experimental results,Zenodo (CERN European Organization for Nuclear Research),repository,other,Not enough venue evidence for SCI/CCF classification.,https://doi.org/10.5281/zenodo.20625657,https://openalex.org/W7164166104,true,green,https://doi.org/10.5281/zenodo.20625657,https://doi.org/10.5281/zenodo.20625657,,,1,39.092815
entsoe_transparency,time_series_market,metadata-only,load;generation;price;flow forecasting,ENTSO-E Transparency Platform,title_or_abstract_or_fulltext_search,weak_metadata_only,2025-01-01,2025,Transparency in European Electricity Markets and ENTSO-E Transparency Platform,,book-chapter,other,Not enough venue evidence for SCI/CCF classification.,https://doi.org/10.1007/978-3-031-86315-8_16,https://openalex.org/W4410493466,true,gold,https://link.springer.com/content/pdf/10.1007/978-3-031-86315-8_16.pdf,https://doi.org/10.1007/978-3-031-86315-8_16,,,0,17.991676
entsoe_transparency,time_series_market,metadata-only,load;generation;price;flow forecasting,ENTSO-E Transparency Platform,title_or_abstract_or_fulltext_search,weak_metadata_only,2024-10-14,2024,An Example of Spurious Granger Causality in Electricity Market Data,,article,other,Not enough venue evidence for SCI/CCF classification.,https://doi.org/10.1109/isgteurope62998.2024.10863511,https://openalex.org/W4407361485,false,closed,,https://doi.org/10.1109/isgteurope62998.2024.10863511,,,1,28.584703
entsoe_transparency,time_series_market,metadata-only,load;generation;price;flow forecasting,ENTSO-E Transparency Platform,title_or_abstract_or_fulltext_search,yes,2024-02-06,2024,Evaluating Charging Strategies for Electric Vehicles,Preprints.org,repository,other,Not enough venue evidence for SCI/CCF classification.,https://doi.org/10.20944/preprints202402.0337.v1,https://openalex.org/W4391610831,true,green,https://www.preprints.org/manuscript/202402.0337/v1/download,https://doi.org/10.20944/preprints202402.0337.v1,,,2,32.41375
entsoe_transparency,time_series_market,metadata-only,load;generation;price;flow forecasting,ENTSO-E Transparency Platform,title_or_abstract_or_fulltext_search,weak_metadata_only,2026-02-09,2026,ВЕЛИКІ ДАНІ ТА ПРЕДИКТИВНА АНАЛІТИКА В ПУБЛІЧНОМУ УПРАВЛІННІ ЕНЕРГЕТИЧНИМ СЕКТОРОМ: ІНСТРУМЕНТИ ПРИЙНЯТТЯ УПРАВЛІНСЬКИХ РІШЕНЬ,Успіхи і досягнення у науці,journal,journal_other_verify,Journal record; SCI/SCIE status not established by OpenAlex.,https://doi.org/10.52058/3041-1254-2026-1(23)-829-844,https://openalex.org/W7128422517,true,bronze,https://perspectives.pp.ua/index.php/sas/article/download/35487/35474,https://doi.org/10.52058/3041-1254-2026-1(23)-829-844,,,0,10.668114
entsoe_transparency,time_series_market,metadata-only,load;generation;price;flow forecasting,ENTSO-E Transparency Platform,title_or_abstract_or_fulltext_search,yes,2025-02-10,2025,Availability of the European power system assets: What we learn from data?,Reliability Engineering & System Safety,journal,journal_other_verify,Journal record; SCI/SCIE status not established by OpenAlex.,https://doi.org/10.1016/j.ress.2025.110887,https://openalex.org/W4407302486,true,hybrid,https://doi.org/10.1016/j.ress.2025.110887,https://doi.org/10.1016/j.ress.2025.110887,,,8,37.07509
eia_opendata,time_series_market,metadata-only,load;generation;price;fuel analytics,EIA Open Data; U.S. Energy Information Administration open data,title_or_abstract_or_fulltext_search,weak_metadata_only,2025-07-16,2025,Electric Vehicle Scheduling Model With Strategic Siting and Incentive Pricing Considering Participation Willingness,IEEE Transactions on Smart Grid,journal,sci_journal_candidate,Journal name matches a common SCI/SCIE power/energy venue hint; verify in WoS/JCR.,https://doi.org/10.1109/tsg.2025.3589616,https://openalex.org/W4413073583,true,green,https://purehost.bath.ac.uk/ws/files/374761839/paperPDF_.pdf,https://doi.org/10.1109/tsg.2025.3589616,papers/literature/dataset_benchmark_papers/pdfs/eia_opendata/eia_opendata__Electric_Vehicle_Scheduling_Model_With_Strategic_Siting_and_Incentive_Pricing_Considering___22d5be64d0.pdf,https://purehost.bath.ac.uk/ws/files/374761839/paperPDF_.pdf,7,1.2061703
eia_opendata,time_series_market,metadata-only,load;generation;price;fuel analytics,EIA Open Data,title_or_abstract_or_fulltext_search,yes,2026-07-03,2026,"Replication package for ""How geopolitical chokepoint shocks affect maritime energy-security risk: Evidence from the Strait of Hormuz""",Zenodo (CERN European Organization for Nuclear Research),repository,other,Not enough venue evidence for SCI/CCF classification.,https://doi.org/10.5281/zenodo.21093509,https://openalex.org/W7166867181,true,green,https://doi.org/10.5281/zenodo.21093509,https://doi.org/10.5281/zenodo.21093509,,,0,3.719191
eia_opendata,time_series_market,metadata-only,load;generation;price;fuel analytics,EIA Open Data,title_or_abstract_or_fulltext_search,yes,2026-07-03,2026,"Replication package for ""How geopolitical chokepoint shocks affect maritime energy-security risk: Evidence from the Strait of Hormuz""",Zenodo (CERN European Organization for Nuclear Research),repository,other,Not enough venue evidence for SCI/CCF classification.,https://doi.org/10.5281/zenodo.21154985,https://openalex.org/W7167278811,true,green,https://doi.org/10.5281/zenodo.21154985,https://doi.org/10.5281/zenodo.21154985,,,0,3.6864076
eia_opendata,time_series_market,metadata-only,load;generation;price;fuel analytics,EIA Open Data,title_or_abstract_or_fulltext_search,weak_metadata_only,2026-04-19,2026,PUDL Raw EIA Bulk API Data,Zenodo (CERN European Organization for Nuclear Research),repository,other,Not enough venue evidence for SCI/CCF classification.,https://doi.org/10.5281/zenodo.19650863,https://openalex.org/W7155003812,true,green,https://doi.org/10.5281/zenodo.19650863,https://doi.org/10.5281/zenodo.19650863,,,0,2.4137168
eia_opendata,time_series_market,metadata-only,load;generation;price;fuel analytics,EIA Open Data,title_or_abstract_or_fulltext_search,weak_metadata_only,2026-02-22,2026,PUDL Raw EIA Bulk API Data,Zenodo (CERN European Organization for Nuclear Research),repository,other,Not enough venue evidence for SCI/CCF classification.,https://doi.org/10.5281/zenodo.18731100,https://openalex.org/W7131409401,true,green,https://doi.org/10.5281/zenodo.18731100,https://doi.org/10.5281/zenodo.18731100,,,0,2.4203582
eia_opendata,time_series_market,metadata-only,load;generation;price;fuel analytics,EIA Open Data,title_or_abstract_or_fulltext_search,weak_metadata_only,2026-01-11,2026,PUDL Raw EIA Bulk API Data,Zenodo (CERN European Organization for Nuclear Research),repository,other,Not enough venue evidence for SCI/CCF classification.,https://doi.org/10.5281/zenodo.18212661,https://openalex.org/W7124165347,true,green,https://doi.org/10.5281/zenodo.18212661,https://doi.org/10.5281/zenodo.18212661,,,0,2.415978
eia_opendata,time_series_market,metadata-only,load;generation;price;fuel analytics,EIA Open Data,title_or_abstract_or_fulltext_search,weak_metadata_only,2025-12-07,2025,PUDL Raw EIA Bulk API Data,Zenodo (CERN European Organization for Nuclear Research),repository,other,Not enough venue evidence for SCI/CCF classification.,https://doi.org/10.5281/zenodo.17846579,https://openalex.org/W7111027946,true,green,https://doi.org/10.5281/zenodo.17846579,https://doi.org/10.5281/zenodo.17846579,,,0,2.418724
eia_opendata,time_series_market,metadata-only,load;generation;price;fuel analytics,EIA Open Data,title_or_abstract_or_fulltext_search,weak_metadata_only,2025-11-23,2025,PUDL Raw EIA Bulk API Data,Zenodo (CERN European Organization for Nuclear Research),repository,other,Not enough venue evidence for SCI/CCF classification.,https://doi.org/10.5281/zenodo.17688026,https://openalex.org/W7106531993,true,green,https://doi.org/10.5281/zenodo.17688026,https://doi.org/10.5281/zenodo.17688026,,,0,2.4134374
eia_opendata,time_series_market,metadata-only,load;generation;price;fuel analytics,EIA Open Data,title_or_abstract_or_fulltext_search,weak_metadata_only,2025-11-09,2025,PUDL Raw EIA Bulk API Data,Zenodo (CERN European Organization for Nuclear Research),repository,other,Not enough venue evidence for SCI/CCF classification.,https://doi.org/10.5281/zenodo.17563680,https://openalex.org/W7104642452,true,green,https://doi.org/10.5281/zenodo.17563680,https://doi.org/10.5281/zenodo.17563680,,,0,2.4203582
eia_opendata,time_series_market,metadata-only,load;generation;price;fuel analytics,EIA Open Data; U.S. Energy Information Administration open data,title_or_abstract_or_fulltext_search,weak_metadata_only,2025-06-17,2025,Making AI Less 'Thirsty',Communications of the ACM,journal,journal_other_verify,Journal record; SCI/SCIE status not established by OpenAlex.,https://doi.org/10.1145/3724499,https://openalex.org/W4411368489,true,hybrid,https://dl.acm.org/doi/pdf/10.1145/3724499,https://doi.org/10.1145/3724499,,,104,5.610062
dgann_duval,equipment_fault_pmu,downloaded,transformer fault diagnosis;DGA,DGANN; Duval triangle dataset,title_or_abstract_or_fulltext_search,yes,2024-01-01,2024,Novel Approach for Ranking DEMs: Copernicus DEM Improves One Arc Second Open Global Topography,IEEE Transactions on Geoscience and Remote Sensing,journal,sci_journal_candidate,Journal name matches a common SCI/SCIE power/energy venue hint; verify in WoS/JCR.,https://doi.org/10.1109/tgrs.2024.3368015,https://openalex.org/W4391974540,true,hybrid,https://ieeexplore.ieee.org/ielx7/36/4358825/10440392.pdf,https://doi.org/10.1109/tgrs.2024.3368015,papers/literature/dataset_benchmark_papers/pdfs/dgann_duval/dgann_duval__Novel_Approach_for_Ranking_DEMs_Copernicus_DEM_Improves_One_Arc_Second_Open_Global_Topogra__a432c7bb29.pdf,https://ieeexplore.ieee.org/ielx7/36/4358825/10440392.pdf,63,3.519306
dgann_duval,equipment_fault_pmu,downloaded,transformer fault diagnosis;DGA,DGANN,title_or_abstract_or_fulltext_search,yes,2025-10-10,2025,Distributed Graph-Based Approximate Nearest Neighbor Search Index Construction via Task Parallelism,,article,other,Not enough venue evidence for SCI/CCF classification.,https://doi.org/10.1109/ispa67752.2025.00070,https://openalex.org/W4416800046,false,closed,,https://doi.org/10.1109/ispa67752.2025.00070,,,0,5.604862
dgann_duval,equipment_fault_pmu,downloaded,transformer fault diagnosis;DGA,DGANN,title_or_abstract_or_fulltext_search,yes,2024-02-09,2024,Migrating monolith system to microservices with directed graph attention neural network,,article,other,Not enough venue evidence for SCI/CCF classification.,https://doi.org/10.1117/12.3026440,https://openalex.org/W4391693158,false,closed,,https://doi.org/10.1117/12.3026440,,,0,5.4487247
dgann_duval,equipment_fault_pmu,downloaded,transformer fault diagnosis;DGA,DGANN; Duval triangle dataset,title_or_abstract_or_fulltext_search,weak_metadata_only,2024-06-25,2024,Building entrepreneurial resilience during crisis using generative AI: An empirical study on SMEs,Technovation,journal,journal_other_verify,Journal record; SCI/SCIE status not established by OpenAlex.,https://doi.org/10.1016/j.technovation.2024.103063,https://openalex.org/W4400015499,true,hybrid,https://doi.org/10.1016/j.technovation.2024.103063,https://doi.org/10.1016/j.technovation.2024.103063,,,128,3.321013
dgann_duval,equipment_fault_pmu,downloaded,transformer fault diagnosis;DGA,DGANN; Duval triangle dataset,title_or_abstract_or_fulltext_search,weak_metadata_only,2024-02-20,2024,"Projects as a speciation and aggregation mechanism in transitions: Bridging project management and transitions research in the digitalization of UK architecture, engineering, and construction industry.",Technovation,journal,journal_other_verify,Journal record; SCI/SCIE status not established by OpenAlex.,https://doi.org/10.1016/j.technovation.2024.102967,https://openalex.org/W4391952422,true,hybrid,https://doi.org/10.1016/j.technovation.2024.102967,https://doi.org/10.1016/j.technovation.2024.102967,,,27,3.5974534
dgann_duval,equipment_fault_pmu,downloaded,transformer fault diagnosis;DGA,DGANN; Duval triangle dataset,title_or_abstract_or_fulltext_search,weak_metadata_only,2024-01-01,2024,GRDL: A New Global Reservoir Area‐Storage‐Depth Data Set Derived Through Deep Learning‐Based Bathymetry Reconstruction,Water Resources Research,journal,journal_other_verify,Journal record; SCI/SCIE status not established by OpenAlex.,https://doi.org/10.1029/2023wr035781,https://openalex.org/W4390902297,true,gold,https://onlinelibrary.wiley.com/doi/pdfdirect/10.1029/2023WR035781,https://doi.org/10.1029/2023wr035781,,,37,3.309348
dgann_duval,equipment_fault_pmu,downloaded,transformer fault diagnosis;DGA,DGANN; Duval triangle dataset,title_or_abstract_or_fulltext_search,weak_metadata_only,2023-12-22,2023,Investigation of student experiences with ChatGPT-supported online learning applications in higher education,Australasian Journal of Educational Technology,journal,journal_other_verify,Journal record; SCI/SCIE status not established by OpenAlex.,https://doi.org/10.14742/ajet.8915,https://openalex.org/W4390099321,true,diamond,https://ajet.org.au/index.php/AJET/article/download/8915/2050,https://doi.org/10.14742/ajet.8915,papers/literature/dataset_benchmark_papers/pdfs/dgann_duval/dgann_duval__Investigation_of_student_experiences_with_ChatGPT-supported_online_learning_applications_i__e318d68789.pdf,https://ajet.org.au/index.php/AJET/article/download/8915/2050,65,3.6103923
dgann_duval,equipment_fault_pmu,downloaded,transformer fault diagnosis;DGA,DGANN; Duval triangle dataset,title_or_abstract_or_fulltext_search,yes,2023-09-03,2023,"Designing the transition to operations in large inter‐organizational projects: Strategy, structure, process, and people",Journal of Operations Management,journal,journal_other_verify,Journal record; SCI/SCIE status not established by OpenAlex.,https://doi.org/10.1002/joom.1275,https://openalex.org/W4386409484,true,hybrid,https://onlinelibrary.wiley.com/doi/pdfdirect/10.1002/joom.1275,https://doi.org/10.1002/joom.1275,,,44,3.566956
c2ges_nerc_reports,reliability_reports,downloaded,NLP evidence retrieval;causal-role evidence selection;reliability report analysis,NERC reliability reports,title_or_abstract_or_fulltext_search,yes,2026-03-13,2026,"The Economic Toll of Grid Fragility: Quantifying the Costs and National Security Implications of Converging Physical, Cyber, Infrastructure, and Demand-Side Threats to the U.S. Electrical Grid",Zenodo (CERN European Organization for Nuclear Research),repository,other,Not enough venue evidence for SCI/CCF classification.,https://doi.org/10.5281/zenodo.19014011,https://openalex.org/W7135377954,true,green,https://doi.org/10.5281/zenodo.19014011,https://doi.org/10.5281/zenodo.19014011,papers/literature/dataset_benchmark_papers/pdfs/c2ges_nerc_reports/c2ges_nerc_reports__The_Economic_Toll_of_Grid_Fragility_Quantifying_the_Costs_and_National_Security_Implicatio__47f3195c1a.pdf,https://zenodo.org/records/19014011/files/Economic%20Toll%20of%20Grid%20Fragility%20Complete.pdf,0,3.1674385
c2ges_nerc_reports,reliability_reports,downloaded,NLP evidence retrieval;causal-role evidence selection;reliability report analysis,NERC reliability reports,title_or_abstract_or_fulltext_search,yes,2026-03-13,2026,"The Economic Toll of Grid Fragility: Quantifying the Costs and National Security Implications of Converging Physical, Cyber, Infrastructure, and Demand-Side Threats to the U.S. Electrical Grid",Zenodo (CERN European Organization for Nuclear Research),repository,other,Not enough venue evidence for SCI/CCF classification.,https://doi.org/10.5281/zenodo.19014010,https://openalex.org/W7135387953,true,green,https://doi.org/10.5281/zenodo.19014010,https://doi.org/10.5281/zenodo.19014010,papers/literature/dataset_benchmark_papers/pdfs/c2ges_nerc_reports/c2ges_nerc_reports__The_Economic_Toll_of_Grid_Fragility_Quantifying_the_Costs_and_National_Security_Implicatio__47f3195c1a.pdf,,0,3.1584387
c2ges_nerc_reports,reliability_reports,downloaded,NLP evidence retrieval;causal-role evidence selection;reliability report analysis,NERC event analysis reports; NERC reliability reports,title_or_abstract_or_fulltext_search,weak_metadata_only,2026-01-01,2026,"The Economic Toll of Grid Fragility: Quantifying the Costs and National Security Implications of Converging Physical, Cyber, Infrastructure, and Demand-Side Threats to the U.S. Electrical Grid",SSRN Electronic Journal,repository,other,Not enough venue evidence for SCI/CCF classification.,https://doi.org/10.2139/ssrn.6416198,https://openalex.org/W7140287426,true,green,https://doi.org/10.2139/ssrn.6416198,https://doi.org/10.2139/ssrn.6416198,papers/literature/dataset_benchmark_papers/pdfs/c2ges_nerc_reports/c2ges_nerc_reports__The_Economic_Toll_of_Grid_Fragility_Quantifying_the_Costs_and_National_Security_Implicatio__47f3195c1a.pdf,,0,3.0398788
acn_data,distribution_ev,metadata-only,EV charging scheduling;demand response,ACN-Data; Adaptive Charging Network dataset; Caltech ACN dataset,title_or_abstract_or_fulltext_search,yes,2025-12-15,2025,A two-stage hierarchical clustering and transformer-BiLSTM hybrid framework for electric vehicle charging load forecasting,International Journal of Electrical Power & Energy Systems,journal,sci_journal_candidate,Journal name matches a common SCI/SCIE power/energy venue hint; verify in WoS/JCR.,https://doi.org/10.1016/j.ijepes.2025.111461,https://openalex.org/W4417313643,true,gold,https://doi.org/10.1016/j.ijepes.2025.111461,https://doi.org/10.1016/j.ijepes.2025.111461,,,6,1.2021623
acn_data,distribution_ev,metadata-only,EV charging scheduling;demand response,ACN-Data; Adaptive Charging Network dataset; Caltech ACN dataset,title_or_abstract_or_fulltext_search,weak_metadata_only,2024-09-23,2024,EV load forecasting using a refined CNN-LSTM-AM,Electric Power Systems Research,journal,sci_journal_candidate,Journal name matches a common SCI/SCIE power/energy venue hint; verify in WoS/JCR.,https://doi.org/10.1016/j.epsr.2024.111091,https://openalex.org/W4402741986,false,closed,,https://doi.org/10.1016/j.epsr.2024.111091,,,17,37.90164
acn_data,distribution_ev,metadata-only,EV charging scheduling;demand response,ACN-Data; Adaptive Charging Network dataset; Caltech ACN dataset,title_or_abstract_or_fulltext_search,weak_metadata_only,2024-08-27,2024,"Multi-step electric vehicles charging loads forecasting: An autoformer variant with feature extraction, frequency enhancement, and error correction blocks",Applied Energy,journal,sci_journal_candidate,Journal name matches a common SCI/SCIE power/energy venue hint; verify in WoS/JCR.,https://doi.org/10.1016/j.apenergy.2024.124308,https://openalex.org/W4401900250,false,closed,,https://doi.org/10.1016/j.apenergy.2024.124308,,,33,30.852352
acn_data,distribution_ev,metadata-only,EV charging scheduling;demand response,ACN-Data; Adaptive Charging Network dataset; Caltech ACN dataset,title_or_abstract_or_fulltext_search,weak_metadata_only,2024-07-29,2024,Out-of-Distribution-Aware Electric Vehicle Charging,IEEE Transactions on Transportation Electrification,journal,sci_journal_candidate,Journal name matches a common SCI/SCIE power/energy venue hint; verify in WoS/JCR.,https://doi.org/10.1109/tte.2024.3434750,https://openalex.org/W4401070395,false,closed,,https://doi.org/10.1109/tte.2024.3434750,,,2,13.340258
acn_data,distribution_ev,metadata-only,EV charging scheduling;demand response,ACN-Data,title_or_abstract_or_fulltext_search,yes,2023-10-03,2023,Forecasting flexibility of charging of electric vehicles: Tree and cluster-based methods,Applied Energy,journal,sci_journal_candidate,Journal name matches a common SCI/SCIE power/energy venue hint; verify in WoS/JCR.,https://doi.org/10.1016/j.apenergy.2023.121969,https://openalex.org/W4387305597,true,hybrid,https://doi.org/10.1016/j.apenergy.2023.121969,https://doi.org/10.1016/j.apenergy.2023.121969,,,54,44.10088
acn_data,distribution_ev,metadata-only,EV charging scheduling;demand response,Adaptive Charging Network dataset,title_or_abstract_or_fulltext_search,yes,2023-12-03,2023,Forecasting of Energy Demand for Electric Vehicles using Machine Learning Techniques,,article,other,Not enough venue evidence for SCI/CCF classification.,https://doi.org/10.1109/etfg55873.2023.10408225,https://openalex.org/W4391468640,false,closed,,https://doi.org/10.1109/etfg55873.2023.10408225,,,6,27.29392
acn_data,distribution_ev,metadata-only,EV charging scheduling;demand response,ACN-Data,title_or_abstract_or_fulltext_search,weak_metadata_only,2023-11-10,2023,Out-of-Distribution-Aware Electric Vehicle Charging,arXiv (Cornell University),repository,other,Not enough venue evidence for SCI/CCF classification.,https://doi.org/10.48550/arxiv.2311.05941,https://openalex.org/W4388650947,true,green,https://arxiv.org/pdf/2311.05941,http://arxiv.org/abs/2311.05941,papers/literature/dataset_benchmark_papers/pdfs/acn_data/acn_data__Out-of-Distribution-Aware_Electric_Vehicle_Charging__4d2096d8ed.pdf,https://arxiv.org/pdf/2311.05941,1,10.931844
acn_data,distribution_ev,metadata-only,EV charging scheduling;demand response,ACN-Data; Adaptive Charging Network dataset; Caltech ACN dataset,title_or_abstract_or_fulltext_search,yes,2025-08-28,2025,Integrating demand forecasting and deep reinforcement learning for real-time electric vehicle charging price optimization,Utilities Policy,journal,journal_other_verify,Journal record; SCI/SCIE status not established by OpenAlex.,https://doi.org/10.1016/j.jup.2025.102038,https://openalex.org/W4413770784,true,hybrid,https://doi.org/10.1016/j.jup.2025.102038,https://doi.org/10.1016/j.jup.2025.102038,,,12,26.743235
acn_data,distribution_ev,metadata-only,EV charging scheduling;demand response,ACN-Data; Adaptive Charging Network dataset; Caltech ACN dataset,title_or_abstract_or_fulltext_search,weak_metadata_only,2024-05-11,2024,Enhancing EV charging predictions: a comprehensive analysis using K-nearest neighbours and ensemble stack generalization,Multiscale and Multidisciplinary Modeling Experiments and Design,journal,journal_other_verify,Journal record; SCI/SCIE status not established by OpenAlex.,https://doi.org/10.1007/s41939-024-00457-9,https://openalex.org/W4396832505,false,closed,,https://doi.org/10.1007/s41939-024-00457-9,,,37,34.13517
acn_data,distribution_ev,metadata-only,EV charging scheduling;demand response,ACN-Data; Adaptive Charging Network dataset; Caltech ACN dataset,title_or_abstract_or_fulltext_search,weak_metadata_only,2023-09-20,2023,"Short-Term Forecasting of Electric Vehicle Load Using Time Series, Machine Learning, and Deep Learning Techniques",World Electric Vehicle Journal,journal,journal_other_verify,Journal record; SCI/SCIE status not established by OpenAlex.,https://doi.org/10.3390/wevj14090266,https://openalex.org/W4386933426,true,gold,https://www.mdpi.com/2032-6653/14/9/266/pdf?version=1695258500,https://doi.org/10.3390/wevj14090266,,,47,45.529797
grid2op_datasets,rl_control,downloaded,topology control;L2RPN;RL,Learning to Run a Power Network,openalex_raw_supplement,weak_metadata_only,2024-09-03,2024,State and Action Factorization in Power Grids,arXiv (Cornell University),repository,other,Relevant OA RL/preprint supplement; not a confirmed CCF main-conference paper.,https://doi.org/10.48550/arxiv.2409.04467,https://openalex.org/W4403584973,true,green,https://arxiv.org/pdf/2409.04467,http://arxiv.org/abs/2409.04467,papers/literature/dataset_benchmark_papers/pdfs/grid2op_datasets/grid2op_datasets__State_and_Action_Factorization_in_Power_Grids__manual.pdf,https://arxiv.org/pdf/2409.04467,0,3.5981507
