topic_id,topic_title,journal_key,journal,paper_id,title,publication_date,year,doi,openalex_id,landing_page,oa_url,is_oa,source_pdf_url,pdf_path,relevance_score,cited_by_count,method_hits,task_hits,query_hit
p1_twin_gru_dispatch,Digital Twin-Driven Siamese GRU for Load-Aware Multi-Objective Power Grid Dispatch Optimization,applied_sciences,Applied Sciences,tj_p1_twin_gru_dispatch_04_analysis_of_heuristic_optimization_technique_solut,Analysis of Heuristic Optimization Technique Solutions for Combined Heat-Power Economic Load Dispatch,2023-09-16,2023,https://doi.org/10.3390/app131810380,https://doi.org/10.3390/app131810380,https://doi.org/10.3390/app131810380,https://doi.org/10.3390/app131810380,false,https://mdpi-res.com/d_attachment/applsci/applsci-13-10380/article_deploy/applsci-13-10380.pdf,papers/literature/target_journal_related/pdfs/p1_twin_gru_dispatch/p1_twin_gru_dispatch__04__analysis_of_heuristic_optimization_technique_solutions_for_combined_he__298b27049c.pdf,0,11,dispatch; optimization,dispatch; economic dispatch; load,load-aware dispatch optimization
p1_twin_gru_dispatch,Digital Twin-Driven Siamese GRU for Load-Aware Multi-Objective Power Grid Dispatch Optimization,applied_sciences,Applied Sciences,tj_p1_twin_gru_dispatch_05_optimal_dispatch_of_multi_coupling_systems_conside,Optimal Dispatch of Multi-Coupling Systems Considering Molten Salt Thermal Energy Storage Retrofit and Cost Allocation Under Rapid Load Variations,2025-04-07,2025,https://doi.org/10.3390/app15074062,https://doi.org/10.3390/app15074062,https://doi.org/10.3390/app15074062,https://doi.org/10.3390/app15074062,false,https://mdpi-res.com/d_attachment/applsci/applsci-15-04062/article_deploy/applsci-15-04062.pdf,papers/literature/target_journal_related/pdfs/p1_twin_gru_dispatch/p1_twin_gru_dispatch__05__optimal_dispatch_of_multi_coupling_systems_considering_molten_salt_the__10ff400301.pdf,0,2,dispatch; optimization,dispatch; economic dispatch; load,load-aware dispatch optimization
p1_twin_gru_dispatch,Digital Twin-Driven Siamese GRU for Load-Aware Multi-Objective Power Grid Dispatch Optimization,applied_sciences,Applied Sciences,tj_p1_twin_gru_dispatch_03_a_repair_based_improved_whale_optimization_algorit,A Repair-Based Improved Whale Optimization Algorithm for Low-Carbon Economic Dispatch of an Islanded Renewable Microgrid,2026-06-12,2026,https://doi.org/10.3390/app16125952,https://doi.org/10.3390/app16125952,https://doi.org/10.3390/app16125952,https://doi.org/10.3390/app16125952,false,https://mdpi-res.com/d_attachment/applsci/applsci-16-05952/article_deploy/applsci-16-05952.pdf,papers/literature/target_journal_related/pdfs/p1_twin_gru_dispatch/p1_twin_gru_dispatch__03__a_repair_based_improved_whale_optimization_algorithm_for_low_carbon_ec__a4ef78a832.pdf,0,0,dispatch; optimization,dispatch; economic dispatch; load,power grid dispatch GRU
p1_twin_gru_dispatch,Digital Twin-Driven Siamese GRU for Load-Aware Multi-Objective Power Grid Dispatch Optimization,electronics,Electronics,tj_p1_twin_gru_dispatch_09_optimizing_economic_dispatch_for_microgrid_cluster,Optimizing Economic Dispatch for Microgrid Clusters Using Improved Grey Wolf Optimization,2024-08-08,2024,https://doi.org/10.3390/electronics13163139,https://doi.org/10.3390/electronics13163139,https://doi.org/10.3390/electronics13163139,https://doi.org/10.3390/electronics13163139,false,https://mdpi-res.com/d_attachment/electronics/electronics-13-03139/article_deploy/electronics-13-03139.pdf,papers/literature/target_journal_related/pdfs/p1_twin_gru_dispatch/p1_twin_gru_dispatch__09__optimizing_economic_dispatch_for_microgrid_clusters_using_improved_gre__31a69df1d7.pdf,0,21,dispatch; optimization,dispatch; economic dispatch,power grid dispatch GRU
p1_twin_gru_dispatch,Digital Twin-Driven Siamese GRU for Load-Aware Multi-Objective Power Grid Dispatch Optimization,electronics,Electronics,tj_p1_twin_gru_dispatch_12_the_study_of_an_improved_particle_swarm_optimizati,The Study of an Improved Particle Swarm Optimization Algorithm Applied to Economic Dispatch in Microgrids,2024-10-17,2024,https://doi.org/10.3390/electronics13204086,https://doi.org/10.3390/electronics13204086,https://doi.org/10.3390/electronics13204086,https://doi.org/10.3390/electronics13204086,false,https://mdpi-res.com/d_attachment/electronics/electronics-13-04086/article_deploy/electronics-13-04086.pdf,papers/literature/target_journal_related/pdfs/p1_twin_gru_dispatch/p1_twin_gru_dispatch__12__the_study_of_an_improved_particle_swarm_optimization_algorithm_applied__a9403b686a.pdf,0,17,dispatch; optimization,dispatch; economic dispatch,load-aware dispatch optimization
p1_twin_gru_dispatch,Digital Twin-Driven Siamese GRU for Load-Aware Multi-Objective Power Grid Dispatch Optimization,electronics,Electronics,tj_p1_twin_gru_dispatch_02_dynamic_line_rating_and_transformer_life_loss_rela,Dynamic Line Rating and Transformer-Life-Loss-Related Unit Commitment Under Extreme High-Temperature Conditions,2025-10-14,2025,https://doi.org/10.3390/electronics14204027,https://doi.org/10.3390/electronics14204027,https://doi.org/10.3390/electronics14204027,https://doi.org/10.3390/electronics14204027,false,https://mdpi-res.com/d_attachment/electronics/electronics-14-04027/article_deploy/electronics-14-04027.pdf,papers/literature/target_journal_related/pdfs/p1_twin_gru_dispatch/p1_twin_gru_dispatch__02__dynamic_line_rating_and_transformer_life_loss_related_unit_commitment__2e4f3d4094.pdf,0,1,dispatch; unit commitment; optimization,dispatch; unit commitment; load,unit commitment neural network dispatch
p1_twin_gru_dispatch,Digital Twin-Driven Siamese GRU for Load-Aware Multi-Objective Power Grid Dispatch Optimization,electronics,Electronics,tj_p1_twin_gru_dispatch_07_low_carbon_economic_dispatch_of_ies_considering_fl,Low Carbon Economic Dispatch of IES Considering Flexibility and Multi-Entity Participation Based on Improved PSO,2026-02-25,2026,https://doi.org/10.3390/electronics15050933,https://doi.org/10.3390/electronics15050933,https://doi.org/10.3390/electronics15050933,https://doi.org/10.3390/electronics15050933,false,https://mdpi-res.com/d_attachment/electronics/electronics-15-00933/article_deploy/electronics-15-00933.pdf,papers/literature/target_journal_related/pdfs/p1_twin_gru_dispatch/p1_twin_gru_dispatch__07__low_carbon_economic_dispatch_of_ies_considering_flexibility_and_multi__7d90cf7078.pdf,0,0,dispatch; optimization,dispatch; economic dispatch; load,multi-objective power grid dispatch
p1_twin_gru_dispatch,Digital Twin-Driven Siamese GRU for Load-Aware Multi-Objective Power Grid Dispatch Optimization,energies,Energies,tj_p1_twin_gru_dispatch_10_self_unit_commitment_of_combined_cycle_units_with,Self-Unit Commitment of Combined-Cycle Units with Real Operational Constraints,2023-12-21,2023,https://doi.org/10.3390/en17010051,https://doi.org/10.3390/en17010051,https://doi.org/10.3390/en17010051,https://doi.org/10.3390/en17010051,false,https://mdpi-res.com/d_attachment/energies/energies-17-00051/article_deploy/energies-17-00051.pdf,papers/literature/target_journal_related/pdfs/p1_twin_gru_dispatch/p1_twin_gru_dispatch__10__self_unit_commitment_of_combined_cycle_units_with_real_operational_con__c6281ef483.pdf,0,3,dispatch; unit commitment,dispatch; unit commitment; load,unit commitment neural network dispatch
p1_twin_gru_dispatch,Digital Twin-Driven Siamese GRU for Load-Aware Multi-Objective Power Grid Dispatch Optimization,energies,Energies,tj_p1_twin_gru_dispatch_11_convex_hull_pricing_for_unit_commitment_survey_ins,"Convex Hull Pricing for Unit Commitment: Survey, Insights, and Discussions",2024-09-27,2024,https://doi.org/10.3390/en17194851,https://doi.org/10.3390/en17194851,https://doi.org/10.3390/en17194851,https://doi.org/10.3390/en17194851,false,https://mdpi-res.com/d_attachment/energies/energies-17-04851/article_deploy/energies-17-04851.pdf,papers/literature/target_journal_related/pdfs/p1_twin_gru_dispatch/p1_twin_gru_dispatch__11__convex_hull_pricing_for_unit_commitment_survey_insights_and_discussion__af00d128c1.pdf,0,5,dispatch; unit commitment,dispatch; unit commitment; economic dispatch,unit commitment neural network dispatch
p1_twin_gru_dispatch,Digital Twin-Driven Siamese GRU for Load-Aware Multi-Objective Power Grid Dispatch Optimization,energies,Energies,tj_p1_twin_gru_dispatch_01_a_two_stage_energy_and_service_market_framework_in,A Two-Stage Energy and Service Market Framework Involving Unit Commitment and Network-Based Redispatch,2026-05-15,2026,https://doi.org/10.3390/en19102377,https://doi.org/10.3390/en19102377,https://doi.org/10.3390/en19102377,https://doi.org/10.3390/en19102377,false,https://mdpi-res.com/d_attachment/energies/energies-19-02377/article_deploy/energies-19-02377.pdf,papers/literature/target_journal_related/pdfs/p1_twin_gru_dispatch/p1_twin_gru_dispatch__01__a_two_stage_energy_and_service_market_framework_involving_unit_commitm__1bc5ffee79.pdf,0,0,dispatch; unit commitment; optimization,dispatch; unit commitment; load,unit commitment neural network dispatch
p1_twin_gru_dispatch,Digital Twin-Driven Siamese GRU for Load-Aware Multi-Objective Power Grid Dispatch Optimization,energies,Energies,tj_p1_twin_gru_dispatch_08_a_two_stage_coordinated_dispatch_framework_for_int,A Two-Stage Coordinated Dispatch Framework for Integrated Energy Systems with Growing Wind Power Penetration Considering Price-Based Demand Response,2026-07-09,2026,https://doi.org/10.3390/en19143238,https://doi.org/10.3390/en19143238,https://doi.org/10.3390/en19143238,https://doi.org/10.3390/en19143238,false,https://mdpi-res.com/d_attachment/energies/energies-19-03238/article_deploy/energies-19-03238.pdf,papers/literature/target_journal_related/pdfs/p1_twin_gru_dispatch/p1_twin_gru_dispatch__08__a_two_stage_coordinated_dispatch_framework_for_integrated_energy_syste__4dadd14e4b.pdf,0,0,dispatch; optimization,dispatch; economic dispatch; load,power grid dispatch GRU
p1_twin_gru_dispatch,Digital Twin-Driven Siamese GRU for Load-Aware Multi-Objective Power Grid Dispatch Optimization,ieee_access,IEEE Access,tj_p1_twin_gru_dispatch_06_evaluation_of_system_performance_for_load_dispatch,Evaluation of System Performance for Load Dispatch Feasibility Under N-1 Generator Contingencies in Day-Ahead Unit Commitment,2025-01-01,2025,https://doi.org/10.1109/access.2025.3620435,https://doi.org/10.1109/access.2025.3620435,https://doi.org/10.1109/access.2025.3620435,http://xplorestaging.ieee.org/ielx8/6287639/10820123/11202183.pdf?arnumber=11202183,true,http://xplorestaging.ieee.org/ielx8/6287639/10820123/11202183.pdf?arnumber=11202183,papers/literature/target_journal_related/pdfs/p1_twin_gru_dispatch/p1_twin_gru_dispatch__06__evaluation_of_system_performance_for_load_dispatch_feasibility_under_n__a902907c80.pdf,0,2,dispatch; unit commitment,dispatch; unit commitment; load,unit commitment neural network dispatch
p2_hyperbolic_gcn_smart_dispatch,Graph Convolutional Network Based on Hyperbolic Space for Power Load Forecasting in Smart Dispatch Systems,applied_sciences,Applied Sciences,tj_p2_hyperbolic_gcn_smart_dispatch_09_power_grid_load_forecasting_using_a_cnn_lstm_netwo,Power Grid Load Forecasting Using a CNN-LSTM Network Based on a Multi-Modal Attention Mechanism,2025-02-24,2025,https://doi.org/10.3390/app15052435,https://doi.org/10.3390/app15052435,https://doi.org/10.3390/app15052435,https://doi.org/10.3390/app15052435,false,https://mdpi-res.com/d_attachment/applsci/applsci-15-02435/article_deploy/applsci-15-02435.pdf,papers/literature/target_journal_related/pdfs/p2_hyperbolic_gcn_smart_dispatch/p2_hyperbolic_gcn_smart_dispatch__09__power_grid_load_forecasting_using_a_cnn_lstm_network_based__b308f09e9b.pdf,0,52,lstm; forecast,load forecasting; smart grid; forecasting,power load forecasting graph convolutional network
p2_hyperbolic_gcn_smart_dispatch,Graph Convolutional Network Based on Hyperbolic Space for Power Load Forecasting in Smart Dispatch Systems,applied_sciences,Applied Sciences,tj_p2_hyperbolic_gcn_smart_dispatch_06_short_term_power_load_forecasting_using_an_improve,Short-Term Power Load Forecasting Using an Improved Model Integrating GCN and Transformer,2025-06-21,2025,https://doi.org/10.3390/app15137003,https://doi.org/10.3390/app15137003,https://doi.org/10.3390/app15137003,https://doi.org/10.3390/app15137003,false,https://mdpi-res.com/d_attachment/applsci/applsci-15-07003/article_deploy/applsci-15-07003.pdf,papers/literature/target_journal_related/pdfs/p2_hyperbolic_gcn_smart_dispatch/p2_hyperbolic_gcn_smart_dispatch__06__short_term_power_load_forecasting_using_an_improved_model__7b1dda50cf.pdf,0,3,gcn; transformer; forecast,load forecasting; power load; forecasting,power load forecasting transformer graph
p2_hyperbolic_gcn_smart_dispatch,Graph Convolutional Network Based on Hyperbolic Space for Power Load Forecasting in Smart Dispatch Systems,electronics,Electronics,tj_p2_hyperbolic_gcn_smart_dispatch_07_a_power_load_forecasting_method_based_on_intellige,A Power Load Forecasting Method Based on Intelligent Data Analysis,2023-08-14,2023,https://doi.org/10.3390/electronics12163441,https://doi.org/10.3390/electronics12163441,https://doi.org/10.3390/electronics12163441,https://doi.org/10.3390/electronics12163441,false,https://mdpi-res.com/d_attachment/electronics/electronics-12-03441/article_deploy/electronics-12-03441.pdf,papers/literature/target_journal_related/pdfs/p2_hyperbolic_gcn_smart_dispatch/p2_hyperbolic_gcn_smart_dispatch__07__a_power_load_forecasting_method_based_on_intelligent_data__f0d322f4c0.pdf,0,15,lstm; forecast,load forecasting; power load; forecasting,power load forecasting hyperbolic graph
p2_hyperbolic_gcn_smart_dispatch,Graph Convolutional Network Based on Hyperbolic Space for Power Load Forecasting in Smart Dispatch Systems,electronics,Electronics,tj_p2_hyperbolic_gcn_smart_dispatch_10_a_short_term_power_load_forecasting_method_based_o,A Short-Term Power Load Forecasting Method Based on SBOA–SVMD-TCN–BiLSTM,2024-08-30,2024,https://doi.org/10.3390/electronics13173441,https://doi.org/10.3390/electronics13173441,https://doi.org/10.3390/electronics13173441,https://doi.org/10.3390/electronics13173441,false,https://mdpi-res.com/d_attachment/electronics/electronics-13-03441/article_deploy/electronics-13-03441.pdf,papers/literature/target_journal_related/pdfs/p2_hyperbolic_gcn_smart_dispatch/p2_hyperbolic_gcn_smart_dispatch__10__a_short_term_power_load_forecasting_method_based_on_sboa_s__77aa7a9c07.pdf,0,12,lstm; forecast,load forecasting; power load; forecasting,power load forecasting hyperbolic graph
p2_hyperbolic_gcn_smart_dispatch,Graph Convolutional Network Based on Hyperbolic Space for Power Load Forecasting in Smart Dispatch Systems,electronics,Electronics,tj_p2_hyperbolic_gcn_smart_dispatch_08_innovative_load_forecasting_models_and_intelligent,Innovative Load Forecasting Models and Intelligent Control Strategy for Enhancing Distributed Load Levelling Techniques in Resilient Smart Grids,2024-09-06,2024,https://doi.org/10.3390/electronics13173552,https://doi.org/10.3390/electronics13173552,https://doi.org/10.3390/electronics13173552,https://doi.org/10.3390/electronics13173552,false,https://mdpi-res.com/d_attachment/electronics/electronics-13-03552/article_deploy/electronics-13-03552.pdf,papers/literature/target_journal_related/pdfs/p2_hyperbolic_gcn_smart_dispatch/p2_hyperbolic_gcn_smart_dispatch__08__innovative_load_forecasting_models_and_intelligent_control__49ce152cfb.pdf,0,6,lstm; forecast,load forecasting; smart grid; forecasting,smart grid load forecasting GCN
p2_hyperbolic_gcn_smart_dispatch,Graph Convolutional Network Based on Hyperbolic Space for Power Load Forecasting in Smart Dispatch Systems,electronics,Electronics,tj_p2_hyperbolic_gcn_smart_dispatch_01_research_on_a_short_term_power_load_forecasting_me,Research on a Short-Term Power Load Forecasting Method Based on a Three-Channel LSTM-CNN,2025-05-31,2025,https://doi.org/10.3390/electronics14112262,https://doi.org/10.3390/electronics14112262,https://doi.org/10.3390/electronics14112262,https://doi.org/10.3390/electronics14112262,false,https://mdpi-res.com/d_attachment/electronics/electronics-14-02262/article_deploy/electronics-14-02262.pdf,papers/literature/target_journal_related/pdfs/p2_hyperbolic_gcn_smart_dispatch/p2_hyperbolic_gcn_smart_dispatch__01__research_on_a_short_term_power_load_forecasting_method_bas__4bf42c2879.pdf,0,9,lstm; forecast,load forecasting; smart grid; dispatch; power load; forecasting,smart grid load forecasting GCN
p2_hyperbolic_gcn_smart_dispatch,Graph Convolutional Network Based on Hyperbolic Space for Power Load Forecasting in Smart Dispatch Systems,electronics,Electronics,tj_p2_hyperbolic_gcn_smart_dispatch_02_bayesian_optimized_gcn_bilstm_adaboost_model_for_p,Bayesian-Optimized GCN-BiLSTM-Adaboost Model for Power-Load Forecasting,2025-08-21,2025,https://doi.org/10.3390/electronics14163332,https://doi.org/10.3390/electronics14163332,https://doi.org/10.3390/electronics14163332,https://doi.org/10.3390/electronics14163332,false,https://mdpi-res.com/d_attachment/electronics/electronics-14-03332/article_deploy/electronics-14-03332.pdf,papers/literature/target_journal_related/pdfs/p2_hyperbolic_gcn_smart_dispatch/p2_hyperbolic_gcn_smart_dispatch__02__bayesian_optimized_gcn_bilstm_adaboost_model_for_power_loa__9b2dc47b52.pdf,0,4,graph convolution; gcn; lstm; forecast,load forecasting; dispatch; forecasting,power load forecasting hyperbolic graph
p2_hyperbolic_gcn_smart_dispatch,Graph Convolutional Network Based on Hyperbolic Space for Power Load Forecasting in Smart Dispatch Systems,electronics,Electronics,tj_p2_hyperbolic_gcn_smart_dispatch_12_a_review_of_energy_storage_economics_load_forecast,"A Review of Energy Storage Economics, Load Forecasting, and Hybrid Control Strategies for AC Microgrids in Modern Power Systems",2026-06-09,2026,https://doi.org/10.3390/electronics15122549,https://doi.org/10.3390/electronics15122549,https://doi.org/10.3390/electronics15122549,https://doi.org/10.3390/electronics15122549,false,https://mdpi-res.com/d_attachment/electronics/electronics-15-02549/article_deploy/electronics-15-02549.pdf,papers/literature/target_journal_related/pdfs/p2_hyperbolic_gcn_smart_dispatch/p2_hyperbolic_gcn_smart_dispatch__12__a_review_of_energy_storage_economics_load_forecasting_and__53115a260d.pdf,0,0,forecast,load forecasting; dispatch; forecasting,power load forecasting hyperbolic graph
p2_hyperbolic_gcn_smart_dispatch,Graph Convolutional Network Based on Hyperbolic Space for Power Load Forecasting in Smart Dispatch Systems,energies,Energies,tj_p2_hyperbolic_gcn_smart_dispatch_04_optimizing_smart_grid_load_forecasting_via_a_hybri,"Optimizing Smart Grid Load Forecasting via a Hybrid Long Short-Term Memory-XGBoost Framework: Enhancing Accuracy, Robustness, and Energy Management",2025-05-29,2025,https://doi.org/10.3390/en18112842,https://doi.org/10.3390/en18112842,https://doi.org/10.3390/en18112842,https://doi.org/10.3390/en18112842,false,https://mdpi-res.com/d_attachment/energies/energies-18-02842/article_deploy/energies-18-02842.pdf,papers/literature/target_journal_related/pdfs/p2_hyperbolic_gcn_smart_dispatch/p2_hyperbolic_gcn_smart_dispatch__04__optimizing_smart_grid_load_forecasting_via_a_hybrid_long_s__ea8aad4b79.pdf,0,17,lstm; forecast,load forecasting; smart grid; forecasting,smart grid load forecasting GCN
p2_hyperbolic_gcn_smart_dispatch,Graph Convolutional Network Based on Hyperbolic Space for Power Load Forecasting in Smart Dispatch Systems,energies,Energies,tj_p2_hyperbolic_gcn_smart_dispatch_05_short_term_multi_energy_load_forecasting_method_ba,Short-Term Multi-Energy Load Forecasting Method Based on Transformer Spatio-Temporal Graph Neural Network,2025-08-22,2025,https://doi.org/10.3390/en18174466,https://doi.org/10.3390/en18174466,https://doi.org/10.3390/en18174466,https://doi.org/10.3390/en18174466,false,https://mdpi-res.com/d_attachment/energies/energies-18-04466/article_deploy/energies-18-04466.pdf,papers/literature/target_journal_related/pdfs/p2_hyperbolic_gcn_smart_dispatch/p2_hyperbolic_gcn_smart_dispatch__05__short_term_multi_energy_load_forecasting_method_based_on_t__03d8f76649.pdf,0,9,graph convolution; graph neural; transformer; forecast,load forecasting; forecasting,spatio-temporal graph neural network load forecasting
p2_hyperbolic_gcn_smart_dispatch,Graph Convolutional Network Based on Hyperbolic Space for Power Load Forecasting in Smart Dispatch Systems,energies,Energies,tj_p2_hyperbolic_gcn_smart_dispatch_03_research_on_bilstm_transformer_power_load_forecast,Research on BiLSTM–Transformer Power Load Forecasting Method Based on Dynamic Adaptive Fusion,2026-03-15,2026,https://doi.org/10.3390/en19061473,https://doi.org/10.3390/en19061473,https://doi.org/10.3390/en19061473,https://doi.org/10.3390/en19061473,false,https://mdpi-res.com/d_attachment/energies/energies-19-01473/article_deploy/energies-19-01473.pdf,papers/literature/target_journal_related/pdfs/p2_hyperbolic_gcn_smart_dispatch/p2_hyperbolic_gcn_smart_dispatch__03__research_on_bilstm_transformer_power_load_forecasting_meth__4763935b50.pdf,0,3,transformer; lstm; forecast,load forecasting; smart grid; power load; forecasting,power load forecasting hyperbolic graph
p2_hyperbolic_gcn_smart_dispatch,Graph Convolutional Network Based on Hyperbolic Space for Power Load Forecasting in Smart Dispatch Systems,ieee_access,IEEE Access,tj_p2_hyperbolic_gcn_smart_dispatch_11_loadseer_exploiting_tensor_graph_convolutional_net,LoadSeer: Exploiting Tensor Graph Convolutional Network for Power Load Forecasting With Spatio-Temporal Characteristics,2024-01-01,2024,https://doi.org/10.1109/access.2024.3514174,https://doi.org/10.1109/access.2024.3514174,https://doi.org/10.1109/access.2024.3514174,http://xplorestaging.ieee.org/ielx8/6287639/10380310/10786973.pdf?arnumber=10786973,true,http://xplorestaging.ieee.org/ielx8/6287639/10380310/10786973.pdf?arnumber=10786973,papers/literature/target_journal_related/pdfs/p2_hyperbolic_gcn_smart_dispatch/p2_hyperbolic_gcn_smart_dispatch__11__loadseer_exploiting_tensor_graph_convolutional_network_for__3cba22d20b.pdf,0,2,graph convolution; forecast,load forecasting; power load; forecasting,power load forecasting graph convolutional network
p3_self_adaptive_mode_distribution_planning,Power Distribution Network Planning Strategy Optimization Based on a Self-Adaptive Multi-Objective Differential Evolution Algorithm,electronics,Electronics,tj_p3_self_adaptive_mode_distribution_planning_08_multi_level_network_topology_and_time_series_multi,Multi-Level Network Topology and Time Series Multi-Scenario Optimization Planning Method for Hybrid AC/DC Distribution Systems in Data Centers,2025-01-10,2025,https://doi.org/10.3390/electronics14020264,https://doi.org/10.3390/electronics14020264,https://doi.org/10.3390/electronics14020264,https://doi.org/10.3390/electronics14020264,false,https://mdpi-res.com/d_attachment/electronics/electronics-14-00264/article_deploy/electronics-14-00264.pdf,papers/literature/target_journal_related/pdfs/p3_self_adaptive_mode_distribution_planning/p3_self_adaptive_mode_distribution_planning__08__multi_level_network_topology_and_time_series_mu__1468c373df.pdf,0,5,planning; optimization,distributed generation; planning,distribution network planning multi-objective differential evolution
p3_self_adaptive_mode_distribution_planning,Power Distribution Network Planning Strategy Optimization Based on a Self-Adaptive Multi-Objective Differential Evolution Algorithm,energies,Energies,tj_p3_self_adaptive_mode_distribution_planning_02_active_distribution_network_expansion_planning_bas,Active Distribution Network Expansion Planning Based on Wasserstein Distance and Dual Relaxation,2024-06-18,2024,https://doi.org/10.3390/en17123005,https://doi.org/10.3390/en17123005,https://doi.org/10.3390/en17123005,https://doi.org/10.3390/en17123005,false,https://mdpi-res.com/d_attachment/energies/energies-17-03005/article_deploy/energies-17-03005.pdf,papers/literature/target_journal_related/pdfs/p3_self_adaptive_mode_distribution_planning/p3_self_adaptive_mode_distribution_planning__02__active_distribution_network_expansion_planning__395ce02577.pdf,0,4,planning; optimization,expansion planning; distributed generation; planning,power distribution network planning evolutionary algorithm
p3_self_adaptive_mode_distribution_planning,Power Distribution Network Planning Strategy Optimization Based on a Self-Adaptive Multi-Objective Differential Evolution Algorithm,energies,Energies,tj_p3_self_adaptive_mode_distribution_planning_09_optimization_principles_applied_in_planning_and_op,Optimization Principles Applied in Planning and Operation of Active Distribution Networks,2024-10-31,2024,https://doi.org/10.3390/en17215432,https://doi.org/10.3390/en17215432,https://doi.org/10.3390/en17215432,https://doi.org/10.3390/en17215432,false,https://mdpi-res.com/d_attachment/energies/energies-17-05432/article_deploy/energies-17-05432.pdf,papers/literature/target_journal_related/pdfs/p3_self_adaptive_mode_distribution_planning/p3_self_adaptive_mode_distribution_planning__09__optimization_principles_applied_in_planning_and__fee3b51143.pdf,0,1,planning; optimization,distributed generation; planning,distribution network expansion planning optimization
p3_self_adaptive_mode_distribution_planning,Power Distribution Network Planning Strategy Optimization Based on a Self-Adaptive Multi-Objective Differential Evolution Algorithm,energies,Energies,tj_p3_self_adaptive_mode_distribution_planning_07_transmission_and_generation_expansion_planning_con,"Transmission and Generation Expansion Planning Considering Virtual Power Lines/Plants, Distributed Energy Injection and Demand Response Flexibility from TSO-DSO Interface",2025-03-23,2025,https://doi.org/10.3390/en18071602,https://doi.org/10.3390/en18071602,https://doi.org/10.3390/en18071602,https://doi.org/10.3390/en18071602,false,https://mdpi-res.com/d_attachment/energies/energies-18-01602/article_deploy/energies-18-01602.pdf,papers/literature/target_journal_related/pdfs/p3_self_adaptive_mode_distribution_planning/p3_self_adaptive_mode_distribution_planning__07__transmission_and_generation_expansion_planning__89f570db56.pdf,0,3,planning; optimization,expansion planning; planning,distributed generation planning differential evolution
p3_self_adaptive_mode_distribution_planning,Power Distribution Network Planning Strategy Optimization Based on a Self-Adaptive Multi-Objective Differential Evolution Algorithm,energies,Energies,tj_p3_self_adaptive_mode_distribution_planning_12_economic_dispatch_in_electrical_systems_with_hybri,Economic Dispatch in Electrical Systems with Hybrid Generation Using the Differential Evolution Algorithm: A Comparative Analysis with Other Optimization Techniques Under Energy Limitation Scenarios,2025-06-29,2025,https://doi.org/10.3390/en18133414,https://doi.org/10.3390/en18133414,https://doi.org/10.3390/en18133414,https://doi.org/10.3390/en18133414,false,https://mdpi-res.com/d_attachment/energies/energies-18-03414/article_deploy/energies-18-03414.pdf,papers/literature/target_journal_related/pdfs/p3_self_adaptive_mode_distribution_planning/p3_self_adaptive_mode_distribution_planning__12__economic_dispatch_in_electrical_systems_with_hy__5ceb7551a4.pdf,0,6,differential evolution; planning; optimization,planning,distributed generation planning differential evolution
p3_self_adaptive_mode_distribution_planning,Power Distribution Network Planning Strategy Optimization Based on a Self-Adaptive Multi-Objective Differential Evolution Algorithm,energies,Energies,tj_p3_self_adaptive_mode_distribution_planning_01_multi_objective_collaborative_optimization_of_dist,Multi-Objective Collaborative Optimization of Distribution Networks with Energy Storage and Electric Vehicles Using an Improved NSGA-II Algorithm,2025-10-02,2025,https://doi.org/10.3390/en18195232,https://doi.org/10.3390/en18195232,https://doi.org/10.3390/en18195232,https://doi.org/10.3390/en18195232,false,https://mdpi-res.com/d_attachment/energies/energies-18-05232/article_deploy/energies-18-05232.pdf,papers/literature/target_journal_related/pdfs/p3_self_adaptive_mode_distribution_planning/p3_self_adaptive_mode_distribution_planning__01__multi_objective_collaborative_optimization_of_d__14c0d4d209.pdf,0,6,multi-objective; nsga; planning; optimization,distribution network planning; distributed generation; planning,distribution network planning multi-objective differential evolution
p3_self_adaptive_mode_distribution_planning,Power Distribution Network Planning Strategy Optimization Based on a Self-Adaptive Multi-Objective Differential Evolution Algorithm,energies,Energies,tj_p3_self_adaptive_mode_distribution_planning_03_review_of_active_distribution_network_planning_ele,Review of Active Distribution Network Planning: Elements in Optimization Models and Generative AI Applications,2025-12-25,2025,https://doi.org/10.3390/en19010116,https://doi.org/10.3390/en19010116,https://doi.org/10.3390/en19010116,https://doi.org/10.3390/en19010116,false,https://mdpi-res.com/d_attachment/energies/energies-19-00116/article_deploy/energies-19-00116.pdf,papers/literature/target_journal_related/pdfs/p3_self_adaptive_mode_distribution_planning/p3_self_adaptive_mode_distribution_planning__03__review_of_active_distribution_network_planning__67f7817002.pdf,0,4,planning; optimization,distribution network planning; planning,distribution network expansion planning optimization
p3_self_adaptive_mode_distribution_planning,Power Distribution Network Planning Strategy Optimization Based on a Self-Adaptive Multi-Objective Differential Evolution Algorithm,energies,Energies,tj_p3_self_adaptive_mode_distribution_planning_05_vulnerability_driven_multi_objective_energy_storag,Vulnerability-Driven Multi-Objective Energy Storage Planning Using Enhanced Beluga Whale Optimization for Resilient Distribution Networks,2025-12-30,2025,https://doi.org/10.3390/en19010210,https://doi.org/10.3390/en19010210,https://doi.org/10.3390/en19010210,https://doi.org/10.3390/en19010210,false,https://mdpi-res.com/d_attachment/energies/energies-19-00210/article_deploy/energies-19-00210.pdf,papers/literature/target_journal_related/pdfs/p3_self_adaptive_mode_distribution_planning/p3_self_adaptive_mode_distribution_planning__05__vulnerability_driven_multi_objective_energy_sto__157f48848b.pdf,0,2,multi-objective; planning; optimization,planning,distribution network planning multi-objective optimization
p3_self_adaptive_mode_distribution_planning,Power Distribution Network Planning Strategy Optimization Based on a Self-Adaptive Multi-Objective Differential Evolution Algorithm,energies,Energies,tj_p3_self_adaptive_mode_distribution_planning_04_coordinated_source_network_storage_expansion_plann,Coordinated Source–Network–Storage Expansion Planning of Active Distribution Networks Based on WGAN-GP Scenario Generation,2025-12-31,2025,https://doi.org/10.3390/en19010228,https://doi.org/10.3390/en19010228,https://doi.org/10.3390/en19010228,https://doi.org/10.3390/en19010228,false,https://mdpi-res.com/d_attachment/energies/energies-19-00228/article_deploy/energies-19-00228.pdf,papers/literature/target_journal_related/pdfs/p3_self_adaptive_mode_distribution_planning/p3_self_adaptive_mode_distribution_planning__04__coordinated_source_network_storage_expansion_pl__c62ddfa19e.pdf,0,2,planning; optimization,expansion planning; planning,distribution network expansion planning optimization
p3_self_adaptive_mode_distribution_planning,Power Distribution Network Planning Strategy Optimization Based on a Self-Adaptive Multi-Objective Differential Evolution Algorithm,energies,Energies,tj_p3_self_adaptive_mode_distribution_planning_10_reliability_oriented_distribution_system_reinforce,Reliability-Oriented Distribution System Reinforcement Planning with Renewable Resources Considering Network Restoration and Intentional Islanding,2026-03-23,2026,https://doi.org/10.3390/en19061581,https://doi.org/10.3390/en19061581,https://doi.org/10.3390/en19061581,https://doi.org/10.3390/en19061581,false,https://mdpi-res.com/d_attachment/energies/energies-19-01581/article_deploy/energies-19-01581.pdf,papers/literature/target_journal_related/pdfs/p3_self_adaptive_mode_distribution_planning/p3_self_adaptive_mode_distribution_planning__10__reliability_oriented_distribution_system_reinfo__ddbacfa370.pdf,0,0,planning; optimization,distributed generation; planning,power distribution network planning evolutionary algorithm
p3_self_adaptive_mode_distribution_planning,Power Distribution Network Planning Strategy Optimization Based on a Self-Adaptive Multi-Objective Differential Evolution Algorithm,energies,Energies,tj_p3_self_adaptive_mode_distribution_planning_06_a_classification_based_global_optimization_approac,"A Classification-Based Global Optimization Approach for Integrated Planning of Distributed Generation, Capacitor Banks, and Electric Vehicle Charging Stations in Radial Distribution Networks",2026-07-10,2026,https://doi.org/10.3390/en19143262,https://doi.org/10.3390/en19143262,https://doi.org/10.3390/en19143262,https://doi.org/10.3390/en19143262,false,https://mdpi-res.com/d_attachment/energies/energies-19-03262/article_deploy/energies-19-03262.pdf,papers/literature/target_journal_related/pdfs/p3_self_adaptive_mode_distribution_planning/p3_self_adaptive_mode_distribution_planning__06__a_classification_based_global_optimization_appr__5b5b865830.pdf,0,0,planning; optimization,distributed generation; planning,distributed generation planning differential evolution
p3_self_adaptive_mode_distribution_planning,Power Distribution Network Planning Strategy Optimization Based on a Self-Adaptive Multi-Objective Differential Evolution Algorithm,ieee_access,IEEE Access,tj_p3_self_adaptive_mode_distribution_planning_11_enhanced_coati_optimization_algorithm_for_static_a,Enhanced Coati Optimization Algorithm for Static and Dynamic Transmission Network Expansion Planning Problems,2025-01-01,2025,https://doi.org/10.1109/access.2025.3544523,https://doi.org/10.1109/access.2025.3544523,https://doi.org/10.1109/access.2025.3544523,http://xplorestaging.ieee.org/ielx8/6287639/10820123/10897972.pdf?arnumber=10897972,true,http://xplorestaging.ieee.org/ielx8/6287639/10820123/10897972.pdf?arnumber=10897972,papers/literature/target_journal_related/pdfs/p3_self_adaptive_mode_distribution_planning/p3_self_adaptive_mode_distribution_planning__11__enhanced_coati_optimization_algorithm_for_stati__5a94f4597c.pdf,0,7,planning; optimization,expansion planning; planning,distribution network expansion planning optimization
p4_resilience_distribution_planning,Resilience-Oriented Distribution Network Planning with Hybrid Multi-Objective Evolution and Scenario-Based DER Uncertainty,applied_sciences,Applied Sciences,tj_p4_resilience_distribution_planning_07_real_time_short_circuit_current_calculation_in_ele,Real-Time Short-Circuit Current Calculation in Electrical Distribution Systems Considering the Uncertainty of Renewable Resources and Electricity Loads,2024-11-26,2024,https://doi.org/10.3390/app142311001,https://doi.org/10.3390/app142311001,https://doi.org/10.3390/app142311001,https://doi.org/10.3390/app142311001,false,https://mdpi-res.com/d_attachment/applsci/applsci-14-11001/article_deploy/applsci-14-11001.pdf,papers/literature/target_journal_related/pdfs/p4_resilience_distribution_planning/p4_resilience_distribution_planning__07__real_time_short_circuit_current_calculation_in_electric__d874b25c24.pdf,0,5,scenario; uncertainty,distribution network; DER; renewable; uncertainty,distribution network planning renewable uncertainty
p4_resilience_distribution_planning,Resilience-Oriented Distribution Network Planning with Hybrid Multi-Objective Evolution and Scenario-Based DER Uncertainty,applied_sciences,Applied Sciences,tj_p4_resilience_distribution_planning_12_multi_stage_stochastic_milp_framework_for_renewabl,Multi-Stage Stochastic MILP Framework for Renewable Microgrid Dispatch Under High Renewable Penetration: Optimizing Variability and Uncertainty Management,2025-09-23,2025,https://doi.org/10.3390/app151910303,https://doi.org/10.3390/app151910303,https://doi.org/10.3390/app151910303,https://doi.org/10.3390/app151910303,false,https://mdpi-res.com/d_attachment/applsci/applsci-15-10303/article_deploy/applsci-15-10303.pdf,papers/literature/target_journal_related/pdfs/p4_resilience_distribution_planning/p4_resilience_distribution_planning__12__multi_stage_stochastic_milp_framework_for_renewable_mic__d34dd8332a.pdf,0,4,scenario; uncertainty; optimization,DER; renewable; uncertainty,distribution network planning renewable uncertainty
p4_resilience_distribution_planning,Resilience-Oriented Distribution Network Planning with Hybrid Multi-Objective Evolution and Scenario-Based DER Uncertainty,electronics,Electronics,tj_p4_resilience_distribution_planning_10_research_of_islanding_operation_and_fault_recovery,Research of Islanding Operation and Fault Recovery Strategies of Distribution Network Considering Uncertainty of New Energy,2023-10-13,2023,https://doi.org/10.3390/electronics12204230,https://doi.org/10.3390/electronics12204230,https://doi.org/10.3390/electronics12204230,https://doi.org/10.3390/electronics12204230,false,https://mdpi-res.com/d_attachment/electronics/electronics-12-04230/article_deploy/electronics-12-04230.pdf,papers/literature/target_journal_related/pdfs/p4_resilience_distribution_planning/p4_resilience_distribution_planning__10__research_of_islanding_operation_and_fault_recovery_stra__ac45929807.pdf,0,15,scenario; uncertainty; optimization,distribution network; DER; uncertainty,resilient distribution network planning DER uncertainty
p4_resilience_distribution_planning,Resilience-Oriented Distribution Network Planning with Hybrid Multi-Objective Evolution and Scenario-Based DER Uncertainty,electronics,Electronics,tj_p4_resilience_distribution_planning_04_multi_objective_site_selection_and_capacity_determ,Multi-Objective Site Selection and Capacity Determination of Distribution Network Considering New Energy Uncertainties and Shared Energy Storage of Electric Vehicles,2025-01-02,2025,https://doi.org/10.3390/electronics14010151,https://doi.org/10.3390/electronics14010151,https://doi.org/10.3390/electronics14010151,https://doi.org/10.3390/electronics14010151,false,https://mdpi-res.com/d_attachment/electronics/electronics-14-00151/article_deploy/electronics-14-00151.pdf,papers/literature/target_journal_related/pdfs/p4_resilience_distribution_planning/p4_resilience_distribution_planning__04__multi_objective_site_selection_and_capacity_determinati__25730500a1.pdf,0,2,multi-objective; scenario; uncertainty; optimization,distribution network; planning; DER; renewable; uncertainty,resilience distribution network planning multi-objective
p4_resilience_distribution_planning,Resilience-Oriented Distribution Network Planning with Hybrid Multi-Objective Evolution and Scenario-Based DER Uncertainty,electronics,Electronics,tj_p4_resilience_distribution_planning_08_enhancing_distribution_network_resilience_using_ge,Enhancing Distribution Network Resilience Using Genetic Algorithms,2025-11-04,2025,https://doi.org/10.3390/electronics14214324,https://doi.org/10.3390/electronics14214324,https://doi.org/10.3390/electronics14214324,https://doi.org/10.3390/electronics14214324,false,https://mdpi-res.com/d_attachment/electronics/electronics-14-04324/article_deploy/electronics-14-04324.pdf,papers/literature/target_journal_related/pdfs/p4_resilience_distribution_planning/p4_resilience_distribution_planning__08__enhancing_distribution_network_resilience_using_genetic__8659a94551.pdf,0,1,resilience; multi-objective; scenario; optimization,distribution network; resilience; DER,resilience distribution network planning multi-objective
p4_resilience_distribution_planning,Resilience-Oriented Distribution Network Planning with Hybrid Multi-Objective Evolution and Scenario-Based DER Uncertainty,energies,Energies,tj_p4_resilience_distribution_planning_02_integrated_multi_criteria_planning_for_resilient_r,Integrated Multi-Criteria Planning for Resilient Renewable Energy-Based Microgrid Considering Advanced Demand Response and Uncertainty,2023-09-27,2023,https://doi.org/10.3390/en16196838,https://doi.org/10.3390/en16196838,https://doi.org/10.3390/en16196838,https://doi.org/10.3390/en16196838,false,https://mdpi-res.com/d_attachment/energies/energies-16-06838/article_deploy/energies-16-06838.pdf,papers/literature/target_journal_related/pdfs/p4_resilience_distribution_planning/p4_resilience_distribution_planning__02__integrated_multi_criteria_planning_for_resilient_renewa__9e9db33162.pdf,0,13,resilience; multi-objective; uncertainty; optimization,planning; resilience; DER; renewable; uncertainty,resilient distribution network planning DER uncertainty
p4_resilience_distribution_planning,Resilience-Oriented Distribution Network Planning with Hybrid Multi-Objective Evolution and Scenario-Based DER Uncertainty,energies,Energies,tj_p4_resilience_distribution_planning_06_flexible_reconfiguration_for_optimal_operation_of,Flexible Reconfiguration for Optimal Operation of Distribution Network Under Renewable Generation and Load Uncertainty,2025-01-09,2025,https://doi.org/10.3390/en18020266,https://doi.org/10.3390/en18020266,https://doi.org/10.3390/en18020266,https://doi.org/10.3390/en18020266,false,https://mdpi-res.com/d_attachment/energies/energies-18-00266/article_deploy/energies-18-00266.pdf,papers/literature/target_journal_related/pdfs/p4_resilience_distribution_planning/p4_resilience_distribution_planning__06__flexible_reconfiguration_for_optimal_operation_of_distr__e239bbd1df.pdf,0,9,scenario; uncertainty; optimization,distribution network; DER; renewable; uncertainty,resilient distribution network planning DER uncertainty
p4_resilience_distribution_planning,Resilience-Oriented Distribution Network Planning with Hybrid Multi-Objective Evolution and Scenario-Based DER Uncertainty,energies,Energies,tj_p4_resilience_distribution_planning_09_distribution_network_optimization_and_flexibility,Distribution Network Optimization and Flexibility Enhancement Based on Power Grid Equipment Maintenance,2025-09-11,2025,https://doi.org/10.3390/en18184833,https://doi.org/10.3390/en18184833,https://doi.org/10.3390/en18184833,https://doi.org/10.3390/en18184833,false,https://mdpi-res.com/d_attachment/energies/energies-18-04833/article_deploy/energies-18-04833.pdf,papers/literature/target_journal_related/pdfs/p4_resilience_distribution_planning/p4_resilience_distribution_planning__09__distribution_network_optimization_and_flexibility_enhan__b694db46c3.pdf,0,2,scenario; uncertainty; optimization,distribution network; DER; renewable; uncertainty,resilience-oriented distribution network optimization
p4_resilience_distribution_planning,Resilience-Oriented Distribution Network Planning with Hybrid Multi-Objective Evolution and Scenario-Based DER Uncertainty,energies,Energies,tj_p4_resilience_distribution_planning_11_multi_objective_collaborative_optimization_of_dist,Multi-Objective Collaborative Optimization of Distribution Networks with Energy Storage and Electric Vehicles Using an Improved NSGA-II Algorithm,2025-10-02,2025,https://doi.org/10.3390/en18195232,https://doi.org/10.3390/en18195232,https://doi.org/10.3390/en18195232,https://doi.org/10.3390/en18195232,false,https://mdpi-res.com/d_attachment/energies/energies-18-05232/article_deploy/energies-18-05232.pdf,papers/literature/target_journal_related/pdfs/p4_resilience_distribution_planning/p4_resilience_distribution_planning__11__multi_objective_collaborative_optimization_of_distribut__14c0d4d209.pdf,0,6,multi-objective; optimization,distribution network; planning; DER; renewable,resilience distribution network planning multi-objective
p4_resilience_distribution_planning,Resilience-Oriented Distribution Network Planning with Hybrid Multi-Objective Evolution and Scenario-Based DER Uncertainty,energies,Energies,tj_p4_resilience_distribution_planning_03_a_differential_planning_strategy_for_distribution,A Differential Planning Strategy for Distribution Network Resilience Enhancement Considering Decision Dependence Uncertainty,2025-12-03,2025,https://doi.org/10.3390/en18236353,https://doi.org/10.3390/en18236353,https://doi.org/10.3390/en18236353,https://doi.org/10.3390/en18236353,false,https://mdpi-res.com/d_attachment/energies/energies-18-06353/article_deploy/energies-18-06353.pdf,papers/literature/target_journal_related/pdfs/p4_resilience_distribution_planning/p4_resilience_distribution_planning__03__a_differential_planning_strategy_for_distribution_netwo__ec280c8734.pdf,0,2,resilience; scenario; uncertainty,distribution network; planning; resilience; DER; uncertainty,resilience distribution network planning multi-objective
p4_resilience_distribution_planning,Resilience-Oriented Distribution Network Planning with Hybrid Multi-Objective Evolution and Scenario-Based DER Uncertainty,energies,Energies,tj_p4_resilience_distribution_planning_01_a_distributed_energy_storage_based_planning_method,A Distributed Energy Storage-Based Planning Method for Enhancing Distribution Network Resilience,2026-01-22,2026,https://doi.org/10.3390/en19020574,https://doi.org/10.3390/en19020574,https://doi.org/10.3390/en19020574,https://doi.org/10.3390/en19020574,false,https://mdpi-res.com/d_attachment/energies/energies-19-00574/article_deploy/energies-19-00574.pdf,papers/literature/target_journal_related/pdfs/p4_resilience_distribution_planning/p4_resilience_distribution_planning__01__a_distributed_energy_storage_based_planning_method_for__b115741548.pdf,0,2,resilience; multi-objective; scenario; uncertainty; optimization,distribution network; planning; resilience; DER; renewable; uncertainty,resilience distribution network planning multi-objective
p4_resilience_distribution_planning,Resilience-Oriented Distribution Network Planning with Hybrid Multi-Objective Evolution and Scenario-Based DER Uncertainty,energies,Energies,tj_p4_resilience_distribution_planning_05_uncertainty_aware_planning_of_ev_charging_infrastr,Uncertainty-Aware Planning of EV Charging Infrastructure and Renewable Integration in Distribution Networks: A Review,2026-02-24,2026,https://doi.org/10.3390/en19051131,https://doi.org/10.3390/en19051131,https://doi.org/10.3390/en19051131,https://doi.org/10.3390/en19051131,false,https://mdpi-res.com/d_attachment/energies/energies-19-01131/article_deploy/energies-19-01131.pdf,papers/literature/target_journal_related/pdfs/p4_resilience_distribution_planning/p4_resilience_distribution_planning__05__uncertainty_aware_planning_of_ev_charging_infrastructur__25b42f4159.pdf,0,4,uncertainty; optimization,distribution network; planning; DER; renewable; uncertainty,resilient distribution network planning DER uncertainty
p5_hybrid_moea_feasibility_review,Investment Effectiveness Optimization Strategy Based on Hybrid Multi-Objective Evolution for Power Grid Feasibility Review,applied_sciences,Applied Sciences,tj_p5_hybrid_moea_feasibility_review_11_multi_stage_coordinated_planning_for_transmission,Multi-Stage Coordinated Planning for Transmission and Energy Storage Considering Large-Scale Renewable Energy Integration,2024-07-25,2024,https://doi.org/10.3390/app14156486,https://doi.org/10.3390/app14156486,https://doi.org/10.3390/app14156486,https://doi.org/10.3390/app14156486,false,https://mdpi-res.com/d_attachment/applsci/applsci-14-06486/article_deploy/applsci-14-06486.pdf,papers/literature/target_journal_related/pdfs/p5_hybrid_moea_feasibility_review/p5_hybrid_moea_feasibility_review__11__multi_stage_coordinated_planning_for_transmission_and_ene__b1f7d8b067.pdf,0,14,investment,investment; planning,electric power investment planning multi-criteria
p5_hybrid_moea_feasibility_review,Investment Effectiveness Optimization Strategy Based on Hybrid Multi-Objective Evolution for Power Grid Feasibility Review,applied_sciences,Applied Sciences,tj_p5_hybrid_moea_feasibility_review_10_interruption_cost_estimation_for_value_based_relia,Interruption Cost Estimation for Value-Based Reliability Investment in Emerging Smart Grid Resources,2024-09-25,2024,https://doi.org/10.3390/app14198651,https://doi.org/10.3390/app14198651,https://doi.org/10.3390/app14198651,https://doi.org/10.3390/app14198651,false,https://mdpi-res.com/d_attachment/applsci/applsci-14-08651/article_deploy/applsci-14-08651.pdf,papers/literature/target_journal_related/pdfs/p5_hybrid_moea_feasibility_review/p5_hybrid_moea_feasibility_review__10__interruption_cost_estimation_for_value_based_reliability__74f1b41184.pdf,0,2,investment,investment; reliability,grid investment portfolio optimization reliability
p5_hybrid_moea_feasibility_review,Investment Effectiveness Optimization Strategy Based on Hybrid Multi-Objective Evolution for Power Grid Feasibility Review,applied_sciences,Applied Sciences,tj_p5_hybrid_moea_feasibility_review_06_optimal_planning_and_investment_return_analysis_of,Optimal Planning and Investment Return Analysis of Grid-Side Energy Storage System Addressing Multi-Dimensional Grid Security Requirements,2025-11-10,2025,https://doi.org/10.3390/app152211944,https://doi.org/10.3390/app152211944,https://doi.org/10.3390/app152211944,https://doi.org/10.3390/app152211944,false,https://mdpi-res.com/d_attachment/applsci/applsci-15-11944/article_deploy/applsci-15-11944.pdf,papers/literature/target_journal_related/pdfs/p5_hybrid_moea_feasibility_review/p5_hybrid_moea_feasibility_review__06__optimal_planning_and_investment_return_analysis_of_grid_s__c063931595.pdf,0,0,investment,investment; planning,power grid feasibility review investment decision
p5_hybrid_moea_feasibility_review,Investment Effectiveness Optimization Strategy Based on Hybrid Multi-Objective Evolution for Power Grid Feasibility Review,energies,Energies,tj_p5_hybrid_moea_feasibility_review_03_a_novel_hybrid_power_grid_investment_optimization,A Novel Hybrid Power-Grid Investment Optimization Model with Collaborative Consideration of Risk and Benefit,2023-10-23,2023,https://doi.org/10.3390/en16207215,https://doi.org/10.3390/en16207215,https://doi.org/10.3390/en16207215,https://doi.org/10.3390/en16207215,false,https://mdpi-res.com/d_attachment/energies/energies-16-07215/article_deploy/energies-16-07215.pdf,papers/literature/target_journal_related/pdfs/p5_hybrid_moea_feasibility_review/p5_hybrid_moea_feasibility_review__03__a_novel_hybrid_power_grid_investment_optimization_model_w__1b76a815c6.pdf,0,2,investment; portfolio; optimization,investment; project; portfolio,power grid investment effectiveness optimization
p5_hybrid_moea_feasibility_review,Investment Effectiveness Optimization Strategy Based on Hybrid Multi-Objective Evolution for Power Grid Feasibility Review,energies,Energies,tj_p5_hybrid_moea_feasibility_review_09_multi_objective_optimization_for_the_low_carbon_op,Multi-Objective Optimization for the Low-Carbon Operation of Integrated Energy Systems Based on an Improved Genetic Algorithm,2025-04-29,2025,https://doi.org/10.3390/en18092283,https://doi.org/10.3390/en18092283,https://doi.org/10.3390/en18092283,https://doi.org/10.3390/en18092283,false,https://mdpi-res.com/d_attachment/energies/energies-18-02283/article_deploy/energies-18-02283.pdf,papers/literature/target_journal_related/pdfs/p5_hybrid_moea_feasibility_review/p5_hybrid_moea_feasibility_review__09__multi_objective_optimization_for_the_low_carbon_operation__d95461af17.pdf,0,9,multi-objective; feasibility; optimization,feasibility; reliability,power grid project investment multi-objective optimization
p5_hybrid_moea_feasibility_review,Investment Effectiveness Optimization Strategy Based on Hybrid Multi-Objective Evolution for Power Grid Feasibility Review,energies,Energies,tj_p5_hybrid_moea_feasibility_review_12_multi_objective_optimization_of_energy_storage_sta,Multi-Objective Optimization of Energy Storage Station Configuration in Power Grids Considering the Flexibility of Thermal Load Control,2025-05-14,2025,https://doi.org/10.3390/en18102527,https://doi.org/10.3390/en18102527,https://doi.org/10.3390/en18102527,https://doi.org/10.3390/en18102527,false,https://mdpi-res.com/d_attachment/energies/energies-18-02527/article_deploy/energies-18-02527.pdf,papers/literature/target_journal_related/pdfs/p5_hybrid_moea_feasibility_review/p5_hybrid_moea_feasibility_review__12__multi_objective_optimization_of_energy_storage_station_co__098de18b83.pdf,0,3,multi-objective; optimization,planning,power grid project investment multi-objective optimization
p5_hybrid_moea_feasibility_review,Investment Effectiveness Optimization Strategy Based on Hybrid Multi-Objective Evolution for Power Grid Feasibility Review,energies,Energies,tj_p5_hybrid_moea_feasibility_review_04_optimization_of_grid_connected_and_off_grid_hybrid,Optimization of Grid-Connected and Off-Grid Hybrid Energy Systems for a Greenhouse Facility,2025-09-04,2025,https://doi.org/10.3390/en18174712,https://doi.org/10.3390/en18174712,https://doi.org/10.3390/en18174712,https://doi.org/10.3390/en18174712,false,https://mdpi-res.com/d_attachment/energies/energies-18-04712/article_deploy/energies-18-04712.pdf,papers/literature/target_journal_related/pdfs/p5_hybrid_moea_feasibility_review/p5_hybrid_moea_feasibility_review__04__optimization_of_grid_connected_and_off_grid_hybrid_energy__4c312a5bb7.pdf,0,2,investment; feasibility; optimization,investment; feasibility,grid investment portfolio optimization reliability
p5_hybrid_moea_feasibility_review,Investment Effectiveness Optimization Strategy Based on Hybrid Multi-Objective Evolution for Power Grid Feasibility Review,energies,Energies,tj_p5_hybrid_moea_feasibility_review_07_multi_timescale_coordinated_planning_of_wind_solar,"Multi-Timescale Coordinated Planning of Wind, Solar, and Energy Storage Considering Generalized Adequacy",2025-09-22,2025,https://doi.org/10.3390/en18185024,https://doi.org/10.3390/en18185024,https://doi.org/10.3390/en18185024,https://doi.org/10.3390/en18185024,false,https://mdpi-res.com/d_attachment/energies/energies-18-05024/article_deploy/energies-18-05024.pdf,papers/literature/target_journal_related/pdfs/p5_hybrid_moea_feasibility_review/p5_hybrid_moea_feasibility_review__07__multi_timescale_coordinated_planning_of_wind_solar_and_en__872293ee4b.pdf,0,2,portfolio,planning; portfolio,electric power investment planning multi-criteria
p5_hybrid_moea_feasibility_review,Investment Effectiveness Optimization Strategy Based on Hybrid Multi-Objective Evolution for Power Grid Feasibility Review,energies,Energies,tj_p5_hybrid_moea_feasibility_review_08_a_hybrid_heuristic_benders_method_for_wind_hydroge,A Hybrid Heuristic–Benders Method for Wind–Hydrogen Investment Planning with Non-Analytical Cost Functions,2026-04-30,2026,https://doi.org/10.3390/en19092172,https://doi.org/10.3390/en19092172,https://doi.org/10.3390/en19092172,https://doi.org/10.3390/en19092172,false,https://mdpi-res.com/d_attachment/energies/energies-19-02172/article_deploy/energies-19-02172.pdf,papers/literature/target_journal_related/pdfs/p5_hybrid_moea_feasibility_review/p5_hybrid_moea_feasibility_review__08__a_hybrid_heuristic_benders_method_for_wind_hydrogen_inves__da1f9c84c8.pdf,0,1,investment; optimization,investment; planning,electric power investment planning multi-criteria
p5_hybrid_moea_feasibility_review,Investment Effectiveness Optimization Strategy Based on Hybrid Multi-Objective Evolution for Power Grid Feasibility Review,energies,Energies,tj_p5_hybrid_moea_feasibility_review_02_a_secondary_data_driven_decision_support_framework,A Secondary-Data-Driven Decision Support Framework for Strategic Energy Investment Prioritization: An Explainable Multi-Criteria Application Across Countries,2026-07-09,2026,https://doi.org/10.3390/en19143243,https://doi.org/10.3390/en19143243,https://doi.org/10.3390/en19143243,https://doi.org/10.3390/en19143243,false,https://mdpi-res.com/d_attachment/energies/energies-19-03243/article_deploy/energies-19-03243.pdf,papers/literature/target_journal_related/pdfs/p5_hybrid_moea_feasibility_review/p5_hybrid_moea_feasibility_review__02__a_secondary_data_driven_decision_support_framework_for_st__fc9ef6cebc.pdf,0,0,investment; multi-criteria; feasibility,investment; feasibility; project,electric power investment planning multi-criteria
p6_nsga_bls_feasibility_review,A Non-Dominated Sorting and Bidirectional Local Search Multi-Objective Evolution Algorithm for Investment Effectiveness Review of Power Grid Projects,applied_sciences,Applied Sciences,tj_p6_nsga_bls_feasibility_review_08_comprehensive_energy_analysis_of_vehicle_to_grid_v,Comprehensive Energy Analysis of Vehicle-to-Grid (V2G) Integration with the Power Grid: A Systemic Approach Incorporating Integrated Resource Planning Methodology,2023-10-10,2023,https://doi.org/10.3390/app132011119,https://doi.org/10.3390/app132011119,https://doi.org/10.3390/app132011119,https://doi.org/10.3390/app132011119,false,https://mdpi-res.com/d_attachment/applsci/applsci-13-11119/article_deploy/applsci-13-11119.pdf,papers/literature/target_journal_related/pdfs/p6_nsga_bls_feasibility_review/p6_nsga_bls_feasibility_review__08__comprehensive_energy_analysis_of_vehicle_to_grid_v2g_integra__403dde93d4.pdf,0,16,,planning; power grid,NSGA power grid planning investment
p6_nsga_bls_feasibility_review,A Non-Dominated Sorting and Bidirectional Local Search Multi-Objective Evolution Algorithm for Investment Effectiveness Review of Power Grid Projects,applied_sciences,Applied Sciences,tj_p6_nsga_bls_feasibility_review_09_multi_stage_coordinated_planning_for_transmission,Multi-Stage Coordinated Planning for Transmission and Energy Storage Considering Large-Scale Renewable Energy Integration,2024-07-25,2024,https://doi.org/10.3390/app14156486,https://doi.org/10.3390/app14156486,https://doi.org/10.3390/app14156486,https://doi.org/10.3390/app14156486,false,https://mdpi-res.com/d_attachment/applsci/applsci-14-06486/article_deploy/applsci-14-06486.pdf,papers/literature/target_journal_related/pdfs/p6_nsga_bls_feasibility_review/p6_nsga_bls_feasibility_review__09__multi_stage_coordinated_planning_for_transmission_and_energy__b1f7d8b067.pdf,0,14,,investment; planning,NSGA power grid planning investment
p6_nsga_bls_feasibility_review,A Non-Dominated Sorting and Bidirectional Local Search Multi-Objective Evolution Algorithm for Investment Effectiveness Review of Power Grid Projects,applied_sciences,Applied Sciences,tj_p6_nsga_bls_feasibility_review_02_optimal_planning_and_investment_return_analysis_of,Optimal Planning and Investment Return Analysis of Grid-Side Energy Storage System Addressing Multi-Dimensional Grid Security Requirements,2025-11-10,2025,https://doi.org/10.3390/app152211944,https://doi.org/10.3390/app152211944,https://doi.org/10.3390/app152211944,https://doi.org/10.3390/app152211944,false,https://mdpi-res.com/d_attachment/applsci/applsci-15-11944/article_deploy/applsci-15-11944.pdf,papers/literature/target_journal_related/pdfs/p6_nsga_bls_feasibility_review/p6_nsga_bls_feasibility_review__02__optimal_planning_and_investment_return_analysis_of_grid_side__c063931595.pdf,0,0,,investment; planning; power grid,NSGA power grid planning investment
p6_nsga_bls_feasibility_review,A Non-Dominated Sorting and Bidirectional Local Search Multi-Objective Evolution Algorithm for Investment Effectiveness Review of Power Grid Projects,electronics,Electronics,tj_p6_nsga_bls_feasibility_review_07_quantitative_evaluation_of_crucial_substations_and,Quantitative Evaluation of Crucial Substations and Simulation-Driven Impact Assessment of Commissioning Delays in Multi-Voltage Grid Planning,2025-06-29,2025,https://doi.org/10.3390/electronics14132633,https://doi.org/10.3390/electronics14132633,https://doi.org/10.3390/electronics14132633,https://doi.org/10.3390/electronics14132633,false,https://mdpi-res.com/d_attachment/electronics/electronics-14-02633/article_deploy/electronics-14-02633.pdf,papers/literature/target_journal_related/pdfs/p6_nsga_bls_feasibility_review/p6_nsga_bls_feasibility_review__07__quantitative_evaluation_of_crucial_substations_and_simulatio__f316911d85.pdf,0,0,,investment; planning; power grid,NSGA power grid planning investment
p6_nsga_bls_feasibility_review,A Non-Dominated Sorting and Bidirectional Local Search Multi-Objective Evolution Algorithm for Investment Effectiveness Review of Power Grid Projects,energies,Energies,tj_p6_nsga_bls_feasibility_review_06_a_novel_hybrid_power_grid_investment_optimization,A Novel Hybrid Power-Grid Investment Optimization Model with Collaborative Consideration of Risk and Benefit,2023-10-23,2023,https://doi.org/10.3390/en16207215,https://doi.org/10.3390/en16207215,https://doi.org/10.3390/en16207215,https://doi.org/10.3390/en16207215,false,https://mdpi-res.com/d_attachment/energies/energies-16-07215/article_deploy/energies-16-07215.pdf,papers/literature/target_journal_related/pdfs/p6_nsga_bls_feasibility_review/p6_nsga_bls_feasibility_review__06__a_novel_hybrid_power_grid_investment_optimization_model_with__1b76a815c6.pdf,0,2,portfolio,investment; project; portfolio,non-dominated sorting power grid investment
p6_nsga_bls_feasibility_review,A Non-Dominated Sorting and Bidirectional Local Search Multi-Objective Evolution Algorithm for Investment Effectiveness Review of Power Grid Projects,energies,Energies,tj_p6_nsga_bls_feasibility_review_01_multi_objective_optimization_of_offshore_wind_farm,Multi-Objective Optimization of Offshore Wind Farm Configuration for Energy Storage Based on NSGA-II,2025-06-10,2025,https://doi.org/10.3390/en18123061,https://doi.org/10.3390/en18123061,https://doi.org/10.3390/en18123061,https://doi.org/10.3390/en18123061,false,https://mdpi-res.com/d_attachment/energies/energies-18-03061/article_deploy/energies-18-03061.pdf,papers/literature/target_journal_related/pdfs/p6_nsga_bls_feasibility_review/p6_nsga_bls_feasibility_review__01__multi_objective_optimization_of_offshore_wind_farm_configura__84ad7c978c.pdf,0,4,non-dominated sorting; nsga; multi-objective,investment; project; power grid,power grid project portfolio optimization NSGA
p6_nsga_bls_feasibility_review,A Non-Dominated Sorting and Bidirectional Local Search Multi-Objective Evolution Algorithm for Investment Effectiveness Review of Power Grid Projects,energies,Energies,tj_p6_nsga_bls_feasibility_review_05_a_two_tier_planning_approach_for_hybrid_energy_sto,A Two-Tier Planning Approach for Hybrid Energy Storage Systems Considering Grid Power Flexibility in New Energy High-Penetration Grids,2025-09-19,2025,https://doi.org/10.3390/en18184986,https://doi.org/10.3390/en18184986,https://doi.org/10.3390/en18184986,https://doi.org/10.3390/en18184986,false,https://mdpi-res.com/d_attachment/energies/energies-18-04986/article_deploy/energies-18-04986.pdf,papers/literature/target_journal_related/pdfs/p6_nsga_bls_feasibility_review/p6_nsga_bls_feasibility_review__05__a_two_tier_planning_approach_for_hybrid_energy_storage_syste__0e00a23b09.pdf,0,2,,investment; planning; power grid,NSGA power grid planning investment
p6_nsga_bls_feasibility_review,A Non-Dominated Sorting and Bidirectional Local Search Multi-Objective Evolution Algorithm for Investment Effectiveness Review of Power Grid Projects,energies,Energies,tj_p6_nsga_bls_feasibility_review_11_multi_objective_optimization_of_load_flow_in_power,Multi-Objective Optimization of Load Flow in Power Systems: An Overview,2025-11-20,2025,https://doi.org/10.3390/en18226056,https://doi.org/10.3390/en18226056,https://doi.org/10.3390/en18226056,https://doi.org/10.3390/en18226056,false,https://mdpi-res.com/d_attachment/energies/energies-18-06056/article_deploy/energies-18-06056.pdf,papers/literature/target_journal_related/pdfs/p6_nsga_bls_feasibility_review/p6_nsga_bls_feasibility_review__11__multi_objective_optimization_of_load_flow_in_power_systems_a__a52cc70f0b.pdf,0,6,multi-objective,planning,local search multi-objective power system planning
p6_nsga_bls_feasibility_review,A Non-Dominated Sorting and Bidirectional Local Search Multi-Objective Evolution Algorithm for Investment Effectiveness Review of Power Grid Projects,energies,Energies,tj_p6_nsga_bls_feasibility_review_03_bi_objective_resilient_backbone_grid_planning_via,Bi-Objective Resilient Backbone-Grid Planning via a Three-Stage TER-NSGA-II Approach Considering Pumped-Storage Hub Effects,2026-06-10,2026,https://doi.org/10.3390/en19122798,https://doi.org/10.3390/en19122798,https://doi.org/10.3390/en19122798,https://doi.org/10.3390/en19122798,false,https://mdpi-res.com/d_attachment/energies/energies-19-02798/article_deploy/energies-19-02798.pdf,papers/literature/target_journal_related/pdfs/p6_nsga_bls_feasibility_review/p6_nsga_bls_feasibility_review__03__bi_objective_resilient_backbone_grid_planning_via_a_three_st__90d73ce782.pdf,0,0,nsga; evolutionary,planning; power grid,NSGA power grid planning investment
