paper_id,experiment_id,method,method_role,repeat,constraint_violation_rate,hypervolume,igd,investment_cost_index,quality_index,runtime_s,scenario_status
mintou_p3,base_distribution_planning,CARS-MODE,proposed,1,0.077597,0.706564,0.273968,0.753051,0.889368,1.284738,synthetic_smoke_v0
mintou_p3,base_distribution_planning,CARS-MODE,proposed,2,0.070963,0.713005,0.285573,0.764532,0.901600,1.207249,synthetic_smoke_v0
mintou_p3,base_distribution_planning,CARS-MODE,proposed,3,0.081453,0.715377,0.276491,0.762945,0.902086,1.029382,synthetic_smoke_v0
mintou_p3,base_distribution_planning,CARS-MODE,proposed,4,0.068159,0.726363,0.265558,0.743039,0.916831,1.381542,synthetic_smoke_v0
mintou_p3,base_distribution_planning,CARS-MODE,proposed,5,0.076302,0.715996,0.274200,0.767514,0.892806,1.185018,synthetic_smoke_v0
mintou_p3,base_distribution_planning,Standard DE,baseline,1,0.108382,0.577466,0.342139,0.802582,0.732892,0.918565,synthetic_smoke_v0
mintou_p3,base_distribution_planning,Standard DE,baseline,2,0.097057,0.599113,0.344310,0.808413,0.740811,0.924271,synthetic_smoke_v0
mintou_p3,base_distribution_planning,Standard DE,baseline,3,0.101230,0.578802,0.349948,0.814512,0.715023,1.210205,synthetic_smoke_v0
mintou_p3,base_distribution_planning,Standard DE,baseline,4,0.111064,0.582074,0.347820,0.825523,0.717674,1.145894,synthetic_smoke_v0
mintou_p3,base_distribution_planning,Standard DE,baseline,5,0.106192,0.588927,0.344441,0.817122,0.736076,1.125193,synthetic_smoke_v0
mintou_p3,base_distribution_planning,NSGA-II,baseline,1,0.095012,0.654735,0.314798,0.771322,0.816064,1.576142,synthetic_smoke_v0
mintou_p3,base_distribution_planning,NSGA-II,baseline,2,0.090701,0.664123,0.305279,0.774013,0.821105,1.559151,synthetic_smoke_v0
mintou_p3,base_distribution_planning,NSGA-II,baseline,3,0.098097,0.643083,0.306717,0.783287,0.798142,1.485184,synthetic_smoke_v0
mintou_p3,base_distribution_planning,NSGA-II,baseline,4,0.092550,0.645948,0.299893,0.785422,0.816908,1.333680,synthetic_smoke_v0
mintou_p3,base_distribution_planning,NSGA-II,baseline,5,0.088569,0.636934,0.319981,0.792891,0.795895,1.578529,synthetic_smoke_v0
mintou_p3,base_distribution_planning,MOEA/D,baseline,1,0.089085,0.634838,0.314830,0.787596,0.781081,1.278356,synthetic_smoke_v0
mintou_p3,base_distribution_planning,MOEA/D,baseline,2,0.096008,0.624043,0.318248,0.806823,0.770426,1.279211,synthetic_smoke_v0
mintou_p3,base_distribution_planning,MOEA/D,baseline,3,0.094654,0.634649,0.311798,0.780737,0.794351,1.090231,synthetic_smoke_v0
mintou_p3,base_distribution_planning,MOEA/D,baseline,4,0.094438,0.632388,0.316456,0.796837,0.786187,1.307616,synthetic_smoke_v0
mintou_p3,base_distribution_planning,MOEA/D,baseline,5,0.090503,0.632968,0.312570,0.793630,0.790295,1.139685,synthetic_smoke_v0
mintou_p3,base_distribution_planning,PSO,baseline,1,0.098880,0.588658,0.345365,0.809016,0.734654,1.114549,synthetic_smoke_v0
mintou_p3,base_distribution_planning,PSO,baseline,2,0.103406,0.575473,0.341472,0.817587,0.722425,1.056679,synthetic_smoke_v0
mintou_p3,base_distribution_planning,PSO,baseline,3,0.101196,0.568571,0.359177,0.817576,0.708904,1.123832,synthetic_smoke_v0
mintou_p3,base_distribution_planning,PSO,baseline,4,0.104123,0.560578,0.357276,0.812973,0.710987,1.014995,synthetic_smoke_v0
mintou_p3,base_distribution_planning,PSO,baseline,5,0.108307,0.582345,0.333633,0.810746,0.728209,1.056980,synthetic_smoke_v0
mintou_p3,base_distribution_planning,GA,baseline,1,0.103515,0.553554,0.353363,0.813975,0.694738,1.153378,synthetic_smoke_v0
mintou_p3,base_distribution_planning,GA,baseline,2,0.111388,0.569582,0.352653,0.814407,0.702131,1.118589,synthetic_smoke_v0
mintou_p3,base_distribution_planning,GA,baseline,3,0.112129,0.538394,0.363345,0.821535,0.680277,0.949489,synthetic_smoke_v0
mintou_p3,base_distribution_planning,GA,baseline,4,0.113898,0.566401,0.355617,0.825020,0.698662,0.946315,synthetic_smoke_v0
mintou_p3,base_distribution_planning,GA,baseline,5,0.106400,0.574341,0.341547,0.811072,0.710355,0.973081,synthetic_smoke_v0
mintou_p3,base_distribution_planning,Weighted Sum,baseline,1,0.114238,0.539286,0.371289,0.832155,0.669513,0.499702,synthetic_smoke_v0
mintou_p3,base_distribution_planning,Weighted Sum,baseline,2,0.122892,0.505702,0.370544,0.843068,0.639554,0.570338,synthetic_smoke_v0
mintou_p3,base_distribution_planning,Weighted Sum,baseline,3,0.117659,0.522098,0.369863,0.830943,0.649600,0.547639,synthetic_smoke_v0
mintou_p3,base_distribution_planning,Weighted Sum,baseline,4,0.111213,0.524091,0.378182,0.831063,0.656586,0.499645,synthetic_smoke_v0
mintou_p3,base_distribution_planning,Weighted Sum,baseline,5,0.109540,0.515998,0.368333,0.829587,0.654299,0.491285,synthetic_smoke_v0
mintou_p3,base_distribution_planning,fixed_parameters,ablation,1,0.079748,0.692123,0.283238,0.773637,0.875607,0.881300,synthetic_smoke_v0
mintou_p3,base_distribution_planning,fixed_parameters,ablation,2,0.079377,0.685319,0.300592,0.776451,0.853993,1.095766,synthetic_smoke_v0
mintou_p3,base_distribution_planning,fixed_parameters,ablation,3,0.078863,0.686511,0.286747,0.773838,0.852629,1.123321,synthetic_smoke_v0
mintou_p3,base_distribution_planning,fixed_parameters,ablation,4,0.083519,0.698507,0.288965,0.764699,0.865284,1.052452,synthetic_smoke_v0
mintou_p3,base_distribution_planning,fixed_parameters,ablation,5,0.079561,0.685543,0.291609,0.760034,0.863678,1.097558,synthetic_smoke_v0
mintou_p3,base_distribution_planning,no_strategy_adaptation,ablation,1,0.088133,0.670191,0.301406,0.768650,0.848592,1.082026,synthetic_smoke_v0
mintou_p3,base_distribution_planning,no_strategy_adaptation,ablation,2,0.087101,0.694241,0.288916,0.769199,0.866502,0.934924,synthetic_smoke_v0
mintou_p3,base_distribution_planning,no_strategy_adaptation,ablation,3,0.084287,0.685653,0.291959,0.769970,0.868025,0.992076,synthetic_smoke_v0
mintou_p3,base_distribution_planning,no_strategy_adaptation,ablation,4,0.089502,0.680847,0.293245,0.784765,0.838603,1.020951,synthetic_smoke_v0
mintou_p3,base_distribution_planning,no_strategy_adaptation,ablation,5,0.082418,0.675882,0.288092,0.780169,0.847988,0.983818,synthetic_smoke_v0
mintou_p3,base_distribution_planning,no_constraint_repair,ablation,1,0.079455,0.674099,0.290040,0.770586,0.849794,1.155552,synthetic_smoke_v0
mintou_p3,base_distribution_planning,no_constraint_repair,ablation,2,0.088642,0.660642,0.315381,0.782514,0.815010,1.165881,synthetic_smoke_v0
mintou_p3,base_distribution_planning,no_constraint_repair,ablation,3,0.090553,0.676262,0.307680,0.774845,0.842346,1.180619,synthetic_smoke_v0
mintou_p3,base_distribution_planning,no_constraint_repair,ablation,4,0.082872,0.680205,0.303899,0.768598,0.845819,1.294563,synthetic_smoke_v0
mintou_p3,base_distribution_planning,no_constraint_repair,ablation,5,0.091312,0.669057,0.309101,0.783100,0.827174,1.191164,synthetic_smoke_v0
mintou_p3,base_distribution_planning,no_diversity_preservation,ablation,1,0.096261,0.633134,0.324610,0.787012,0.803139,1.056543,synthetic_smoke_v0
mintou_p3,base_distribution_planning,no_diversity_preservation,ablation,2,0.088563,0.649813,0.321296,0.789593,0.803673,1.022370,synthetic_smoke_v0
mintou_p3,base_distribution_planning,no_diversity_preservation,ablation,3,0.092363,0.644556,0.309048,0.781724,0.804470,1.298855,synthetic_smoke_v0
mintou_p3,base_distribution_planning,no_diversity_preservation,ablation,4,0.085786,0.670663,0.312927,0.783449,0.826779,1.004894,synthetic_smoke_v0
mintou_p3,base_distribution_planning,no_diversity_preservation,ablation,5,0.091164,0.660135,0.308853,0.786101,0.826434,1.271011,synthetic_smoke_v0
mintou_p3,base_distribution_planning,weighted_sum_only,ablation,1,0.093476,0.640464,0.327140,0.781848,0.790656,0.942468,synthetic_smoke_v0
mintou_p3,base_distribution_planning,weighted_sum_only,ablation,2,0.096942,0.639317,0.310925,0.778156,0.805522,1.000722,synthetic_smoke_v0
mintou_p3,base_distribution_planning,weighted_sum_only,ablation,3,0.091008,0.642484,0.324801,0.782194,0.793733,1.072628,synthetic_smoke_v0
mintou_p3,base_distribution_planning,weighted_sum_only,ablation,4,0.090068,0.639476,0.315183,0.779763,0.808723,1.296434,synthetic_smoke_v0
mintou_p3,base_distribution_planning,weighted_sum_only,ablation,5,0.090764,0.627916,0.317695,0.783529,0.777923,1.040285,synthetic_smoke_v0
mintou_p3,base_distribution_planning,no_storage_candidates,ablation,1,0.094754,0.628411,0.321136,0.807800,0.773573,1.325992,synthetic_smoke_v0
mintou_p3,base_distribution_planning,no_storage_candidates,ablation,2,0.094778,0.626930,0.329285,0.796085,0.776584,1.149778,synthetic_smoke_v0
mintou_p3,base_distribution_planning,no_storage_candidates,ablation,3,0.091692,0.631234,0.323776,0.793441,0.784214,0.996099,synthetic_smoke_v0
mintou_p3,base_distribution_planning,no_storage_candidates,ablation,4,0.088032,0.628790,0.327697,0.799667,0.787548,1.041710,synthetic_smoke_v0
mintou_p3,base_distribution_planning,no_storage_candidates,ablation,5,0.102830,0.610324,0.326542,0.799556,0.762785,1.074002,synthetic_smoke_v0
mintou_p3,base_distribution_planning,no_der_candidates,ablation,1,0.096507,0.591778,0.341646,0.818502,0.745408,1.307083,synthetic_smoke_v0
mintou_p3,base_distribution_planning,no_der_candidates,ablation,2,0.104863,0.591594,0.330951,0.813600,0.738947,1.292073,synthetic_smoke_v0
mintou_p3,base_distribution_planning,no_der_candidates,ablation,3,0.101477,0.605742,0.323469,0.792078,0.765127,1.361265,synthetic_smoke_v0
mintou_p3,base_distribution_planning,no_der_candidates,ablation,4,0.098313,0.603706,0.325479,0.810688,0.754569,1.328736,synthetic_smoke_v0
mintou_p3,base_distribution_planning,no_der_candidates,ablation,5,0.101334,0.594993,0.338667,0.809352,0.747064,1.426084,synthetic_smoke_v0
mintou_p3,base_distribution_planning,low_scenario_count,ablation,1,0.107831,0.582296,0.343365,0.810910,0.734489,1.222381,synthetic_smoke_v0
mintou_p3,base_distribution_planning,low_scenario_count,ablation,2,0.095965,0.589498,0.342959,0.804586,0.749240,1.223377,synthetic_smoke_v0
mintou_p3,base_distribution_planning,low_scenario_count,ablation,3,0.096937,0.598315,0.328893,0.800620,0.749599,1.068468,synthetic_smoke_v0
mintou_p3,base_distribution_planning,low_scenario_count,ablation,4,0.102181,0.590887,0.331004,0.814834,0.738949,1.415676,synthetic_smoke_v0
mintou_p3,base_distribution_planning,low_scenario_count,ablation,5,0.100246,0.592847,0.339487,0.809372,0.741249,1.403896,synthetic_smoke_v0
mintou_p3,der_siting_sizing,CARS-MODE,proposed,1,0.077238,0.707424,0.285925,0.768004,0.884595,1.056013,synthetic_smoke_v0
mintou_p3,der_siting_sizing,CARS-MODE,proposed,2,0.080775,0.701500,0.283478,0.752698,0.884457,1.357259,synthetic_smoke_v0
mintou_p3,der_siting_sizing,CARS-MODE,proposed,3,0.080104,0.721869,0.286719,0.746923,0.903146,1.401302,synthetic_smoke_v0
mintou_p3,der_siting_sizing,CARS-MODE,proposed,4,0.080251,0.716068,0.278899,0.763653,0.905500,1.043973,synthetic_smoke_v0
mintou_p3,der_siting_sizing,CARS-MODE,proposed,5,0.082626,0.709140,0.277264,0.767573,0.882363,1.253547,synthetic_smoke_v0
mintou_p3,der_siting_sizing,Standard DE,baseline,1,0.105214,0.579998,0.344622,0.803934,0.720434,1.233849,synthetic_smoke_v0
mintou_p3,der_siting_sizing,Standard DE,baseline,2,0.107352,0.548563,0.360165,0.824342,0.696378,1.206031,synthetic_smoke_v0
mintou_p3,der_siting_sizing,Standard DE,baseline,3,0.108084,0.587294,0.346657,0.808891,0.722301,1.049850,synthetic_smoke_v0
mintou_p3,der_siting_sizing,Standard DE,baseline,4,0.104803,0.573261,0.342742,0.809416,0.708743,1.134912,synthetic_smoke_v0
mintou_p3,der_siting_sizing,Standard DE,baseline,5,0.104829,0.582423,0.338552,0.821986,0.727261,1.210511,synthetic_smoke_v0
mintou_p3,der_siting_sizing,NSGA-II,baseline,1,0.088604,0.641803,0.311003,0.793956,0.813979,1.519988,synthetic_smoke_v0
mintou_p3,der_siting_sizing,NSGA-II,baseline,2,0.089869,0.642127,0.305689,0.797961,0.804018,1.555805,synthetic_smoke_v0
mintou_p3,der_siting_sizing,NSGA-II,baseline,3,0.092532,0.649291,0.314706,0.777411,0.800022,1.270893,synthetic_smoke_v0
mintou_p3,der_siting_sizing,NSGA-II,baseline,4,0.091821,0.654405,0.305308,0.783979,0.805907,1.562794,synthetic_smoke_v0
mintou_p3,der_siting_sizing,NSGA-II,baseline,5,0.097426,0.646818,0.321335,0.787824,0.796324,1.553848,synthetic_smoke_v0
mintou_p3,der_siting_sizing,MOEA/D,baseline,1,0.098252,0.620888,0.326514,0.806587,0.775167,1.433378,synthetic_smoke_v0
mintou_p3,der_siting_sizing,MOEA/D,baseline,2,0.095901,0.605863,0.337271,0.805484,0.750517,1.287725,synthetic_smoke_v0
mintou_p3,der_siting_sizing,MOEA/D,baseline,3,0.092742,0.626549,0.329748,0.802078,0.775615,1.290678,synthetic_smoke_v0
mintou_p3,der_siting_sizing,MOEA/D,baseline,4,0.101265,0.602939,0.320556,0.795214,0.765108,1.317818,synthetic_smoke_v0
mintou_p3,der_siting_sizing,MOEA/D,baseline,5,0.099093,0.613483,0.338108,0.794358,0.767368,1.273431,synthetic_smoke_v0
mintou_p3,der_siting_sizing,PSO,baseline,1,0.104760,0.554828,0.355937,0.824780,0.698832,0.866226,synthetic_smoke_v0
mintou_p3,der_siting_sizing,PSO,baseline,2,0.105249,0.574540,0.354433,0.808755,0.706177,0.976772,synthetic_smoke_v0
mintou_p3,der_siting_sizing,PSO,baseline,3,0.110530,0.558278,0.348033,0.820715,0.694401,1.084526,synthetic_smoke_v0
mintou_p3,der_siting_sizing,PSO,baseline,4,0.113337,0.557813,0.355049,0.833703,0.690473,0.987104,synthetic_smoke_v0
mintou_p3,der_siting_sizing,PSO,baseline,5,0.106063,0.579560,0.352920,0.815138,0.721079,1.134839,synthetic_smoke_v0
mintou_p3,der_siting_sizing,GA,baseline,1,0.112183,0.541768,0.354117,0.826888,0.681040,1.054382,synthetic_smoke_v0
mintou_p3,der_siting_sizing,GA,baseline,2,0.104298,0.556230,0.355449,0.817478,0.694523,1.197295,synthetic_smoke_v0
mintou_p3,der_siting_sizing,GA,baseline,3,0.108112,0.546473,0.370005,0.821824,0.679490,1.114534,synthetic_smoke_v0
mintou_p3,der_siting_sizing,GA,baseline,4,0.107350,0.559235,0.364236,0.820917,0.698722,0.968058,synthetic_smoke_v0
mintou_p3,der_siting_sizing,GA,baseline,5,0.112080,0.546887,0.351609,0.816801,0.682871,1.159398,synthetic_smoke_v0
mintou_p3,der_siting_sizing,Weighted Sum,baseline,1,0.114629,0.512283,0.374701,0.830292,0.649980,0.487216,synthetic_smoke_v0
mintou_p3,der_siting_sizing,Weighted Sum,baseline,2,0.112650,0.517010,0.368426,0.840689,0.639078,0.501738,synthetic_smoke_v0
mintou_p3,der_siting_sizing,Weighted Sum,baseline,3,0.123046,0.518772,0.375177,0.832510,0.642158,0.520578,synthetic_smoke_v0
mintou_p3,der_siting_sizing,Weighted Sum,baseline,4,0.111146,0.528131,0.370804,0.836886,0.652131,0.560703,synthetic_smoke_v0
mintou_p3,der_siting_sizing,Weighted Sum,baseline,5,0.121463,0.501312,0.380297,0.840690,0.638487,0.495013,synthetic_smoke_v0
mintou_p3,der_siting_sizing,fixed_parameters,ablation,1,0.076618,0.686803,0.291494,0.766885,0.869787,1.023873,synthetic_smoke_v0
mintou_p3,der_siting_sizing,fixed_parameters,ablation,2,0.085635,0.684082,0.302738,0.778699,0.854202,1.059798,synthetic_smoke_v0
mintou_p3,der_siting_sizing,fixed_parameters,ablation,3,0.087732,0.693255,0.288580,0.769859,0.861013,0.952489,synthetic_smoke_v0
mintou_p3,der_siting_sizing,fixed_parameters,ablation,4,0.075848,0.699609,0.282590,0.767140,0.864376,1.072277,synthetic_smoke_v0
mintou_p3,der_siting_sizing,fixed_parameters,ablation,5,0.086669,0.693401,0.291311,0.760930,0.857849,1.007620,synthetic_smoke_v0
mintou_p3,der_siting_sizing,no_strategy_adaptation,ablation,1,0.092314,0.655360,0.301815,0.776177,0.822851,1.222480,synthetic_smoke_v0
mintou_p3,der_siting_sizing,no_strategy_adaptation,ablation,2,0.079253,0.685189,0.297406,0.766799,0.846095,1.249509,synthetic_smoke_v0
mintou_p3,der_siting_sizing,no_strategy_adaptation,ablation,3,0.084444,0.669823,0.295264,0.783005,0.834609,1.035155,synthetic_smoke_v0
mintou_p3,der_siting_sizing,no_strategy_adaptation,ablation,4,0.082638,0.680187,0.296957,0.768426,0.846766,1.284393,synthetic_smoke_v0
mintou_p3,der_siting_sizing,no_strategy_adaptation,ablation,5,0.088078,0.668861,0.304933,0.788030,0.826265,1.057466,synthetic_smoke_v0
mintou_p3,der_siting_sizing,no_constraint_repair,ablation,1,0.090172,0.667574,0.307938,0.787876,0.828900,0.954281,synthetic_smoke_v0
mintou_p3,der_siting_sizing,no_constraint_repair,ablation,2,0.085014,0.665928,0.311423,0.779541,0.832547,1.221445,synthetic_smoke_v0
mintou_p3,der_siting_sizing,no_constraint_repair,ablation,3,0.087915,0.639637,0.319461,0.789396,0.797755,1.303544,synthetic_smoke_v0
mintou_p3,der_siting_sizing,no_constraint_repair,ablation,4,0.091181,0.671823,0.305040,0.772532,0.832491,1.072906,synthetic_smoke_v0
mintou_p3,der_siting_sizing,no_constraint_repair,ablation,5,0.091829,0.653507,0.315576,0.796266,0.804747,1.121662,synthetic_smoke_v0
mintou_p3,der_siting_sizing,no_diversity_preservation,ablation,1,0.094841,0.639827,0.328856,0.782405,0.788130,1.188327,synthetic_smoke_v0
mintou_p3,der_siting_sizing,no_diversity_preservation,ablation,2,0.096383,0.627907,0.308529,0.793501,0.794160,1.234336,synthetic_smoke_v0
mintou_p3,der_siting_sizing,no_diversity_preservation,ablation,3,0.096609,0.631793,0.316208,0.783562,0.797845,1.081386,synthetic_smoke_v0
mintou_p3,der_siting_sizing,no_diversity_preservation,ablation,4,0.093400,0.638005,0.317202,0.798124,0.803083,1.044746,synthetic_smoke_v0
mintou_p3,der_siting_sizing,no_diversity_preservation,ablation,5,0.089904,0.631123,0.317694,0.798268,0.798328,1.029634,synthetic_smoke_v0
mintou_p3,der_siting_sizing,weighted_sum_only,ablation,1,0.090850,0.633213,0.327692,0.803519,0.780719,1.226893,synthetic_smoke_v0
mintou_p3,der_siting_sizing,weighted_sum_only,ablation,2,0.093064,0.623243,0.319452,0.796426,0.782069,1.239386,synthetic_smoke_v0
mintou_p3,der_siting_sizing,weighted_sum_only,ablation,3,0.094526,0.609773,0.328299,0.787271,0.774704,1.312967,synthetic_smoke_v0
mintou_p3,der_siting_sizing,weighted_sum_only,ablation,4,0.092883,0.615801,0.335694,0.790595,0.762230,1.386346,synthetic_smoke_v0
mintou_p3,der_siting_sizing,weighted_sum_only,ablation,5,0.098917,0.627982,0.313529,0.789223,0.791872,1.200111,synthetic_smoke_v0
mintou_p3,der_siting_sizing,no_storage_candidates,ablation,1,0.095433,0.597997,0.336399,0.799591,0.748952,1.118731,synthetic_smoke_v0
mintou_p3,der_siting_sizing,no_storage_candidates,ablation,2,0.094032,0.610455,0.333697,0.809422,0.756322,1.036175,synthetic_smoke_v0
mintou_p3,der_siting_sizing,no_storage_candidates,ablation,3,0.103290,0.607125,0.333729,0.796247,0.747525,1.147664,synthetic_smoke_v0
mintou_p3,der_siting_sizing,no_storage_candidates,ablation,4,0.095019,0.598754,0.337562,0.798892,0.753791,1.366199,synthetic_smoke_v0
mintou_p3,der_siting_sizing,no_storage_candidates,ablation,5,0.097087,0.601121,0.347247,0.818095,0.743172,1.343782,synthetic_smoke_v0
mintou_p3,der_siting_sizing,no_der_candidates,ablation,1,0.103691,0.582458,0.343815,0.803325,0.727871,1.387500,synthetic_smoke_v0
mintou_p3,der_siting_sizing,no_der_candidates,ablation,2,0.100501,0.608272,0.328685,0.800948,0.758013,1.202953,synthetic_smoke_v0
mintou_p3,der_siting_sizing,no_der_candidates,ablation,3,0.093766,0.601770,0.323992,0.797085,0.752781,1.055844,synthetic_smoke_v0
mintou_p3,der_siting_sizing,no_der_candidates,ablation,4,0.105158,0.578593,0.339187,0.811249,0.729609,1.128974,synthetic_smoke_v0
mintou_p3,der_siting_sizing,no_der_candidates,ablation,5,0.100983,0.601029,0.334105,0.808391,0.745627,1.414162,synthetic_smoke_v0
mintou_p3,der_siting_sizing,low_scenario_count,ablation,1,0.104223,0.589856,0.334252,0.821627,0.729860,1.418964,synthetic_smoke_v0
mintou_p3,der_siting_sizing,low_scenario_count,ablation,2,0.108148,0.575767,0.359687,0.811846,0.710788,1.165899,synthetic_smoke_v0
mintou_p3,der_siting_sizing,low_scenario_count,ablation,3,0.100417,0.597608,0.331033,0.800819,0.735217,1.069942,synthetic_smoke_v0
mintou_p3,der_siting_sizing,low_scenario_count,ablation,4,0.104854,0.588784,0.344524,0.809427,0.725800,1.233417,synthetic_smoke_v0
mintou_p3,der_siting_sizing,low_scenario_count,ablation,5,0.108280,0.577500,0.337072,0.822941,0.724864,1.291552,synthetic_smoke_v0
mintou_p3,storage_allocation,CARS-MODE,proposed,1,0.076301,0.698998,0.282144,0.770417,0.877230,1.297702,synthetic_smoke_v0
mintou_p3,storage_allocation,CARS-MODE,proposed,2,0.079690,0.689214,0.294050,0.759760,0.866328,1.245436,synthetic_smoke_v0
mintou_p3,storage_allocation,CARS-MODE,proposed,3,0.074033,0.698826,0.277622,0.762014,0.883795,1.187189,synthetic_smoke_v0
mintou_p3,storage_allocation,CARS-MODE,proposed,4,0.081514,0.702954,0.275316,0.754362,0.891073,1.157609,synthetic_smoke_v0
mintou_p3,storage_allocation,CARS-MODE,proposed,5,0.077559,0.710861,0.281307,0.749187,0.881102,1.338335,synthetic_smoke_v0
mintou_p3,storage_allocation,Standard DE,baseline,1,0.112262,0.555774,0.352964,0.828539,0.697610,1.160321,synthetic_smoke_v0
mintou_p3,storage_allocation,Standard DE,baseline,2,0.111386,0.567119,0.345761,0.817274,0.696775,1.125121,synthetic_smoke_v0
mintou_p3,storage_allocation,Standard DE,baseline,3,0.110832,0.548313,0.352317,0.814438,0.695203,1.311690,synthetic_smoke_v0
mintou_p3,storage_allocation,Standard DE,baseline,4,0.100220,0.568220,0.343915,0.820757,0.722601,0.973830,synthetic_smoke_v0
mintou_p3,storage_allocation,Standard DE,baseline,5,0.107544,0.583256,0.355991,0.827199,0.718936,1.132739,synthetic_smoke_v0
mintou_p3,storage_allocation,NSGA-II,baseline,1,0.096966,0.618165,0.322672,0.788021,0.784149,1.631448,synthetic_smoke_v0
mintou_p3,storage_allocation,NSGA-II,baseline,2,0.091634,0.613334,0.317990,0.804012,0.774354,1.222519,synthetic_smoke_v0
mintou_p3,storage_allocation,NSGA-II,baseline,3,0.092159,0.648964,0.304384,0.775805,0.805611,1.252161,synthetic_smoke_v0
mintou_p3,storage_allocation,NSGA-II,baseline,4,0.102015,0.621460,0.322861,0.804846,0.769777,1.318829,synthetic_smoke_v0
mintou_p3,storage_allocation,NSGA-II,baseline,5,0.091046,0.632769,0.318508,0.804607,0.784660,1.436939,synthetic_smoke_v0
mintou_p3,storage_allocation,MOEA/D,baseline,1,0.094698,0.604368,0.335023,0.796199,0.748804,1.288740,synthetic_smoke_v0
mintou_p3,storage_allocation,MOEA/D,baseline,2,0.094149,0.614177,0.335172,0.789024,0.774091,1.424372,synthetic_smoke_v0
mintou_p3,storage_allocation,MOEA/D,baseline,3,0.096305,0.616302,0.325043,0.793739,0.772013,1.248316,synthetic_smoke_v0
mintou_p3,storage_allocation,MOEA/D,baseline,4,0.104751,0.598840,0.339886,0.811642,0.753036,1.526694,synthetic_smoke_v0
mintou_p3,storage_allocation,MOEA/D,baseline,5,0.099621,0.601731,0.345350,0.801601,0.741782,1.380722,synthetic_smoke_v0
mintou_p3,storage_allocation,PSO,baseline,1,0.104971,0.556663,0.362614,0.826887,0.691238,0.868137,synthetic_smoke_v0
mintou_p3,storage_allocation,PSO,baseline,2,0.105699,0.564414,0.340433,0.818158,0.715137,0.937765,synthetic_smoke_v0
mintou_p3,storage_allocation,PSO,baseline,3,0.104652,0.545729,0.361992,0.826378,0.685058,1.155596,synthetic_smoke_v0
mintou_p3,storage_allocation,PSO,baseline,4,0.103078,0.554299,0.348318,0.829153,0.696855,1.037440,synthetic_smoke_v0
mintou_p3,storage_allocation,PSO,baseline,5,0.107196,0.553944,0.356168,0.835278,0.694444,1.132593,synthetic_smoke_v0
mintou_p3,storage_allocation,GA,baseline,1,0.108110,0.532932,0.369585,0.822841,0.663581,1.021883,synthetic_smoke_v0
mintou_p3,storage_allocation,GA,baseline,2,0.110892,0.522926,0.374354,0.834087,0.665801,0.923455,synthetic_smoke_v0
mintou_p3,storage_allocation,GA,baseline,3,0.114140,0.526109,0.366186,0.839976,0.661368,1.061153,synthetic_smoke_v0
mintou_p3,storage_allocation,GA,baseline,4,0.109983,0.551123,0.359844,0.818806,0.688555,1.097194,synthetic_smoke_v0
mintou_p3,storage_allocation,GA,baseline,5,0.103929,0.545360,0.362747,0.813906,0.689665,1.036180,synthetic_smoke_v0
mintou_p3,storage_allocation,Weighted Sum,baseline,1,0.115933,0.521463,0.369220,0.835443,0.652839,0.531114,synthetic_smoke_v0
mintou_p3,storage_allocation,Weighted Sum,baseline,2,0.125965,0.487629,0.384494,0.847268,0.619068,0.479902,synthetic_smoke_v0
mintou_p3,storage_allocation,Weighted Sum,baseline,3,0.121093,0.507233,0.384976,0.839905,0.631186,0.489856,synthetic_smoke_v0
mintou_p3,storage_allocation,Weighted Sum,baseline,4,0.122066,0.504617,0.386563,0.836773,0.624237,0.553541,synthetic_smoke_v0
mintou_p3,storage_allocation,Weighted Sum,baseline,5,0.116804,0.494666,0.372870,0.849805,0.628461,0.619328,synthetic_smoke_v0
mintou_p3,storage_allocation,fixed_parameters,ablation,1,0.082709,0.680869,0.292417,0.781077,0.846907,1.116290,synthetic_smoke_v0
mintou_p3,storage_allocation,fixed_parameters,ablation,2,0.084087,0.673240,0.298269,0.765123,0.852585,1.041687,synthetic_smoke_v0
mintou_p3,storage_allocation,fixed_parameters,ablation,3,0.089744,0.653173,0.301840,0.788065,0.827692,0.959894,synthetic_smoke_v0
mintou_p3,storage_allocation,fixed_parameters,ablation,4,0.091747,0.670840,0.298316,0.777961,0.832937,1.059566,synthetic_smoke_v0
mintou_p3,storage_allocation,fixed_parameters,ablation,5,0.080256,0.664038,0.298543,0.786219,0.840128,0.978402,synthetic_smoke_v0
mintou_p3,storage_allocation,no_strategy_adaptation,ablation,1,0.087240,0.662675,0.300220,0.791870,0.818734,1.149929,synthetic_smoke_v0
mintou_p3,storage_allocation,no_strategy_adaptation,ablation,2,0.089460,0.660165,0.304279,0.772967,0.832738,0.987850,synthetic_smoke_v0
mintou_p3,storage_allocation,no_strategy_adaptation,ablation,3,0.092077,0.654828,0.312176,0.775677,0.808319,1.092701,synthetic_smoke_v0
mintou_p3,storage_allocation,no_strategy_adaptation,ablation,4,0.086102,0.642613,0.307745,0.773539,0.811961,1.123528,synthetic_smoke_v0
mintou_p3,storage_allocation,no_strategy_adaptation,ablation,5,0.085664,0.657322,0.302781,0.790154,0.811569,1.072787,synthetic_smoke_v0
mintou_p3,storage_allocation,no_constraint_repair,ablation,1,0.089288,0.637912,0.304170,0.784731,0.809201,1.234987,synthetic_smoke_v0
mintou_p3,storage_allocation,no_constraint_repair,ablation,2,0.087160,0.641169,0.306795,0.790337,0.806736,1.021734,synthetic_smoke_v0
mintou_p3,storage_allocation,no_constraint_repair,ablation,3,0.082944,0.658831,0.305711,0.785547,0.823372,1.161358,synthetic_smoke_v0
mintou_p3,storage_allocation,no_constraint_repair,ablation,4,0.091475,0.656479,0.311041,0.777396,0.811207,0.972515,synthetic_smoke_v0
mintou_p3,storage_allocation,no_constraint_repair,ablation,5,0.089781,0.660032,0.316303,0.775939,0.814063,0.988122,synthetic_smoke_v0
mintou_p3,storage_allocation,no_diversity_preservation,ablation,1,0.098020,0.629818,0.318323,0.795060,0.788323,1.075970,synthetic_smoke_v0
mintou_p3,storage_allocation,no_diversity_preservation,ablation,2,0.095359,0.628810,0.322875,0.794097,0.790459,1.221854,synthetic_smoke_v0
mintou_p3,storage_allocation,no_diversity_preservation,ablation,3,0.092038,0.614366,0.318302,0.802871,0.772805,1.133399,synthetic_smoke_v0
mintou_p3,storage_allocation,no_diversity_preservation,ablation,4,0.096222,0.631467,0.310662,0.797160,0.796559,1.008939,synthetic_smoke_v0
mintou_p3,storage_allocation,no_diversity_preservation,ablation,5,0.095998,0.619892,0.319228,0.797582,0.786823,1.136910,synthetic_smoke_v0
mintou_p3,storage_allocation,weighted_sum_only,ablation,1,0.097180,0.628633,0.323174,0.800238,0.779862,1.016163,synthetic_smoke_v0
mintou_p3,storage_allocation,weighted_sum_only,ablation,2,0.100874,0.614411,0.319403,0.803003,0.769031,1.255133,synthetic_smoke_v0
mintou_p3,storage_allocation,weighted_sum_only,ablation,3,0.102324,0.609059,0.336547,0.801083,0.771840,1.084515,synthetic_smoke_v0
mintou_p3,storage_allocation,weighted_sum_only,ablation,4,0.096374,0.621406,0.316640,0.782170,0.785674,1.395321,synthetic_smoke_v0
mintou_p3,storage_allocation,weighted_sum_only,ablation,5,0.098654,0.614098,0.335723,0.794864,0.766470,1.036914,synthetic_smoke_v0
mintou_p3,storage_allocation,no_storage_candidates,ablation,1,0.096218,0.607428,0.340447,0.805181,0.747921,0.986056,synthetic_smoke_v0
mintou_p3,storage_allocation,no_storage_candidates,ablation,2,0.094806,0.612968,0.327367,0.794710,0.755664,1.390673,synthetic_smoke_v0
mintou_p3,storage_allocation,no_storage_candidates,ablation,3,0.106728,0.590477,0.344713,0.799100,0.738361,1.283449,synthetic_smoke_v0
mintou_p3,storage_allocation,no_storage_candidates,ablation,4,0.096143,0.581263,0.339094,0.818074,0.738874,1.068953,synthetic_smoke_v0
mintou_p3,storage_allocation,no_storage_candidates,ablation,5,0.099050,0.595093,0.340277,0.812467,0.752371,1.123104,synthetic_smoke_v0
mintou_p3,storage_allocation,no_der_candidates,ablation,1,0.106426,0.589410,0.331074,0.798937,0.743231,1.334695,synthetic_smoke_v0
mintou_p3,storage_allocation,no_der_candidates,ablation,2,0.102978,0.578352,0.336102,0.820526,0.733230,1.064725,synthetic_smoke_v0
mintou_p3,storage_allocation,no_der_candidates,ablation,3,0.097506,0.595044,0.334396,0.800618,0.737704,1.421614,synthetic_smoke_v0
mintou_p3,storage_allocation,no_der_candidates,ablation,4,0.104774,0.592843,0.327480,0.797990,0.751523,1.457854,synthetic_smoke_v0
mintou_p3,storage_allocation,no_der_candidates,ablation,5,0.105479,0.578161,0.334170,0.806009,0.734899,1.290806,synthetic_smoke_v0
mintou_p3,storage_allocation,low_scenario_count,ablation,1,0.101715,0.562677,0.343812,0.813413,0.715236,1.050179,synthetic_smoke_v0
mintou_p3,storage_allocation,low_scenario_count,ablation,2,0.098914,0.575243,0.346593,0.818147,0.722770,1.152943,synthetic_smoke_v0
mintou_p3,storage_allocation,low_scenario_count,ablation,3,0.099813,0.574008,0.341484,0.809989,0.721721,1.309358,synthetic_smoke_v0
mintou_p3,storage_allocation,low_scenario_count,ablation,4,0.107686,0.562168,0.353859,0.827133,0.707714,1.456006,synthetic_smoke_v0
mintou_p3,storage_allocation,low_scenario_count,ablation,5,0.099322,0.586624,0.353769,0.825554,0.722617,1.099098,synthetic_smoke_v0
mintou_p3,load_growth_expansion,CARS-MODE,proposed,1,0.066026,0.760591,0.262133,0.739265,0.958824,1.104795,synthetic_smoke_v0
mintou_p3,load_growth_expansion,CARS-MODE,proposed,2,0.066500,0.780605,0.252198,0.724480,0.964468,1.226204,synthetic_smoke_v0
mintou_p3,load_growth_expansion,CARS-MODE,proposed,3,0.063100,0.757925,0.267348,0.747672,0.950096,1.204868,synthetic_smoke_v0
mintou_p3,load_growth_expansion,CARS-MODE,proposed,4,0.072851,0.756447,0.267014,0.725329,0.949911,1.135252,synthetic_smoke_v0
mintou_p3,load_growth_expansion,CARS-MODE,proposed,5,0.063456,0.758071,0.266606,0.736142,0.942836,1.140060,synthetic_smoke_v0
mintou_p3,load_growth_expansion,Standard DE,baseline,1,0.098638,0.602492,0.344179,0.802080,0.741656,0.994400,synthetic_smoke_v0
mintou_p3,load_growth_expansion,Standard DE,baseline,2,0.097355,0.588204,0.334911,0.801322,0.743134,1.031685,synthetic_smoke_v0
mintou_p3,load_growth_expansion,Standard DE,baseline,3,0.096485,0.620330,0.324456,0.791806,0.776438,0.908382,synthetic_smoke_v0
mintou_p3,load_growth_expansion,Standard DE,baseline,4,0.090020,0.628217,0.334260,0.796744,0.775074,0.958442,synthetic_smoke_v0
mintou_p3,load_growth_expansion,Standard DE,baseline,5,0.100546,0.604315,0.340617,0.794896,0.759984,1.055452,synthetic_smoke_v0
mintou_p3,load_growth_expansion,NSGA-II,baseline,1,0.085049,0.686875,0.305166,0.778742,0.854698,1.551921,synthetic_smoke_v0
mintou_p3,load_growth_expansion,NSGA-II,baseline,2,0.081852,0.680754,0.301114,0.769970,0.853915,1.264359,synthetic_smoke_v0
mintou_p3,load_growth_expansion,NSGA-II,baseline,3,0.084538,0.697098,0.293784,0.774446,0.864112,1.221224,synthetic_smoke_v0
mintou_p3,load_growth_expansion,NSGA-II,baseline,4,0.088808,0.691923,0.285326,0.768787,0.856104,1.160843,synthetic_smoke_v0
mintou_p3,load_growth_expansion,NSGA-II,baseline,5,0.085542,0.659462,0.305244,0.769128,0.831641,1.562114,synthetic_smoke_v0
mintou_p3,load_growth_expansion,MOEA/D,baseline,1,0.093390,0.651023,0.316287,0.793915,0.812850,1.186689,synthetic_smoke_v0
mintou_p3,load_growth_expansion,MOEA/D,baseline,2,0.093947,0.641912,0.303437,0.777772,0.809487,1.208804,synthetic_smoke_v0
mintou_p3,load_growth_expansion,MOEA/D,baseline,3,0.081907,0.653293,0.305092,0.774898,0.826233,1.297496,synthetic_smoke_v0
mintou_p3,load_growth_expansion,MOEA/D,baseline,4,0.089886,0.642004,0.310723,0.788725,0.795848,1.109790,synthetic_smoke_v0
mintou_p3,load_growth_expansion,MOEA/D,baseline,5,0.088803,0.657025,0.314294,0.791777,0.814637,1.079957,synthetic_smoke_v0
mintou_p3,load_growth_expansion,PSO,baseline,1,0.095699,0.598973,0.339106,0.803635,0.740381,1.021449,synthetic_smoke_v0
mintou_p3,load_growth_expansion,PSO,baseline,2,0.099047,0.578698,0.336325,0.808079,0.734039,0.994192,synthetic_smoke_v0
mintou_p3,load_growth_expansion,PSO,baseline,3,0.104857,0.589316,0.342744,0.812941,0.731605,1.115035,synthetic_smoke_v0
mintou_p3,load_growth_expansion,PSO,baseline,4,0.096020,0.589422,0.341905,0.807412,0.740964,0.977305,synthetic_smoke_v0
mintou_p3,load_growth_expansion,PSO,baseline,5,0.099819,0.590242,0.333637,0.807715,0.749279,0.866336,synthetic_smoke_v0
mintou_p3,load_growth_expansion,GA,baseline,1,0.109012,0.571513,0.340161,0.822909,0.723319,0.978614,synthetic_smoke_v0
mintou_p3,load_growth_expansion,GA,baseline,2,0.106264,0.586003,0.347687,0.819578,0.727750,1.034448,synthetic_smoke_v0
mintou_p3,load_growth_expansion,GA,baseline,3,0.104873,0.582559,0.351039,0.813411,0.721529,0.854830,synthetic_smoke_v0
mintou_p3,load_growth_expansion,GA,baseline,4,0.104605,0.576298,0.352542,0.811425,0.719485,1.148963,synthetic_smoke_v0
mintou_p3,load_growth_expansion,GA,baseline,5,0.103249,0.575999,0.341356,0.807841,0.721895,1.091366,synthetic_smoke_v0
mintou_p3,load_growth_expansion,Weighted Sum,baseline,1,0.105088,0.549893,0.356012,0.836580,0.691512,0.430658,synthetic_smoke_v0
mintou_p3,load_growth_expansion,Weighted Sum,baseline,2,0.116819,0.545606,0.366306,0.821586,0.672798,0.481678,synthetic_smoke_v0
mintou_p3,load_growth_expansion,Weighted Sum,baseline,3,0.114712,0.528928,0.374606,0.831370,0.665672,0.563903,synthetic_smoke_v0
mintou_p3,load_growth_expansion,Weighted Sum,baseline,4,0.115927,0.544145,0.358909,0.820295,0.683131,0.486447,synthetic_smoke_v0
mintou_p3,load_growth_expansion,Weighted Sum,baseline,5,0.109482,0.572538,0.358026,0.809721,0.704259,0.481646,synthetic_smoke_v0
mintou_p3,load_growth_expansion,fixed_parameters,ablation,1,0.072365,0.739693,0.272090,0.736526,0.916788,1.105438,synthetic_smoke_v0
mintou_p3,load_growth_expansion,fixed_parameters,ablation,2,0.068884,0.719119,0.278759,0.749205,0.910661,0.869276,synthetic_smoke_v0
mintou_p3,load_growth_expansion,fixed_parameters,ablation,3,0.070480,0.739918,0.269895,0.746557,0.917088,1.108107,synthetic_smoke_v0
mintou_p3,load_growth_expansion,fixed_parameters,ablation,4,0.075774,0.721076,0.276039,0.768832,0.891562,1.003121,synthetic_smoke_v0
mintou_p3,load_growth_expansion,fixed_parameters,ablation,5,0.079025,0.709906,0.288642,0.754610,0.896935,1.003765,synthetic_smoke_v0
mintou_p3,load_growth_expansion,no_strategy_adaptation,ablation,1,0.073894,0.709368,0.271804,0.755138,0.893841,1.156018,synthetic_smoke_v0
mintou_p3,load_growth_expansion,no_strategy_adaptation,ablation,2,0.081439,0.710239,0.279888,0.750060,0.899432,1.137642,synthetic_smoke_v0
mintou_p3,load_growth_expansion,no_strategy_adaptation,ablation,3,0.069635,0.720068,0.271096,0.745490,0.906520,1.026648,synthetic_smoke_v0
mintou_p3,load_growth_expansion,no_strategy_adaptation,ablation,4,0.084789,0.691362,0.290176,0.771453,0.870551,0.907440,synthetic_smoke_v0
mintou_p3,load_growth_expansion,no_strategy_adaptation,ablation,5,0.077492,0.714485,0.294350,0.761581,0.881747,1.132239,synthetic_smoke_v0
mintou_p3,load_growth_expansion,no_constraint_repair,ablation,1,0.080512,0.689650,0.291500,0.759845,0.850249,1.003396,synthetic_smoke_v0
mintou_p3,load_growth_expansion,no_constraint_repair,ablation,2,0.076869,0.684385,0.289578,0.776159,0.861320,1.194948,synthetic_smoke_v0
mintou_p3,load_growth_expansion,no_constraint_repair,ablation,3,0.083618,0.707625,0.286789,0.758199,0.885592,1.016048,synthetic_smoke_v0
mintou_p3,load_growth_expansion,no_constraint_repair,ablation,4,0.076829,0.710582,0.278527,0.760506,0.881114,1.248287,synthetic_smoke_v0
mintou_p3,load_growth_expansion,no_constraint_repair,ablation,5,0.080550,0.700205,0.292791,0.769165,0.879626,1.062713,synthetic_smoke_v0
mintou_p3,load_growth_expansion,no_diversity_preservation,ablation,1,0.078964,0.684901,0.280610,0.753578,0.867009,1.121190,synthetic_smoke_v0
mintou_p3,load_growth_expansion,no_diversity_preservation,ablation,2,0.090303,0.677480,0.294775,0.765991,0.835177,0.970997,synthetic_smoke_v0
mintou_p3,load_growth_expansion,no_diversity_preservation,ablation,3,0.081549,0.678645,0.295164,0.774550,0.853018,0.995315,synthetic_smoke_v0
mintou_p3,load_growth_expansion,no_diversity_preservation,ablation,4,0.084030,0.684178,0.286555,0.769170,0.864555,1.219445,synthetic_smoke_v0
mintou_p3,load_growth_expansion,no_diversity_preservation,ablation,5,0.090907,0.663285,0.308979,0.781091,0.831827,1.098461,synthetic_smoke_v0
mintou_p3,load_growth_expansion,weighted_sum_only,ablation,1,0.091817,0.642476,0.312073,0.794468,0.814594,1.131435,synthetic_smoke_v0
mintou_p3,load_growth_expansion,weighted_sum_only,ablation,2,0.092601,0.645398,0.300362,0.773552,0.818065,1.208307,synthetic_smoke_v0
mintou_p3,load_growth_expansion,weighted_sum_only,ablation,3,0.083951,0.664635,0.304998,0.782290,0.828394,0.955296,synthetic_smoke_v0
mintou_p3,load_growth_expansion,weighted_sum_only,ablation,4,0.084502,0.662357,0.308912,0.782883,0.819259,1.224067,synthetic_smoke_v0
mintou_p3,load_growth_expansion,weighted_sum_only,ablation,5,0.095065,0.656885,0.321480,0.788550,0.811382,1.245253,synthetic_smoke_v0
mintou_p3,load_growth_expansion,no_storage_candidates,ablation,1,0.090635,0.627091,0.322784,0.780590,0.790992,1.004579,synthetic_smoke_v0
mintou_p3,load_growth_expansion,no_storage_candidates,ablation,2,0.086290,0.638341,0.308811,0.783675,0.798632,0.978770,synthetic_smoke_v0
mintou_p3,load_growth_expansion,no_storage_candidates,ablation,3,0.091773,0.648222,0.305701,0.777419,0.813341,1.211371,synthetic_smoke_v0
mintou_p3,load_growth_expansion,no_storage_candidates,ablation,4,0.089283,0.630942,0.311438,0.799109,0.797942,1.291198,synthetic_smoke_v0
mintou_p3,load_growth_expansion,no_storage_candidates,ablation,5,0.086339,0.644586,0.304720,0.791698,0.813803,1.198414,synthetic_smoke_v0
mintou_p3,load_growth_expansion,no_der_candidates,ablation,1,0.093217,0.624152,0.318982,0.780666,0.787975,1.258831,synthetic_smoke_v0
mintou_p3,load_growth_expansion,no_der_candidates,ablation,2,0.090335,0.638467,0.326499,0.782347,0.791710,0.982290,synthetic_smoke_v0
mintou_p3,load_growth_expansion,no_der_candidates,ablation,3,0.087480,0.627336,0.309180,0.801803,0.794192,1.024713,synthetic_smoke_v0
mintou_p3,load_growth_expansion,no_der_candidates,ablation,4,0.098681,0.635787,0.330147,0.787071,0.785911,0.989158,synthetic_smoke_v0
mintou_p3,load_growth_expansion,no_der_candidates,ablation,5,0.100467,0.628900,0.332418,0.805435,0.778246,1.104868,synthetic_smoke_v0
mintou_p3,load_growth_expansion,low_scenario_count,ablation,1,0.102543,0.617567,0.332458,0.789499,0.769574,1.159680,synthetic_smoke_v0
mintou_p3,load_growth_expansion,low_scenario_count,ablation,2,0.101399,0.612413,0.333709,0.788033,0.775186,1.195779,synthetic_smoke_v0
mintou_p3,load_growth_expansion,low_scenario_count,ablation,3,0.091915,0.616145,0.323944,0.795455,0.776526,1.338407,synthetic_smoke_v0
mintou_p3,load_growth_expansion,low_scenario_count,ablation,4,0.093260,0.623092,0.314781,0.791066,0.778118,1.236992,synthetic_smoke_v0
mintou_p3,load_growth_expansion,low_scenario_count,ablation,5,0.090144,0.630849,0.323642,0.792045,0.789467,1.104562,synthetic_smoke_v0
mintou_p3,pareto_quality,CARS-MODE,proposed,1,0.064839,0.772832,0.259915,0.739528,0.959487,1.068201,synthetic_smoke_v0
mintou_p3,pareto_quality,CARS-MODE,proposed,2,0.070081,0.749915,0.253096,0.746078,0.947483,1.154158,synthetic_smoke_v0
mintou_p3,pareto_quality,CARS-MODE,proposed,3,0.070569,0.736925,0.262145,0.755561,0.928961,1.336846,synthetic_smoke_v0
mintou_p3,pareto_quality,CARS-MODE,proposed,4,0.070109,0.771324,0.260922,0.724911,0.965110,1.167340,synthetic_smoke_v0
mintou_p3,pareto_quality,CARS-MODE,proposed,5,0.076616,0.738788,0.272782,0.755398,0.929828,1.100658,synthetic_smoke_v0
mintou_p3,pareto_quality,Standard DE,baseline,1,0.097803,0.610665,0.331689,0.803599,0.755984,1.032075,synthetic_smoke_v0
mintou_p3,pareto_quality,Standard DE,baseline,2,0.103920,0.608093,0.331184,0.804359,0.757038,1.212759,synthetic_smoke_v0
mintou_p3,pareto_quality,Standard DE,baseline,3,0.095412,0.604779,0.331773,0.813952,0.749977,1.149488,synthetic_smoke_v0
mintou_p3,pareto_quality,Standard DE,baseline,4,0.102415,0.596322,0.341081,0.806313,0.747076,1.245926,synthetic_smoke_v0
mintou_p3,pareto_quality,Standard DE,baseline,5,0.099577,0.604494,0.328992,0.795268,0.748267,1.129244,synthetic_smoke_v0
mintou_p3,pareto_quality,NSGA-II,baseline,1,0.087367,0.674650,0.300477,0.765502,0.835787,1.397886,synthetic_smoke_v0
mintou_p3,pareto_quality,NSGA-II,baseline,2,0.081058,0.668214,0.300737,0.778736,0.836529,1.397673,synthetic_smoke_v0
mintou_p3,pareto_quality,NSGA-II,baseline,3,0.087954,0.660563,0.304148,0.784121,0.836749,1.394728,synthetic_smoke_v0
mintou_p3,pareto_quality,NSGA-II,baseline,4,0.085625,0.672542,0.304094,0.771645,0.846182,1.620527,synthetic_smoke_v0
mintou_p3,pareto_quality,NSGA-II,baseline,5,0.083423,0.664812,0.309685,0.781676,0.835817,1.310068,synthetic_smoke_v0
mintou_p3,pareto_quality,MOEA/D,baseline,1,0.095160,0.649646,0.312497,0.786183,0.813001,1.211220,synthetic_smoke_v0
mintou_p3,pareto_quality,MOEA/D,baseline,2,0.088534,0.643802,0.306871,0.778862,0.805536,1.189887,synthetic_smoke_v0
mintou_p3,pareto_quality,MOEA/D,baseline,3,0.087176,0.658957,0.299364,0.788502,0.825486,1.271001,synthetic_smoke_v0
mintou_p3,pareto_quality,MOEA/D,baseline,4,0.095352,0.639320,0.309213,0.790259,0.810893,1.094078,synthetic_smoke_v0
mintou_p3,pareto_quality,MOEA/D,baseline,5,0.095470,0.646341,0.312005,0.790107,0.815046,1.328531,synthetic_smoke_v0
mintou_p3,pareto_quality,PSO,baseline,1,0.099433,0.595131,0.322929,0.791285,0.756056,0.842506,synthetic_smoke_v0
mintou_p3,pareto_quality,PSO,baseline,2,0.107393,0.579564,0.339303,0.816433,0.734570,0.959368,synthetic_smoke_v0
mintou_p3,pareto_quality,PSO,baseline,3,0.098627,0.607097,0.325875,0.795612,0.748486,0.867645,synthetic_smoke_v0
mintou_p3,pareto_quality,PSO,baseline,4,0.101073,0.587212,0.336582,0.810376,0.738476,0.889711,synthetic_smoke_v0
mintou_p3,pareto_quality,PSO,baseline,5,0.103576,0.599292,0.343946,0.807328,0.741887,0.927496,synthetic_smoke_v0
mintou_p3,pareto_quality,GA,baseline,1,0.100569,0.583514,0.332554,0.821964,0.731066,0.936436,synthetic_smoke_v0
mintou_p3,pareto_quality,GA,baseline,2,0.104623,0.571635,0.339815,0.822607,0.721993,0.902478,synthetic_smoke_v0
mintou_p3,pareto_quality,GA,baseline,3,0.100309,0.579772,0.345342,0.820910,0.730994,0.980565,synthetic_smoke_v0
mintou_p3,pareto_quality,GA,baseline,4,0.105185,0.565429,0.346135,0.813702,0.713296,1.185683,synthetic_smoke_v0
mintou_p3,pareto_quality,GA,baseline,5,0.103943,0.566677,0.346043,0.827451,0.718883,1.071897,synthetic_smoke_v0
mintou_p3,pareto_quality,Weighted Sum,baseline,1,0.110110,0.539630,0.366623,0.825458,0.686222,0.526502,synthetic_smoke_v0
mintou_p3,pareto_quality,Weighted Sum,baseline,2,0.115154,0.540588,0.362094,0.829799,0.668783,0.497342,synthetic_smoke_v0
mintou_p3,pareto_quality,Weighted Sum,baseline,3,0.117771,0.526897,0.367355,0.825257,0.666829,0.562150,synthetic_smoke_v0
mintou_p3,pareto_quality,Weighted Sum,baseline,4,0.113018,0.557334,0.352545,0.837348,0.687104,0.579341,synthetic_smoke_v0
mintou_p3,pareto_quality,Weighted Sum,baseline,5,0.109600,0.560288,0.367061,0.831594,0.690549,0.546438,synthetic_smoke_v0
mintou_p3,pareto_quality,fixed_parameters,ablation,1,0.069752,0.732984,0.277890,0.740420,0.916269,0.961778,synthetic_smoke_v0
mintou_p3,pareto_quality,fixed_parameters,ablation,2,0.077370,0.715809,0.271704,0.744417,0.894586,1.118348,synthetic_smoke_v0
mintou_p3,pareto_quality,fixed_parameters,ablation,3,0.077759,0.731108,0.278926,0.758109,0.902781,1.128287,synthetic_smoke_v0
mintou_p3,pareto_quality,fixed_parameters,ablation,4,0.076125,0.714142,0.271635,0.763790,0.902651,0.986224,synthetic_smoke_v0
mintou_p3,pareto_quality,fixed_parameters,ablation,5,0.078583,0.720556,0.286506,0.759533,0.893533,1.044496,synthetic_smoke_v0
mintou_p3,pareto_quality,no_strategy_adaptation,ablation,1,0.073212,0.709016,0.293043,0.755572,0.886156,0.942622,synthetic_smoke_v0
mintou_p3,pareto_quality,no_strategy_adaptation,ablation,2,0.078730,0.725128,0.280134,0.758571,0.903073,1.005863,synthetic_smoke_v0
mintou_p3,pareto_quality,no_strategy_adaptation,ablation,3,0.073809,0.711707,0.289911,0.756547,0.894128,0.980641,synthetic_smoke_v0
mintou_p3,pareto_quality,no_strategy_adaptation,ablation,4,0.074226,0.719757,0.273599,0.760747,0.903871,1.221930,synthetic_smoke_v0
mintou_p3,pareto_quality,no_strategy_adaptation,ablation,5,0.082876,0.689391,0.292637,0.756524,0.869550,1.102857,synthetic_smoke_v0
mintou_p3,pareto_quality,no_constraint_repair,ablation,1,0.081114,0.694145,0.285085,0.758700,0.871590,0.874960,synthetic_smoke_v0
mintou_p3,pareto_quality,no_constraint_repair,ablation,2,0.077999,0.693979,0.295721,0.762045,0.861113,1.004827,synthetic_smoke_v0
mintou_p3,pareto_quality,no_constraint_repair,ablation,3,0.084110,0.699600,0.300472,0.777138,0.863222,0.992300,synthetic_smoke_v0
mintou_p3,pareto_quality,no_constraint_repair,ablation,4,0.084741,0.692572,0.302893,0.770507,0.859605,1.164458,synthetic_smoke_v0
mintou_p3,pareto_quality,no_constraint_repair,ablation,5,0.080512,0.702462,0.290694,0.754777,0.869330,1.123436,synthetic_smoke_v0
mintou_p3,pareto_quality,no_diversity_preservation,ablation,1,0.088399,0.683202,0.290762,0.763344,0.847610,0.994909,synthetic_smoke_v0
mintou_p3,pareto_quality,no_diversity_preservation,ablation,2,0.084936,0.663007,0.312709,0.768066,0.830913,1.207097,synthetic_smoke_v0
mintou_p3,pareto_quality,no_diversity_preservation,ablation,3,0.089162,0.657362,0.306623,0.777588,0.833166,1.215325,synthetic_smoke_v0
mintou_p3,pareto_quality,no_diversity_preservation,ablation,4,0.084676,0.701896,0.289085,0.768107,0.865515,1.165210,synthetic_smoke_v0
mintou_p3,pareto_quality,no_diversity_preservation,ablation,5,0.080771,0.692045,0.294058,0.777628,0.865568,1.257783,synthetic_smoke_v0
mintou_p3,pareto_quality,weighted_sum_only,ablation,1,0.081002,0.665074,0.309159,0.777712,0.842865,1.090109,synthetic_smoke_v0
mintou_p3,pareto_quality,weighted_sum_only,ablation,2,0.092042,0.655424,0.314458,0.778240,0.818939,1.155269,synthetic_smoke_v0
mintou_p3,pareto_quality,weighted_sum_only,ablation,3,0.092787,0.649158,0.305514,0.790194,0.811761,0.934269,synthetic_smoke_v0
mintou_p3,pareto_quality,weighted_sum_only,ablation,4,0.091878,0.657693,0.302422,0.788476,0.814460,1.305847,synthetic_smoke_v0
mintou_p3,pareto_quality,weighted_sum_only,ablation,5,0.088810,0.652954,0.306452,0.775659,0.814356,1.295278,synthetic_smoke_v0
mintou_p3,pareto_quality,no_storage_candidates,ablation,1,0.090091,0.639136,0.307058,0.775749,0.801136,1.255065,synthetic_smoke_v0
mintou_p3,pareto_quality,no_storage_candidates,ablation,2,0.092141,0.653752,0.308360,0.769315,0.823628,1.145848,synthetic_smoke_v0
mintou_p3,pareto_quality,no_storage_candidates,ablation,3,0.095869,0.633617,0.323782,0.787029,0.799272,1.269362,synthetic_smoke_v0
mintou_p3,pareto_quality,no_storage_candidates,ablation,4,0.090970,0.638679,0.318200,0.789930,0.798463,1.131747,synthetic_smoke_v0
mintou_p3,pareto_quality,no_storage_candidates,ablation,5,0.088439,0.646295,0.326653,0.781743,0.797715,1.213209,synthetic_smoke_v0
mintou_p3,pareto_quality,no_der_candidates,ablation,1,0.096028,0.640888,0.310263,0.785605,0.798316,1.246565,synthetic_smoke_v0
mintou_p3,pareto_quality,no_der_candidates,ablation,2,0.099875,0.627216,0.320135,0.784454,0.781328,1.190123,synthetic_smoke_v0
mintou_p3,pareto_quality,no_der_candidates,ablation,3,0.096318,0.624198,0.314040,0.785514,0.779919,1.220825,synthetic_smoke_v0
mintou_p3,pareto_quality,no_der_candidates,ablation,4,0.098810,0.631493,0.322344,0.795914,0.784344,1.141892,synthetic_smoke_v0
mintou_p3,pareto_quality,no_der_candidates,ablation,5,0.099097,0.628612,0.318772,0.791505,0.790980,1.148790,synthetic_smoke_v0
mintou_p3,pareto_quality,low_scenario_count,ablation,1,0.101522,0.609613,0.317239,0.801859,0.770699,1.347740,synthetic_smoke_v0
mintou_p3,pareto_quality,low_scenario_count,ablation,2,0.092880,0.624654,0.333134,0.794435,0.777642,1.240865,synthetic_smoke_v0
mintou_p3,pareto_quality,low_scenario_count,ablation,3,0.103091,0.611038,0.336027,0.800034,0.765806,1.079107,synthetic_smoke_v0
mintou_p3,pareto_quality,low_scenario_count,ablation,4,0.097683,0.624502,0.322112,0.788750,0.781607,1.149756,synthetic_smoke_v0
mintou_p3,pareto_quality,low_scenario_count,ablation,5,0.098070,0.599915,0.343156,0.810690,0.752701,1.389301,synthetic_smoke_v0
mintou_p3,constraint_repair,CARS-MODE,proposed,1,0.087055,0.681025,0.297392,0.763752,0.854683,1.368288,synthetic_smoke_v0
mintou_p3,constraint_repair,CARS-MODE,proposed,2,0.081548,0.671303,0.307735,0.763926,0.847940,1.194354,synthetic_smoke_v0
mintou_p3,constraint_repair,CARS-MODE,proposed,3,0.082050,0.683765,0.295577,0.776750,0.849763,1.090985,synthetic_smoke_v0
mintou_p3,constraint_repair,CARS-MODE,proposed,4,0.079778,0.681545,0.290268,0.761524,0.863434,1.470391,synthetic_smoke_v0
mintou_p3,constraint_repair,CARS-MODE,proposed,5,0.078863,0.689312,0.301197,0.767342,0.862700,1.401343,synthetic_smoke_v0
mintou_p3,constraint_repair,Standard DE,baseline,1,0.110949,0.554543,0.358605,0.815099,0.699205,0.949834,synthetic_smoke_v0
mintou_p3,constraint_repair,Standard DE,baseline,2,0.107299,0.550267,0.347823,0.817721,0.700103,1.207623,synthetic_smoke_v0
mintou_p3,constraint_repair,Standard DE,baseline,3,0.117732,0.529529,0.357157,0.839634,0.670977,1.009737,synthetic_smoke_v0
mintou_p3,constraint_repair,Standard DE,baseline,4,0.106904,0.547659,0.354055,0.840049,0.679295,1.043938,synthetic_smoke_v0
mintou_p3,constraint_repair,Standard DE,baseline,5,0.113253,0.569945,0.358979,0.827643,0.702474,1.376096,synthetic_smoke_v0
mintou_p3,constraint_repair,NSGA-II,baseline,1,0.099225,0.615220,0.334395,0.796499,0.765885,1.574666,synthetic_smoke_v0
mintou_p3,constraint_repair,NSGA-II,baseline,2,0.091448,0.621170,0.327723,0.804235,0.779897,1.564752,synthetic_smoke_v0
mintou_p3,constraint_repair,NSGA-II,baseline,3,0.089096,0.621686,0.322273,0.783468,0.782264,1.632928,synthetic_smoke_v0
mintou_p3,constraint_repair,NSGA-II,baseline,4,0.097747,0.602534,0.332498,0.810169,0.747648,1.569271,synthetic_smoke_v0
mintou_p3,constraint_repair,NSGA-II,baseline,5,0.098029,0.597129,0.332297,0.794387,0.755965,1.658575,synthetic_smoke_v0
mintou_p3,constraint_repair,MOEA/D,baseline,1,0.101381,0.576448,0.338027,0.817355,0.724471,1.161524,synthetic_smoke_v0
mintou_p3,constraint_repair,MOEA/D,baseline,2,0.096018,0.589502,0.343164,0.818178,0.745682,1.116157,synthetic_smoke_v0
mintou_p3,constraint_repair,MOEA/D,baseline,3,0.104788,0.589173,0.350173,0.814008,0.727597,1.440650,synthetic_smoke_v0
mintou_p3,constraint_repair,MOEA/D,baseline,4,0.099907,0.579824,0.346456,0.805209,0.733533,1.548415,synthetic_smoke_v0
mintou_p3,constraint_repair,MOEA/D,baseline,5,0.108598,0.585136,0.350838,0.809486,0.732958,1.556535,synthetic_smoke_v0
mintou_p3,constraint_repair,PSO,baseline,1,0.106837,0.528532,0.367426,0.824259,0.669968,1.158520,synthetic_smoke_v0
mintou_p3,constraint_repair,PSO,baseline,2,0.112518,0.558476,0.348866,0.821596,0.688879,0.936055,synthetic_smoke_v0
mintou_p3,constraint_repair,PSO,baseline,3,0.109495,0.540701,0.357368,0.841745,0.675333,0.985269,synthetic_smoke_v0
mintou_p3,constraint_repair,PSO,baseline,4,0.105980,0.554057,0.367074,0.814143,0.688505,1.072560,synthetic_smoke_v0
mintou_p3,constraint_repair,PSO,baseline,5,0.109610,0.563694,0.350640,0.812433,0.693636,0.919836,synthetic_smoke_v0
mintou_p3,constraint_repair,GA,baseline,1,0.114304,0.518663,0.365637,0.833522,0.649537,1.069545,synthetic_smoke_v0
mintou_p3,constraint_repair,GA,baseline,2,0.121168,0.521827,0.372863,0.833950,0.640937,0.955083,synthetic_smoke_v0
mintou_p3,constraint_repair,GA,baseline,3,0.108371,0.537985,0.357667,0.822773,0.667724,1.159023,synthetic_smoke_v0
mintou_p3,constraint_repair,GA,baseline,4,0.112964,0.526911,0.377134,0.844625,0.646344,1.116873,synthetic_smoke_v0
mintou_p3,constraint_repair,GA,baseline,5,0.109653,0.523993,0.360818,0.828799,0.658417,1.211178,synthetic_smoke_v0
mintou_p3,constraint_repair,Weighted Sum,baseline,1,0.121092,0.505743,0.373125,0.846971,0.629523,0.488979,synthetic_smoke_v0
mintou_p3,constraint_repair,Weighted Sum,baseline,2,0.123161,0.482330,0.386456,0.845756,0.610691,0.603154,synthetic_smoke_v0
mintou_p3,constraint_repair,Weighted Sum,baseline,3,0.122247,0.508392,0.380226,0.848719,0.627096,0.554837,synthetic_smoke_v0
mintou_p3,constraint_repair,Weighted Sum,baseline,4,0.125722,0.482555,0.399632,0.864190,0.602548,0.553193,synthetic_smoke_v0
mintou_p3,constraint_repair,Weighted Sum,baseline,5,0.116616,0.492614,0.383807,0.854053,0.609793,0.500002,synthetic_smoke_v0
mintou_p3,constraint_repair,fixed_parameters,ablation,1,0.081985,0.660156,0.298333,0.783428,0.826348,1.029925,synthetic_smoke_v0
mintou_p3,constraint_repair,fixed_parameters,ablation,2,0.088620,0.648334,0.311776,0.784104,0.803338,0.942550,synthetic_smoke_v0
mintou_p3,constraint_repair,fixed_parameters,ablation,3,0.087545,0.664745,0.298354,0.766095,0.832484,1.166067,synthetic_smoke_v0
mintou_p3,constraint_repair,fixed_parameters,ablation,4,0.086954,0.635940,0.305455,0.797567,0.802400,1.190438,synthetic_smoke_v0
mintou_p3,constraint_repair,fixed_parameters,ablation,5,0.093733,0.665911,0.305135,0.788706,0.821391,1.270250,synthetic_smoke_v0
mintou_p3,constraint_repair,no_strategy_adaptation,ablation,1,0.094933,0.645139,0.310706,0.780198,0.799362,1.221725,synthetic_smoke_v0
mintou_p3,constraint_repair,no_strategy_adaptation,ablation,2,0.092132,0.635988,0.313025,0.785325,0.793768,1.064511,synthetic_smoke_v0
mintou_p3,constraint_repair,no_strategy_adaptation,ablation,3,0.089261,0.636734,0.313512,0.799067,0.801168,1.091023,synthetic_smoke_v0
mintou_p3,constraint_repair,no_strategy_adaptation,ablation,4,0.094988,0.655323,0.313918,0.794700,0.809189,1.069963,synthetic_smoke_v0
mintou_p3,constraint_repair,no_strategy_adaptation,ablation,5,0.091480,0.644418,0.314085,0.777779,0.795232,1.236396,synthetic_smoke_v0
mintou_p3,constraint_repair,no_constraint_repair,ablation,1,0.092895,0.626241,0.313613,0.790711,0.792253,1.231229,synthetic_smoke_v0
mintou_p3,constraint_repair,no_constraint_repair,ablation,2,0.090396,0.616961,0.331578,0.801277,0.773555,1.229681,synthetic_smoke_v0
mintou_p3,constraint_repair,no_constraint_repair,ablation,3,0.099918,0.623718,0.324334,0.803841,0.787425,1.150928,synthetic_smoke_v0
mintou_p3,constraint_repair,no_constraint_repair,ablation,4,0.100273,0.631246,0.316133,0.786775,0.780276,1.145785,synthetic_smoke_v0
mintou_p3,constraint_repair,no_constraint_repair,ablation,5,0.098310,0.616590,0.330938,0.808646,0.770627,1.142225,synthetic_smoke_v0
mintou_p3,constraint_repair,no_diversity_preservation,ablation,1,0.093023,0.615503,0.323825,0.801356,0.776171,1.216572,synthetic_smoke_v0
mintou_p3,constraint_repair,no_diversity_preservation,ablation,2,0.093088,0.616360,0.318905,0.796168,0.772016,1.267089,synthetic_smoke_v0
mintou_p3,constraint_repair,no_diversity_preservation,ablation,3,0.093850,0.605479,0.339689,0.799903,0.762067,1.104141,synthetic_smoke_v0
mintou_p3,constraint_repair,no_diversity_preservation,ablation,4,0.093812,0.611590,0.337253,0.813818,0.758296,1.366109,synthetic_smoke_v0
mintou_p3,constraint_repair,no_diversity_preservation,ablation,5,0.092806,0.629009,0.329436,0.784406,0.778168,1.357273,synthetic_smoke_v0
mintou_p3,constraint_repair,weighted_sum_only,ablation,1,0.101588,0.593029,0.339107,0.812989,0.740758,1.298100,synthetic_smoke_v0
mintou_p3,constraint_repair,weighted_sum_only,ablation,2,0.095648,0.606810,0.325795,0.796468,0.761030,1.115872,synthetic_smoke_v0
mintou_p3,constraint_repair,weighted_sum_only,ablation,3,0.094526,0.599700,0.326121,0.814605,0.755862,1.181861,synthetic_smoke_v0
mintou_p3,constraint_repair,weighted_sum_only,ablation,4,0.102078,0.581488,0.333141,0.802687,0.734495,1.231077,synthetic_smoke_v0
mintou_p3,constraint_repair,weighted_sum_only,ablation,5,0.103529,0.601329,0.339884,0.805577,0.743127,1.340093,synthetic_smoke_v0
mintou_p3,constraint_repair,no_storage_candidates,ablation,1,0.102263,0.592003,0.347637,0.810710,0.740430,1.368914,synthetic_smoke_v0
mintou_p3,constraint_repair,no_storage_candidates,ablation,2,0.101515,0.580400,0.339627,0.816408,0.731569,1.277354,synthetic_smoke_v0
mintou_p3,constraint_repair,no_storage_candidates,ablation,3,0.102441,0.586130,0.334226,0.817272,0.738725,1.068850,synthetic_smoke_v0
mintou_p3,constraint_repair,no_storage_candidates,ablation,4,0.100761,0.582248,0.353224,0.816547,0.722915,1.181717,synthetic_smoke_v0
mintou_p3,constraint_repair,no_storage_candidates,ablation,5,0.102714,0.578892,0.352924,0.822203,0.712887,1.302553,synthetic_smoke_v0
mintou_p3,constraint_repair,no_der_candidates,ablation,1,0.103806,0.571910,0.357391,0.832801,0.702901,1.230707,synthetic_smoke_v0
mintou_p3,constraint_repair,no_der_candidates,ablation,2,0.105190,0.580088,0.347644,0.808911,0.728777,1.178662,synthetic_smoke_v0
mintou_p3,constraint_repair,no_der_candidates,ablation,3,0.106111,0.564139,0.352416,0.805244,0.715205,1.129368,synthetic_smoke_v0
mintou_p3,constraint_repair,no_der_candidates,ablation,4,0.104134,0.571390,0.346917,0.810289,0.710398,1.126335,synthetic_smoke_v0
mintou_p3,constraint_repair,no_der_candidates,ablation,5,0.107836,0.562316,0.361866,0.813135,0.701472,1.468601,synthetic_smoke_v0
mintou_p3,constraint_repair,low_scenario_count,ablation,1,0.109943,0.564014,0.355121,0.820749,0.708140,1.376010,synthetic_smoke_v0
mintou_p3,constraint_repair,low_scenario_count,ablation,2,0.103946,0.560134,0.346015,0.813513,0.700965,1.410725,synthetic_smoke_v0
mintou_p3,constraint_repair,low_scenario_count,ablation,3,0.102209,0.579278,0.349454,0.829390,0.711931,1.312726,synthetic_smoke_v0
mintou_p3,constraint_repair,low_scenario_count,ablation,4,0.107604,0.562123,0.355290,0.826410,0.699110,1.281333,synthetic_smoke_v0
mintou_p3,constraint_repair,low_scenario_count,ablation,5,0.111101,0.566208,0.362919,0.815132,0.702226,1.309633,synthetic_smoke_v0
mintou_p3,runtime_scalability,CARS-MODE,proposed,1,0.067059,0.743208,0.265074,0.737798,0.926986,1.017226,synthetic_smoke_v0
mintou_p3,runtime_scalability,CARS-MODE,proposed,2,0.065990,0.746172,0.260670,0.735906,0.943975,1.178889,synthetic_smoke_v0
mintou_p3,runtime_scalability,CARS-MODE,proposed,3,0.063104,0.768122,0.261917,0.721447,0.961356,1.122793,synthetic_smoke_v0
mintou_p3,runtime_scalability,CARS-MODE,proposed,4,0.066100,0.759332,0.256690,0.734915,0.951985,1.130867,synthetic_smoke_v0
mintou_p3,runtime_scalability,CARS-MODE,proposed,5,0.069477,0.766936,0.256445,0.732824,0.958681,1.100141,synthetic_smoke_v0
mintou_p3,runtime_scalability,Standard DE,baseline,1,0.094486,0.600243,0.332475,0.809455,0.757934,1.174094,synthetic_smoke_v0
mintou_p3,runtime_scalability,Standard DE,baseline,2,0.099956,0.622900,0.332424,0.802775,0.775308,1.217566,synthetic_smoke_v0
mintou_p3,runtime_scalability,Standard DE,baseline,3,0.092574,0.603326,0.330118,0.796900,0.765248,1.086547,synthetic_smoke_v0
mintou_p3,runtime_scalability,Standard DE,baseline,4,0.097388,0.617439,0.318917,0.793034,0.769199,1.214410,synthetic_smoke_v0
mintou_p3,runtime_scalability,Standard DE,baseline,5,0.098696,0.591769,0.336336,0.815248,0.741627,1.139138,synthetic_smoke_v0
mintou_p3,runtime_scalability,NSGA-II,baseline,1,0.082980,0.673891,0.304330,0.773988,0.832151,1.181474,synthetic_smoke_v0
mintou_p3,runtime_scalability,NSGA-II,baseline,2,0.085822,0.659473,0.313836,0.774094,0.831727,1.358357,synthetic_smoke_v0
mintou_p3,runtime_scalability,NSGA-II,baseline,3,0.083015,0.662316,0.308923,0.778019,0.840163,1.301352,synthetic_smoke_v0
mintou_p3,runtime_scalability,NSGA-II,baseline,4,0.085531,0.693500,0.298295,0.760457,0.858056,1.540267,synthetic_smoke_v0
mintou_p3,runtime_scalability,NSGA-II,baseline,5,0.085210,0.698697,0.299036,0.764725,0.863879,1.260129,synthetic_smoke_v0
mintou_p3,runtime_scalability,MOEA/D,baseline,1,0.088954,0.638293,0.309477,0.788452,0.796523,1.299581,synthetic_smoke_v0
mintou_p3,runtime_scalability,MOEA/D,baseline,2,0.092769,0.660900,0.307201,0.775755,0.830127,1.286757,synthetic_smoke_v0
mintou_p3,runtime_scalability,MOEA/D,baseline,3,0.085283,0.648358,0.304770,0.780200,0.810650,1.126884,synthetic_smoke_v0
mintou_p3,runtime_scalability,MOEA/D,baseline,4,0.095658,0.643977,0.318668,0.785390,0.806909,1.266008,synthetic_smoke_v0
mintou_p3,runtime_scalability,MOEA/D,baseline,5,0.094542,0.652933,0.307586,0.785210,0.804012,1.299092,synthetic_smoke_v0
mintou_p3,runtime_scalability,PSO,baseline,1,0.095458,0.604418,0.321533,0.797704,0.763607,0.830816,synthetic_smoke_v0
mintou_p3,runtime_scalability,PSO,baseline,2,0.097962,0.589934,0.326504,0.813910,0.747948,0.822197,synthetic_smoke_v0
mintou_p3,runtime_scalability,PSO,baseline,3,0.105268,0.591690,0.334988,0.815292,0.736097,0.981985,synthetic_smoke_v0
mintou_p3,runtime_scalability,PSO,baseline,4,0.097315,0.593780,0.335277,0.800660,0.747153,1.069164,synthetic_smoke_v0
mintou_p3,runtime_scalability,PSO,baseline,5,0.106631,0.584106,0.345481,0.815927,0.735939,1.069743,synthetic_smoke_v0
mintou_p3,runtime_scalability,GA,baseline,1,0.101079,0.591736,0.336291,0.802977,0.747404,0.951457,synthetic_smoke_v0
mintou_p3,runtime_scalability,GA,baseline,2,0.102697,0.599083,0.340407,0.816006,0.747667,0.944741,synthetic_smoke_v0
mintou_p3,runtime_scalability,GA,baseline,3,0.110409,0.565298,0.350897,0.813744,0.712350,1.011147,synthetic_smoke_v0
mintou_p3,runtime_scalability,GA,baseline,4,0.104470,0.584222,0.338579,0.798854,0.735122,1.062966,synthetic_smoke_v0
mintou_p3,runtime_scalability,GA,baseline,5,0.099265,0.588975,0.332574,0.798694,0.737773,1.006252,synthetic_smoke_v0
mintou_p3,runtime_scalability,Weighted Sum,baseline,1,0.105915,0.561878,0.364165,0.830971,0.690004,0.544457,synthetic_smoke_v0
mintou_p3,runtime_scalability,Weighted Sum,baseline,2,0.112207,0.539073,0.355138,0.832301,0.675635,0.525719,synthetic_smoke_v0
mintou_p3,runtime_scalability,Weighted Sum,baseline,3,0.108029,0.555162,0.350098,0.826129,0.691680,0.533836,synthetic_smoke_v0
mintou_p3,runtime_scalability,Weighted Sum,baseline,4,0.107614,0.559467,0.352348,0.827550,0.702001,0.517511,synthetic_smoke_v0
mintou_p3,runtime_scalability,Weighted Sum,baseline,5,0.108029,0.539284,0.369724,0.832927,0.670191,0.506480,synthetic_smoke_v0
mintou_p3,runtime_scalability,fixed_parameters,ablation,1,0.077153,0.725545,0.265265,0.761585,0.911216,0.905212,synthetic_smoke_v0
mintou_p3,runtime_scalability,fixed_parameters,ablation,2,0.072677,0.711398,0.273727,0.743070,0.896857,1.153124,synthetic_smoke_v0
mintou_p3,runtime_scalability,fixed_parameters,ablation,3,0.078212,0.724346,0.270093,0.762043,0.908712,1.176776,synthetic_smoke_v0
mintou_p3,runtime_scalability,fixed_parameters,ablation,4,0.079130,0.713773,0.275782,0.752448,0.904037,0.925411,synthetic_smoke_v0
mintou_p3,runtime_scalability,fixed_parameters,ablation,5,0.072565,0.712089,0.285224,0.762390,0.897036,1.157127,synthetic_smoke_v0
mintou_p3,runtime_scalability,no_strategy_adaptation,ablation,1,0.075837,0.696281,0.285392,0.760244,0.872958,1.108619,synthetic_smoke_v0
mintou_p3,runtime_scalability,no_strategy_adaptation,ablation,2,0.084909,0.701951,0.288044,0.751472,0.874138,1.149467,synthetic_smoke_v0
mintou_p3,runtime_scalability,no_strategy_adaptation,ablation,3,0.075543,0.699442,0.292174,0.758765,0.874043,1.031855,synthetic_smoke_v0
mintou_p3,runtime_scalability,no_strategy_adaptation,ablation,4,0.076870,0.699695,0.281495,0.773143,0.873303,1.082726,synthetic_smoke_v0
mintou_p3,runtime_scalability,no_strategy_adaptation,ablation,5,0.077096,0.714318,0.276600,0.758775,0.883353,1.151376,synthetic_smoke_v0
mintou_p3,runtime_scalability,no_constraint_repair,ablation,1,0.083348,0.672264,0.296838,0.763175,0.851991,0.876696,synthetic_smoke_v0
mintou_p3,runtime_scalability,no_constraint_repair,ablation,2,0.077731,0.680706,0.299729,0.771405,0.860162,1.106419,synthetic_smoke_v0
mintou_p3,runtime_scalability,no_constraint_repair,ablation,3,0.078092,0.701514,0.294443,0.754371,0.880739,1.215473,synthetic_smoke_v0
mintou_p3,runtime_scalability,no_constraint_repair,ablation,4,0.075042,0.703910,0.278620,0.752833,0.879339,0.915343,synthetic_smoke_v0
mintou_p3,runtime_scalability,no_constraint_repair,ablation,5,0.085943,0.687233,0.286529,0.772093,0.871487,1.056772,synthetic_smoke_v0
mintou_p3,runtime_scalability,no_diversity_preservation,ablation,1,0.081914,0.671956,0.309125,0.784800,0.830767,0.981158,synthetic_smoke_v0
mintou_p3,runtime_scalability,no_diversity_preservation,ablation,2,0.081000,0.693674,0.296718,0.774445,0.855335,1.245579,synthetic_smoke_v0
mintou_p3,runtime_scalability,no_diversity_preservation,ablation,3,0.083437,0.695816,0.284770,0.770287,0.865119,1.217249,synthetic_smoke_v0
mintou_p3,runtime_scalability,no_diversity_preservation,ablation,4,0.084378,0.691232,0.291011,0.764290,0.861538,1.026279,synthetic_smoke_v0
mintou_p3,runtime_scalability,no_diversity_preservation,ablation,5,0.085311,0.678869,0.303435,0.780008,0.847819,1.261295,synthetic_smoke_v0
mintou_p3,runtime_scalability,weighted_sum_only,ablation,1,0.084212,0.664619,0.309446,0.767162,0.832817,1.040998,synthetic_smoke_v0
mintou_p3,runtime_scalability,weighted_sum_only,ablation,2,0.090788,0.648748,0.297214,0.782874,0.823403,1.094948,synthetic_smoke_v0
mintou_p3,runtime_scalability,weighted_sum_only,ablation,3,0.088573,0.655827,0.310091,0.774798,0.822016,1.101457,synthetic_smoke_v0
mintou_p3,runtime_scalability,weighted_sum_only,ablation,4,0.090911,0.670557,0.301376,0.769177,0.836317,1.101793,synthetic_smoke_v0
mintou_p3,runtime_scalability,weighted_sum_only,ablation,5,0.090751,0.661514,0.312748,0.768949,0.823230,1.093490,synthetic_smoke_v0
mintou_p3,runtime_scalability,no_storage_candidates,ablation,1,0.083382,0.656615,0.297734,0.786289,0.828813,0.952262,synthetic_smoke_v0
mintou_p3,runtime_scalability,no_storage_candidates,ablation,2,0.091582,0.656613,0.319476,0.786107,0.811939,0.988054,synthetic_smoke_v0
mintou_p3,runtime_scalability,no_storage_candidates,ablation,3,0.084203,0.659115,0.308944,0.777087,0.817834,1.098054,synthetic_smoke_v0
mintou_p3,runtime_scalability,no_storage_candidates,ablation,4,0.092983,0.669406,0.309608,0.774889,0.825831,1.318264,synthetic_smoke_v0
mintou_p3,runtime_scalability,no_storage_candidates,ablation,5,0.093124,0.638342,0.312294,0.782388,0.799304,1.028197,synthetic_smoke_v0
mintou_p3,runtime_scalability,no_der_candidates,ablation,1,0.085999,0.631592,0.323273,0.787788,0.800211,1.185200,synthetic_smoke_v0
mintou_p3,runtime_scalability,no_der_candidates,ablation,2,0.093883,0.621240,0.335422,0.791691,0.772468,1.160571,synthetic_smoke_v0
mintou_p3,runtime_scalability,no_der_candidates,ablation,3,0.092975,0.618881,0.322675,0.800384,0.784755,1.128833,synthetic_smoke_v0
mintou_p3,runtime_scalability,no_der_candidates,ablation,4,0.096939,0.612849,0.330120,0.793156,0.771166,1.353315,synthetic_smoke_v0
mintou_p3,runtime_scalability,no_der_candidates,ablation,5,0.094310,0.641935,0.320463,0.785275,0.801618,1.368502,synthetic_smoke_v0
mintou_p3,runtime_scalability,low_scenario_count,ablation,1,0.093225,0.626418,0.317754,0.792140,0.787697,1.000746,synthetic_smoke_v0
mintou_p3,runtime_scalability,low_scenario_count,ablation,2,0.101425,0.622081,0.332728,0.800641,0.773884,1.212196,synthetic_smoke_v0
mintou_p3,runtime_scalability,low_scenario_count,ablation,3,0.096776,0.604690,0.333345,0.791396,0.766842,1.012669,synthetic_smoke_v0
mintou_p3,runtime_scalability,low_scenario_count,ablation,4,0.095285,0.597918,0.328824,0.791836,0.757465,1.140275,synthetic_smoke_v0
mintou_p3,runtime_scalability,low_scenario_count,ablation,5,0.102518,0.600643,0.328595,0.793668,0.754969,1.325665,synthetic_smoke_v0
